2026-03-28 06:43:04 [background-preinit] INFO  org.hibernate.validator.internal.util.Version - HV000001: Hibernate Validator 9.0.1.Final
2026-03-28 06:43:04 [restartedMain] INFO  com.dipanshu.BookManagerApi.BookManagerApiApplication - Starting BookManagerApiApplication using Java 25.0.1 with PID 21104 (X:\BookManagerApiv2\target\classes started by Pc in X:\BookManagerApiv2)
2026-03-28 06:43:04 [restartedMain] DEBUG com.dipanshu.BookManagerApi.BookManagerApiApplication - Running with Spring Boot v4.0.3, Spring v7.0.5
2026-03-28 06:43:04 [restartedMain] INFO  com.dipanshu.BookManagerApi.BookManagerApiApplication - No active profile set, falling back to 1 default profile: "default"
2026-03-28 06:43:04 [restartedMain] INFO  org.springframework.boot.devtools.env.DevToolsPropertyDefaultsPostProcessor - Devtools property defaults active! Set 'spring.devtools.add-properties' to 'false' to disable
2026-03-28 06:43:04 [restartedMain] INFO  org.springframework.boot.devtools.env.DevToolsPropertyDefaultsPostProcessor - For additional web related logging consider setting the 'logging.level.web' property to 'DEBUG'
2026-03-28 06:43:05 [restartedMain] INFO  org.springframework.data.repository.config.RepositoryConfigurationDelegate - Bootstrapping Spring Data JPA repositories in DEFAULT mode.
2026-03-28 06:43:05 [restartedMain] INFO  org.springframework.data.repository.config.RepositoryConfigurationDelegate - Finished Spring Data repository scanning in 86 ms. Found 4 JPA repository interfaces.
2026-03-28 06:43:06 [restartedMain] INFO  org.springframework.boot.tomcat.TomcatWebServer - Tomcat initialized with port 8080 (http)
2026-03-28 06:43:06 [restartedMain] INFO  org.apache.coyote.http11.Http11NioProtocol - Initializing ProtocolHandler ["http-nio-8080"]
2026-03-28 06:43:06 [restartedMain] INFO  org.apache.catalina.core.StandardService - Starting service [Tomcat]
2026-03-28 06:43:06 [restartedMain] INFO  org.apache.catalina.core.StandardEngine - Starting Servlet engine: [Apache Tomcat/11.0.18]
2026-03-28 06:43:07 [restartedMain] INFO  org.springframework.boot.web.context.servlet.WebApplicationContextInitializer - Root WebApplicationContext: initialization completed in 2495 ms
2026-03-28 06:43:07 [restartedMain] INFO  org.hibernate.orm.jpa - HHH008540: Processing PersistenceUnitInfo [name: default]
2026-03-28 06:43:07 [restartedMain] INFO  org.hibernate.orm.core - HHH000001: Hibernate ORM core version 7.2.4.Final
2026-03-28 06:43:08 [restartedMain] INFO  org.springframework.orm.jpa.persistenceunit.SpringPersistenceUnitInfo - No LoadTimeWeaver setup: ignoring JPA class transformer
2026-03-28 06:43:08 [restartedMain] INFO  com.zaxxer.hikari.HikariDataSource - HikariPool-1 - Starting...
2026-03-28 06:43:08 [restartedMain] INFO  com.zaxxer.hikari.pool.HikariPool - HikariPool-1 - Added connection com.mysql.cj.jdbc.ConnectionImpl@180017f1
2026-03-28 06:43:08 [restartedMain] INFO  com.zaxxer.hikari.HikariDataSource - HikariPool-1 - Start completed.
2026-03-28 06:43:09 [restartedMain] WARN  org.hibernate.orm.deprecation - HHH90000025: MySQLDialect does not need to be specified explicitly using 'hibernate.dialect' (remove the property setting and it will be selected by default)
2026-03-28 06:43:09 [restartedMain] INFO  org.hibernate.orm.connections.pooling - HHH10001005: Database info:
	Database JDBC URL [jdbc:mysql://localhost:3306/Bookmanager]
	Database driver: MySQL Connector/J
	Database dialect: MySQLDialect
	Database version: 8.0.44
	Default catalog/schema: Bookmanager/undefined
	Autocommit mode: undefined/unknown
	Isolation level: REPEATABLE_READ [default REPEATABLE_READ]
	JDBC fetch size: none
	Pool: DataSourceConnectionProvider
	Minimum pool size: undefined/unknown
	Maximum pool size: undefined/unknown
2026-03-28 06:43:10 [restartedMain] INFO  org.hibernate.orm.core - HHH000489: No JTA platform available (set 'hibernate.transaction.jta.platform' to enable JTA platform integration)
2026-03-28 06:43:10 [restartedMain] INFO  org.springframework.orm.jpa.LocalContainerEntityManagerFactoryBean - Initialized JPA EntityManagerFactory for persistence unit 'default'
2026-03-28 06:43:11 [restartedMain] INFO  org.springframework.data.jpa.repository.query.QueryEnhancerFactories - Hibernate is in classpath; If applicable, HQL parser will be used.
2026-03-28 06:43:11 [restartedMain] DEBUG com.dipanshu.BookManagerApi.security.JwtFilter - Filter 'jwtFilter' configured for use
2026-03-28 06:43:12 [restartedMain] WARN  org.springframework.boot.jpa.autoconfigure.JpaBaseConfiguration$JpaWebConfiguration - spring.jpa.open-in-view is enabled by default. Therefore, database queries may be performed during view rendering. Explicitly configure spring.jpa.open-in-view to disable this warning
2026-03-28 06:43:12 [restartedMain] INFO  org.springframework.security.config.annotation.authentication.configuration.InitializeUserDetailsBeanManagerConfigurer$InitializeUserDetailsManagerConfigurer - Global AuthenticationManager configured with UserDetailsService bean with name customUserDetailsService
2026-03-28 06:43:13 [restartedMain] INFO  org.apache.coyote.http11.Http11NioProtocol - Starting ProtocolHandler ["http-nio-8080"]
2026-03-28 06:43:13 [restartedMain] INFO  org.springframework.boot.tomcat.TomcatWebServer - Tomcat started on port 8080 (http) with context path '/'
2026-03-28 06:43:13 [restartedMain] INFO  com.dipanshu.BookManagerApi.BookManagerApiApplication - Started BookManagerApiApplication in 9.554 seconds (process running for 11.321)
2026-03-28 06:43:13 [restartedMain] INFO  com.dipanshu.BookManagerApi.BookManagerApiApplication - APP STARTED TEST LOG
2026-03-28 06:44:17 [http-nio-8080-exec-1] INFO  org.apache.catalina.core.ContainerBase.[Tomcat].[localhost].[/] - Initializing Spring DispatcherServlet 'dispatcherServlet'
2026-03-28 06:44:17 [http-nio-8080-exec-1] INFO  org.springframework.web.servlet.DispatcherServlet - Initializing Servlet 'dispatcherServlet'
2026-03-28 06:44:17 [http-nio-8080-exec-1] INFO  org.springframework.web.servlet.DispatcherServlet - Completed initialization in 3 ms
2026-03-28 06:44:18 [http-nio-8080-exec-3] INFO  com.dipanshu.BookManagerApi.security.JwtFilter - Authenticated user: dipanshubatraa
2026-03-28 06:44:18 [http-nio-8080-exec-3] INFO  com.dipanshu.BookManagerApi.service.BookmarkServiceImpl - START findAllBookmarksPaginated | page=0 | size=10 | sortBy=id | direction=asc
2026-03-28 06:44:18 [http-nio-8080-exec-3] INFO  com.dipanshu.BookManagerApi.service.BookmarkServiceImpl - SUCCESS findAllBookmarksPaginated | totalElements=11 | timeTaken=118ms
2026-03-28 06:44:18 [http-nio-8080-exec-3] WARN  org.springframework.data.web.config.SpringDataJackson3Configuration$PageModule$WarningLoggingModifier - Serializing PageImpl instances as-is is not supported, meaning that there is no guarantee about the stability of the resulting JSON structure!
	For a stable JSON structure, please use Spring Data's PagedModel (globally via @EnableSpringDataWebSupport(pageSerializationMode = VIA_DTO))
	or Spring HATEOAS and Spring Data's PagedResourcesAssembler as documented in https://docs.spring.io/spring-data/commons/reference/repositories/core-extensions.html#core.web.pageables.

2026-03-28 06:44:18 [http-nio-8080-exec-4] INFO  com.dipanshu.BookManagerApi.security.JwtFilter - Authenticated user: dipanshubatraa
2026-03-28 06:44:18 [http-nio-8080-exec-4] INFO  com.dipanshu.BookManagerApi.service.BookmarkServiceImpl - START findAllBookmarksPaginated | page=0 | size=10 | sortBy=id | direction=asc
2026-03-28 06:44:18 [http-nio-8080-exec-4] INFO  com.dipanshu.BookManagerApi.service.BookmarkServiceImpl - SUCCESS findAllBookmarksPaginated | totalElements=11 | timeTaken=45ms
2026-03-28 06:50:53 [http-nio-8080-exec-5] INFO  com.dipanshu.BookManagerApi.security.JwtFilter - Authenticated user: dipanshubatraa
2026-03-28 06:50:53 [http-nio-8080-exec-5] INFO  com.dipanshu.BookManagerApi.service.BookmarkServiceImpl - START findAllBookmarksPaginated | page=0 | size=10 | sortBy=id | direction=asc
2026-03-28 06:50:53 [http-nio-8080-exec-5] INFO  com.dipanshu.BookManagerApi.service.BookmarkServiceImpl - SUCCESS findAllBookmarksPaginated | totalElements=11 | timeTaken=47ms
2026-03-28 06:50:53 [http-nio-8080-exec-6] INFO  com.dipanshu.BookManagerApi.security.JwtFilter - Authenticated user: dipanshubatraa
2026-03-28 06:50:53 [http-nio-8080-exec-6] INFO  com.dipanshu.BookManagerApi.service.BookmarkServiceImpl - START findAllBookmarksPaginated | page=0 | size=10 | sortBy=id | direction=asc
2026-03-28 06:50:53 [http-nio-8080-exec-6] INFO  com.dipanshu.BookManagerApi.service.BookmarkServiceImpl - SUCCESS findAllBookmarksPaginated | totalElements=11 | timeTaken=39ms
2026-03-28 06:54:06 [http-nio-8080-exec-9] INFO  com.dipanshu.BookManagerApi.security.JwtFilter - Authenticated user: dipanshubatraa
2026-03-28 06:54:06 [http-nio-8080-exec-9] INFO  com.dipanshu.BookManagerApi.service.BookmarkServiceImpl - START findAllBookmarksPaginated | page=0 | size=10 | sortBy=id | direction=asc
2026-03-28 06:54:06 [http-nio-8080-exec-9] INFO  com.dipanshu.BookManagerApi.service.BookmarkServiceImpl - SUCCESS findAllBookmarksPaginated | totalElements=11 | timeTaken=47ms
2026-03-28 06:54:06 [http-nio-8080-exec-10] INFO  com.dipanshu.BookManagerApi.security.JwtFilter - Authenticated user: dipanshubatraa
2026-03-28 06:54:06 [http-nio-8080-exec-10] INFO  com.dipanshu.BookManagerApi.service.BookmarkServiceImpl - START findAllBookmarksPaginated | page=0 | size=10 | sortBy=id | direction=asc
2026-03-28 06:54:06 [http-nio-8080-exec-10] INFO  com.dipanshu.BookManagerApi.service.BookmarkServiceImpl - SUCCESS findAllBookmarksPaginated | totalElements=11 | timeTaken=39ms
2026-03-28 07:13:56 [http-nio-8080-exec-2] WARN  com.dipanshu.BookManagerApi.exception.GlobalExceptionHandler - Resource not found: User not found
2026-03-28 07:13:56 [http-nio-8080-exec-2] WARN  org.springframework.web.servlet.mvc.method.annotation.ExceptionHandlerExceptionResolver - Resolved [com.dipanshu.BookManagerApi.exception.ResourceNotFoundException: User not found]
2026-03-28 07:14:06 [http-nio-8080-exec-3] WARN  com.dipanshu.BookManagerApi.exception.GlobalExceptionHandler - Resource not found: Invalid password
2026-03-28 07:14:06 [http-nio-8080-exec-3] WARN  org.springframework.web.servlet.mvc.method.annotation.ExceptionHandlerExceptionResolver - Resolved [com.dipanshu.BookManagerApi.exception.ResourceNotFoundException: Invalid password]
2026-03-28 07:14:11 [http-nio-8080-exec-4] WARN  com.dipanshu.BookManagerApi.exception.GlobalExceptionHandler - Resource not found: Invalid password
2026-03-28 07:14:11 [http-nio-8080-exec-4] WARN  org.springframework.web.servlet.mvc.method.annotation.ExceptionHandlerExceptionResolver - Resolved [com.dipanshu.BookManagerApi.exception.ResourceNotFoundException: Invalid password]
2026-03-28 07:17:23 [http-nio-8080-exec-7] INFO  com.dipanshu.BookManagerApi.security.JwtFilter - Authenticated user: dipanshu batra
2026-03-28 07:17:23 [http-nio-8080-exec-7] INFO  com.dipanshu.BookManagerApi.service.BookmarkServiceImpl - START findAllBookmarksPaginated | page=0 | size=10 | sortBy=id | direction=asc
2026-03-28 07:17:24 [http-nio-8080-exec-7] INFO  com.dipanshu.BookManagerApi.service.BookmarkServiceImpl - SUCCESS findAllBookmarksPaginated | totalElements=11 | timeTaken=55ms
2026-03-28 07:17:24 [http-nio-8080-exec-8] INFO  com.dipanshu.BookManagerApi.security.JwtFilter - Authenticated user: dipanshu batra
2026-03-28 07:17:24 [http-nio-8080-exec-8] INFO  com.dipanshu.BookManagerApi.service.BookmarkServiceImpl - START findAllBookmarksPaginated | page=0 | size=10 | sortBy=id | direction=asc
2026-03-28 07:17:24 [http-nio-8080-exec-8] INFO  com.dipanshu.BookManagerApi.service.BookmarkServiceImpl - SUCCESS findAllBookmarksPaginated | totalElements=11 | timeTaken=35ms
2026-03-28 07:17:28 [http-nio-8080-exec-9] INFO  com.dipanshu.BookManagerApi.security.JwtFilter - Authenticated user: dipanshu batra
2026-03-28 07:17:28 [http-nio-8080-exec-9] INFO  com.dipanshu.BookManagerApi.service.BookmarkServiceImpl - START toggleFavorite | id=3
2026-03-28 07:17:28 [http-nio-8080-exec-9] INFO  com.dipanshu.BookManagerApi.service.BookmarkServiceImpl - SUCCESS toggleFavorite | id=3 | newValue=false | timeTaken=31ms
2026-03-28 07:17:28 [http-nio-8080-exec-10] INFO  com.dipanshu.BookManagerApi.security.JwtFilter - Authenticated user: dipanshu batra
2026-03-28 07:17:28 [http-nio-8080-exec-10] INFO  com.dipanshu.BookManagerApi.service.BookmarkServiceImpl - START findAllBookmarksPaginated | page=0 | size=10 | sortBy=id | direction=asc
2026-03-28 07:17:28 [http-nio-8080-exec-10] INFO  com.dipanshu.BookManagerApi.service.BookmarkServiceImpl - SUCCESS findAllBookmarksPaginated | totalElements=11 | timeTaken=33ms
2026-03-28 07:17:29 [http-nio-8080-exec-1] INFO  com.dipanshu.BookManagerApi.security.JwtFilter - Authenticated user: dipanshu batra
2026-03-28 07:17:29 [http-nio-8080-exec-1] INFO  com.dipanshu.BookManagerApi.service.BookmarkServiceImpl - START toggleFavorite | id=3
2026-03-28 07:17:29 [http-nio-8080-exec-1] INFO  com.dipanshu.BookManagerApi.service.BookmarkServiceImpl - SUCCESS toggleFavorite | id=3 | newValue=true | timeTaken=3ms
2026-03-28 07:17:29 [http-nio-8080-exec-2] INFO  com.dipanshu.BookManagerApi.security.JwtFilter - Authenticated user: dipanshu batra
2026-03-28 07:17:29 [http-nio-8080-exec-2] INFO  com.dipanshu.BookManagerApi.service.BookmarkServiceImpl - START findAllBookmarksPaginated | page=0 | size=10 | sortBy=id | direction=asc
2026-03-28 07:17:29 [http-nio-8080-exec-2] INFO  com.dipanshu.BookManagerApi.service.BookmarkServiceImpl - SUCCESS findAllBookmarksPaginated | totalElements=11 | timeTaken=31ms
2026-03-28 07:17:35 [http-nio-8080-exec-3] INFO  com.dipanshu.BookManagerApi.security.JwtFilter - Authenticated user: dipanshu batra
2026-03-28 07:17:35 [http-nio-8080-exec-3] INFO  com.dipanshu.BookManagerApi.service.BookmarkServiceImpl - START findAllBookmarksPaginated | page=1 | size=10 | sortBy=id | direction=asc
2026-03-28 07:17:35 [http-nio-8080-exec-3] INFO  com.dipanshu.BookManagerApi.service.BookmarkServiceImpl - SUCCESS findAllBookmarksPaginated | totalElements=11 | timeTaken=9ms
2026-03-28 07:17:54 [http-nio-8080-exec-4] INFO  com.dipanshu.BookManagerApi.security.JwtFilter - Authenticated user: dipanshu batra
2026-03-28 07:17:54 [http-nio-8080-exec-4] INFO  com.dipanshu.BookManagerApi.service.BookmarkServiceImpl - Fetching bookmark | id=12
2026-03-28 07:17:57 [http-nio-8080-exec-5] INFO  com.dipanshu.BookManagerApi.security.JwtFilter - Authenticated user: dipanshu batra
2026-03-28 07:17:57 [http-nio-8080-exec-5] INFO  com.dipanshu.BookManagerApi.service.BookmarkServiceImpl - Fetching bookmark | id=12
2026-03-28 07:18:00 [http-nio-8080-exec-6] INFO  com.dipanshu.BookManagerApi.security.JwtFilter - Authenticated user: dipanshu batra
2026-03-28 07:18:00 [http-nio-8080-exec-6] INFO  com.dipanshu.BookManagerApi.service.BookmarkServiceImpl - START recordVisit | id=12
2026-03-28 07:18:00 [http-nio-8080-exec-6] INFO  com.dipanshu.BookManagerApi.service.BookmarkServiceImpl - SUCCESS recordVisit | id=12 | visits=1 | timeTaken=4ms
2026-03-28 07:18:02 [http-nio-8080-exec-7] INFO  com.dipanshu.BookManagerApi.security.JwtFilter - Authenticated user: dipanshu batra
2026-03-28 07:18:02 [http-nio-8080-exec-7] INFO  com.dipanshu.BookManagerApi.service.BookmarkServiceImpl - START findAllBookmarksPaginated | page=0 | size=10 | sortBy=id | direction=asc
2026-03-28 07:18:02 [http-nio-8080-exec-7] INFO  com.dipanshu.BookManagerApi.service.BookmarkServiceImpl - SUCCESS findAllBookmarksPaginated | totalElements=11 | timeTaken=31ms
2026-03-28 07:18:02 [http-nio-8080-exec-8] INFO  com.dipanshu.BookManagerApi.security.JwtFilter - Authenticated user: dipanshu batra
2026-03-28 07:18:02 [http-nio-8080-exec-8] INFO  com.dipanshu.BookManagerApi.service.BookmarkServiceImpl - START findAllBookmarksPaginated | page=0 | size=10 | sortBy=id | direction=asc
2026-03-28 07:18:02 [http-nio-8080-exec-8] INFO  com.dipanshu.BookManagerApi.service.BookmarkServiceImpl - SUCCESS findAllBookmarksPaginated | totalElements=11 | timeTaken=40ms
2026-03-28 07:18:06 [http-nio-8080-exec-9] INFO  com.dipanshu.BookManagerApi.security.JwtFilter - Authenticated user: dipanshu batra
2026-03-28 07:18:06 [http-nio-8080-exec-9] INFO  com.dipanshu.BookManagerApi.service.BookmarkServiceImpl - START findAllBookmarksPaginated | page=1 | size=10 | sortBy=id | direction=asc
2026-03-28 07:18:06 [http-nio-8080-exec-9] INFO  com.dipanshu.BookManagerApi.service.BookmarkServiceImpl - SUCCESS findAllBookmarksPaginated | totalElements=11 | timeTaken=11ms
2026-03-28 07:18:14 [http-nio-8080-exec-10] INFO  com.dipanshu.BookManagerApi.security.JwtFilter - Authenticated user: dipanshu batra
2026-03-28 07:18:14 [http-nio-8080-exec-10] INFO  com.dipanshu.BookManagerApi.service.BookmarkServiceImpl - START findAllBookmarksPaginated | page=0 | size=5 | sortBy=id | direction=asc
2026-03-28 07:18:14 [http-nio-8080-exec-10] INFO  com.dipanshu.BookManagerApi.service.BookmarkServiceImpl - SUCCESS findAllBookmarksPaginated | totalElements=11 | timeTaken=25ms
2026-03-28 07:21:26 [http-nio-8080-exec-1] ERROR com.dipanshu.BookManagerApi.exception.GlobalExceptionHandler - Unhandled exception occurred
java.lang.RuntimeException: Username already taken
	at com.dipanshu.BookManagerApi.service.AuthService.register(AuthService.java:110)
	at java.base/jdk.internal.reflect.DirectMethodHandleAccessor.invoke(DirectMethodHandleAccessor.java:104)
	at java.base/java.lang.reflect.Method.invoke(Method.java:565)
	at org.springframework.aop.support.AopUtils.invokeJoinpointUsingReflection(AopUtils.java:359)
	at org.springframework.aop.framework.ReflectiveMethodInvocation.invokeJoinpoint(ReflectiveMethodInvocation.java:190)
	at org.springframework.aop.framework.ReflectiveMethodInvocation.proceed(ReflectiveMethodInvocation.java:158)
	at org.springframework.transaction.interceptor.TransactionInterceptor$1.proceedWithInvocation(TransactionInterceptor.java:133)
	at org.springframework.transaction.interceptor.TransactionAspectSupport.invokeWithinTransaction(TransactionAspectSupport.java:371)
	at org.springframework.transaction.interceptor.TransactionInterceptor.invoke(TransactionInterceptor.java:130)
	at org.springframework.aop.framework.ReflectiveMethodInvocation.proceed(ReflectiveMethodInvocation.java:179)
	at org.springframework.aop.framework.CglibAopProxy$DynamicAdvisedInterceptor.intercept(CglibAopProxy.java:719)
	at com.dipanshu.BookManagerApi.service.AuthService$$SpringCGLIB$$0.register(<generated>)
	at com.dipanshu.BookManagerApi.controller.AuthController.register(AuthController.java:46)
	at java.base/jdk.internal.reflect.DirectMethodHandleAccessor.invoke(DirectMethodHandleAccessor.java:104)
	at java.base/java.lang.reflect.Method.invoke(Method.java:565)
	at org.springframework.web.method.support.InvocableHandlerMethod.doInvoke(InvocableHandlerMethod.java:252)
	at org.springframework.web.method.support.InvocableHandlerMethod.invokeForRequest(InvocableHandlerMethod.java:184)
	at org.springframework.web.servlet.mvc.method.annotation.ServletInvocableHandlerMethod.invokeAndHandle(ServletInvocableHandlerMethod.java:117)
	at org.springframework.web.servlet.mvc.method.annotation.RequestMappingHandlerAdapter.invokeHandlerMethod(RequestMappingHandlerAdapter.java:934)
	at org.springframework.web.servlet.mvc.method.annotation.RequestMappingHandlerAdapter.handleInternal(RequestMappingHandlerAdapter.java:853)
	at org.springframework.web.servlet.mvc.method.AbstractHandlerMethodAdapter.handle(AbstractHandlerMethodAdapter.java:86)
	at org.springframework.web.servlet.DispatcherServlet.doDispatch(DispatcherServlet.java:963)
	at org.springframework.web.servlet.DispatcherServlet.doService(DispatcherServlet.java:866)
	at org.springframework.web.servlet.FrameworkServlet.processRequest(FrameworkServlet.java:1000)
	at org.springframework.web.servlet.FrameworkServlet.doPost(FrameworkServlet.java:903)
	at jakarta.servlet.http.HttpServlet.service(HttpServlet.java:649)
	at org.springframework.web.servlet.FrameworkServlet.service(FrameworkServlet.java:874)
	at jakarta.servlet.http.HttpServlet.service(HttpServlet.java:710)
	at org.apache.catalina.core.ApplicationFilterChain.doFilter(ApplicationFilterChain.java:128)
	at org.apache.tomcat.websocket.server.WsFilter.doFilter(WsFilter.java:53)
	at org.apache.catalina.core.ApplicationFilterChain.doFilter(ApplicationFilterChain.java:107)
	at org.springframework.web.filter.OncePerRequestFilter.doFilter(OncePerRequestFilter.java:110)
	at org.apache.catalina.core.ApplicationFilterChain.doFilter(ApplicationFilterChain.java:107)
	at org.springframework.web.filter.CompositeFilter$VirtualFilterChain.doFilter(CompositeFilter.java:108)
	at org.springframework.security.web.FilterChainProxy.lambda$doFilterInternal$3(FilterChainProxy.java:235)
	at org.springframework.security.web.FilterChainProxy$VirtualFilterChain.doFilter(FilterChainProxy.java:371)
	at org.springframework.security.web.access.intercept.AuthorizationFilter.doFilter(AuthorizationFilter.java:101)
	at org.springframework.security.web.FilterChainProxy$VirtualFilterChain.doFilter(FilterChainProxy.java:380)
	at org.springframework.security.web.access.ExceptionTranslationFilter.doFilter(ExceptionTranslationFilter.java:126)
	at org.springframework.security.web.access.ExceptionTranslationFilter.doFilter(ExceptionTranslationFilter.java:120)
	at org.springframework.security.web.FilterChainProxy$VirtualFilterChain.doFilter(FilterChainProxy.java:380)
	at org.springframework.security.web.authentication.AnonymousAuthenticationFilter.doFilter(AnonymousAuthenticationFilter.java:100)
	at org.springframework.security.web.FilterChainProxy$VirtualFilterChain.doFilter(FilterChainProxy.java:380)
	at org.springframework.security.web.servletapi.SecurityContextHolderAwareRequestFilter.doFilter(SecurityContextHolderAwareRequestFilter.java:181)
	at org.springframework.security.web.FilterChainProxy$VirtualFilterChain.doFilter(FilterChainProxy.java:380)
	at org.springframework.security.web.savedrequest.RequestCacheAwareFilter.doFilter(RequestCacheAwareFilter.java:63)
	at org.springframework.security.web.FilterChainProxy$VirtualFilterChain.doFilter(FilterChainProxy.java:380)
	at com.dipanshu.BookManagerApi.security.JwtFilter.doFilterInternal(JwtFilter.java:42)
	at org.springframework.web.filter.OncePerRequestFilter.doFilter(OncePerRequestFilter.java:116)
	at org.springframework.security.web.FilterChainProxy$VirtualFilterChain.doFilter(FilterChainProxy.java:380)
	at org.springframework.security.web.authentication.logout.LogoutFilter.doFilter(LogoutFilter.java:110)
	at org.springframework.security.web.authentication.logout.LogoutFilter.doFilter(LogoutFilter.java:96)
	at org.springframework.security.web.FilterChainProxy$VirtualFilterChain.doFilter(FilterChainProxy.java:380)
	at org.springframework.security.web.header.HeaderWriterFilter.doHeadersAfter(HeaderWriterFilter.java:90)
	at org.springframework.security.web.header.HeaderWriterFilter.doFilterInternal(HeaderWriterFilter.java:75)
	at org.springframework.web.filter.OncePerRequestFilter.doFilter(OncePerRequestFilter.java:116)
	at org.springframework.security.web.FilterChainProxy$VirtualFilterChain.doFilter(FilterChainProxy.java:380)
	at org.springframework.security.web.context.SecurityContextHolderFilter.doFilter(SecurityContextHolderFilter.java:82)
	at org.springframework.security.web.context.SecurityContextHolderFilter.doFilter(SecurityContextHolderFilter.java:69)
	at org.springframework.security.web.FilterChainProxy$VirtualFilterChain.doFilter(FilterChainProxy.java:380)
	at org.springframework.security.web.context.request.async.WebAsyncManagerIntegrationFilter.doFilterInternal(WebAsyncManagerIntegrationFilter.java:62)
	at org.springframework.web.filter.OncePerRequestFilter.doFilter(OncePerRequestFilter.java:116)
	at org.springframework.security.web.FilterChainProxy$VirtualFilterChain.doFilter(FilterChainProxy.java:380)
	at org.springframework.security.web.session.DisableEncodeUrlFilter.doFilterInternal(DisableEncodeUrlFilter.java:42)
	at org.springframework.web.filter.OncePerRequestFilter.doFilter(OncePerRequestFilter.java:116)
	at org.springframework.security.web.FilterChainProxy$VirtualFilterChain.doFilter(FilterChainProxy.java:380)
	at org.springframework.security.web.FilterChainProxy.doFilterInternal(FilterChainProxy.java:237)
	at org.springframework.security.web.FilterChainProxy.doFilter(FilterChainProxy.java:195)
	at org.springframework.web.filter.CompositeFilter$VirtualFilterChain.doFilter(CompositeFilter.java:113)
	at org.springframework.web.filter.ServletRequestPathFilter.doFilter(ServletRequestPathFilter.java:52)
	at org.springframework.web.filter.CompositeFilter$VirtualFilterChain.doFilter(CompositeFilter.java:113)
	at org.springframework.web.filter.CompositeFilter.doFilter(CompositeFilter.java:74)
	at org.springframework.security.config.annotation.web.configuration.WebSecurityConfiguration$CompositeFilterChainProxy.doFilter(WebSecurityConfiguration.java:317)
	at org.springframework.web.filter.DelegatingFilterProxy.invokeDelegate(DelegatingFilterProxy.java:355)
	at org.springframework.web.filter.DelegatingFilterProxy.doFilter(DelegatingFilterProxy.java:272)
	at org.apache.catalina.core.ApplicationFilterChain.doFilter(ApplicationFilterChain.java:107)
	at org.springframework.web.filter.RequestContextFilter.doFilterInternal(RequestContextFilter.java:100)
	at org.springframework.web.filter.OncePerRequestFilter.doFilter(OncePerRequestFilter.java:116)
	at org.apache.catalina.core.ApplicationFilterChain.doFilter(ApplicationFilterChain.java:107)
	at org.springframework.web.filter.FormContentFilter.doFilterInternal(FormContentFilter.java:93)
	at org.springframework.web.filter.OncePerRequestFilter.doFilter(OncePerRequestFilter.java:116)
	at org.apache.catalina.core.ApplicationFilterChain.doFilter(ApplicationFilterChain.java:107)
	at org.springframework.web.filter.CharacterEncodingFilter.doFilterInternal(CharacterEncodingFilter.java:199)
	at org.springframework.web.filter.OncePerRequestFilter.doFilter(OncePerRequestFilter.java:116)
	at org.apache.catalina.core.ApplicationFilterChain.doFilter(ApplicationFilterChain.java:107)
	at org.apache.catalina.core.StandardWrapperValve.invoke(StandardWrapperValve.java:165)
	at org.apache.catalina.core.StandardContextValve.invoke(StandardContextValve.java:77)
	at org.apache.catalina.authenticator.AuthenticatorBase.invoke(AuthenticatorBase.java:492)
	at org.apache.catalina.core.StandardHostValve.invoke(StandardHostValve.java:113)
	at org.apache.catalina.valves.ErrorReportValve.invoke(ErrorReportValve.java:83)
	at org.apache.catalina.core.StandardEngineValve.invoke(StandardEngineValve.java:72)
	at org.apache.catalina.connector.CoyoteAdapter.service(CoyoteAdapter.java:341)
	at org.apache.coyote.http11.Http11Processor.service(Http11Processor.java:397)
	at org.apache.coyote.AbstractProcessorLight.process(AbstractProcessorLight.java:63)
	at org.apache.coyote.AbstractProtocol$ConnectionHandler.process(AbstractProtocol.java:903)
	at org.apache.tomcat.util.net.NioEndpoint$SocketProcessor.doRun(NioEndpoint.java:1779)
	at org.apache.tomcat.util.net.SocketProcessorBase.run(SocketProcessorBase.java:52)
	at org.apache.tomcat.util.threads.ThreadPoolExecutor.runWorker(ThreadPoolExecutor.java:946)
	at org.apache.tomcat.util.threads.ThreadPoolExecutor$Worker.run(ThreadPoolExecutor.java:480)
	at org.apache.tomcat.util.threads.TaskThread$WrappingRunnable.run(TaskThread.java:57)
	at java.base/java.lang.Thread.run(Thread.java:1474)
2026-03-28 07:21:26 [http-nio-8080-exec-1] WARN  org.springframework.web.servlet.mvc.method.annotation.ExceptionHandlerExceptionResolver - Resolved [java.lang.RuntimeException: Username already taken]
2026-03-28 07:22:02 [http-nio-8080-exec-4] INFO  com.dipanshu.BookManagerApi.security.JwtFilter - Authenticated user: dipanshu saroach
2026-03-28 07:22:02 [http-nio-8080-exec-4] INFO  com.dipanshu.BookManagerApi.service.BookmarkServiceImpl - START findAllBookmarksPaginated | page=0 | size=10 | sortBy=id | direction=asc
2026-03-28 07:22:02 [http-nio-8080-exec-4] INFO  com.dipanshu.BookManagerApi.service.BookmarkServiceImpl - SUCCESS findAllBookmarksPaginated | totalElements=11 | timeTaken=41ms
2026-03-28 07:22:02 [http-nio-8080-exec-5] INFO  com.dipanshu.BookManagerApi.security.JwtFilter - Authenticated user: dipanshu saroach
2026-03-28 07:22:02 [http-nio-8080-exec-5] INFO  com.dipanshu.BookManagerApi.service.BookmarkServiceImpl - START findAllBookmarksPaginated | page=0 | size=10 | sortBy=id | direction=asc
2026-03-28 07:22:02 [http-nio-8080-exec-5] INFO  com.dipanshu.BookManagerApi.service.BookmarkServiceImpl - SUCCESS findAllBookmarksPaginated | totalElements=11 | timeTaken=39ms
2026-03-28 07:22:10 [http-nio-8080-exec-6] INFO  com.dipanshu.BookManagerApi.security.JwtFilter - Authenticated user: dipanshu saroach
2026-03-28 07:22:10 [http-nio-8080-exec-6] INFO  com.dipanshu.BookManagerApi.service.BookmarkServiceImpl - START findAllBookmarksPaginated | page=0 | size=10 | sortBy=id | direction=asc
2026-03-28 07:22:10 [http-nio-8080-exec-6] INFO  com.dipanshu.BookManagerApi.service.BookmarkServiceImpl - SUCCESS findAllBookmarksPaginated | totalElements=11 | timeTaken=38ms
2026-03-28 07:22:10 [http-nio-8080-exec-7] INFO  com.dipanshu.BookManagerApi.security.JwtFilter - Authenticated user: dipanshu saroach
2026-03-28 07:22:10 [http-nio-8080-exec-7] INFO  com.dipanshu.BookManagerApi.service.BookmarkServiceImpl - START findAllBookmarksPaginated | page=0 | size=10 | sortBy=id | direction=asc
2026-03-28 07:22:10 [http-nio-8080-exec-7] INFO  com.dipanshu.BookManagerApi.service.BookmarkServiceImpl - SUCCESS findAllBookmarksPaginated | totalElements=11 | timeTaken=36ms
2026-03-28 07:22:11 [http-nio-8080-exec-8] INFO  com.dipanshu.BookManagerApi.security.JwtFilter - Authenticated user: dipanshu saroach
2026-03-28 07:22:11 [http-nio-8080-exec-8] INFO  com.dipanshu.BookManagerApi.service.BookmarkServiceImpl - START findAllBookmarksPaginated | page=0 | size=10 | sortBy=id | direction=asc
2026-03-28 07:22:12 [http-nio-8080-exec-8] INFO  com.dipanshu.BookManagerApi.service.BookmarkServiceImpl - SUCCESS findAllBookmarksPaginated | totalElements=11 | timeTaken=31ms
2026-03-28 07:22:12 [http-nio-8080-exec-9] INFO  com.dipanshu.BookManagerApi.security.JwtFilter - Authenticated user: dipanshu saroach
2026-03-28 07:22:12 [http-nio-8080-exec-9] INFO  com.dipanshu.BookManagerApi.service.BookmarkServiceImpl - START findAllBookmarksPaginated | page=0 | size=10 | sortBy=id | direction=asc
2026-03-28 07:22:12 [http-nio-8080-exec-9] INFO  com.dipanshu.BookManagerApi.service.BookmarkServiceImpl - SUCCESS findAllBookmarksPaginated | totalElements=11 | timeTaken=25ms
2026-03-28 07:22:26 [http-nio-8080-exec-10] ERROR com.dipanshu.BookManagerApi.exception.GlobalExceptionHandler - Unhandled exception occurred
java.lang.RuntimeException: Username already taken
	at com.dipanshu.BookManagerApi.service.AuthService.register(AuthService.java:110)
	at java.base/jdk.internal.reflect.DirectMethodHandleAccessor.invoke(DirectMethodHandleAccessor.java:104)
	at java.base/java.lang.reflect.Method.invoke(Method.java:565)
	at org.springframework.aop.support.AopUtils.invokeJoinpointUsingReflection(AopUtils.java:359)
	at org.springframework.aop.framework.ReflectiveMethodInvocation.invokeJoinpoint(ReflectiveMethodInvocation.java:190)
	at org.springframework.aop.framework.ReflectiveMethodInvocation.proceed(ReflectiveMethodInvocation.java:158)
	at org.springframework.transaction.interceptor.TransactionInterceptor$1.proceedWithInvocation(TransactionInterceptor.java:133)
	at org.springframework.transaction.interceptor.TransactionAspectSupport.invokeWithinTransaction(TransactionAspectSupport.java:371)
	at org.springframework.transaction.interceptor.TransactionInterceptor.invoke(TransactionInterceptor.java:130)
	at org.springframework.aop.framework.ReflectiveMethodInvocation.proceed(ReflectiveMethodInvocation.java:179)
	at org.springframework.aop.framework.CglibAopProxy$DynamicAdvisedInterceptor.intercept(CglibAopProxy.java:719)
	at com.dipanshu.BookManagerApi.service.AuthService$$SpringCGLIB$$0.register(<generated>)
	at com.dipanshu.BookManagerApi.controller.AuthController.register(AuthController.java:46)
	at java.base/jdk.internal.reflect.DirectMethodHandleAccessor.invoke(DirectMethodHandleAccessor.java:104)
	at java.base/java.lang.reflect.Method.invoke(Method.java:565)
	at org.springframework.web.method.support.InvocableHandlerMethod.doInvoke(InvocableHandlerMethod.java:252)
	at org.springframework.web.method.support.InvocableHandlerMethod.invokeForRequest(InvocableHandlerMethod.java:184)
	at org.springframework.web.servlet.mvc.method.annotation.ServletInvocableHandlerMethod.invokeAndHandle(ServletInvocableHandlerMethod.java:117)
	at org.springframework.web.servlet.mvc.method.annotation.RequestMappingHandlerAdapter.invokeHandlerMethod(RequestMappingHandlerAdapter.java:934)
	at org.springframework.web.servlet.mvc.method.annotation.RequestMappingHandlerAdapter.handleInternal(RequestMappingHandlerAdapter.java:853)
	at org.springframework.web.servlet.mvc.method.AbstractHandlerMethodAdapter.handle(AbstractHandlerMethodAdapter.java:86)
	at org.springframework.web.servlet.DispatcherServlet.doDispatch(DispatcherServlet.java:963)
	at org.springframework.web.servlet.DispatcherServlet.doService(DispatcherServlet.java:866)
	at org.springframework.web.servlet.FrameworkServlet.processRequest(FrameworkServlet.java:1000)
	at org.springframework.web.servlet.FrameworkServlet.doPost(FrameworkServlet.java:903)
	at jakarta.servlet.http.HttpServlet.service(HttpServlet.java:649)
	at org.springframework.web.servlet.FrameworkServlet.service(FrameworkServlet.java:874)
	at jakarta.servlet.http.HttpServlet.service(HttpServlet.java:710)
	at org.apache.catalina.core.ApplicationFilterChain.doFilter(ApplicationFilterChain.java:128)
	at org.apache.tomcat.websocket.server.WsFilter.doFilter(WsFilter.java:53)
	at org.apache.catalina.core.ApplicationFilterChain.doFilter(ApplicationFilterChain.java:107)
	at org.springframework.web.filter.OncePerRequestFilter.doFilter(OncePerRequestFilter.java:110)
	at org.apache.catalina.core.ApplicationFilterChain.doFilter(ApplicationFilterChain.java:107)
	at org.springframework.web.filter.CompositeFilter$VirtualFilterChain.doFilter(CompositeFilter.java:108)
	at org.springframework.security.web.FilterChainProxy.lambda$doFilterInternal$3(FilterChainProxy.java:235)
	at org.springframework.security.web.FilterChainProxy$VirtualFilterChain.doFilter(FilterChainProxy.java:371)
	at org.springframework.security.web.access.intercept.AuthorizationFilter.doFilter(AuthorizationFilter.java:101)
	at org.springframework.security.web.FilterChainProxy$VirtualFilterChain.doFilter(FilterChainProxy.java:380)
	at org.springframework.security.web.access.ExceptionTranslationFilter.doFilter(ExceptionTranslationFilter.java:126)
	at org.springframework.security.web.access.ExceptionTranslationFilter.doFilter(ExceptionTranslationFilter.java:120)
	at org.springframework.security.web.FilterChainProxy$VirtualFilterChain.doFilter(FilterChainProxy.java:380)
	at org.springframework.security.web.authentication.AnonymousAuthenticationFilter.doFilter(AnonymousAuthenticationFilter.java:100)
	at org.springframework.security.web.FilterChainProxy$VirtualFilterChain.doFilter(FilterChainProxy.java:380)
	at org.springframework.security.web.servletapi.SecurityContextHolderAwareRequestFilter.doFilter(SecurityContextHolderAwareRequestFilter.java:181)
	at org.springframework.security.web.FilterChainProxy$VirtualFilterChain.doFilter(FilterChainProxy.java:380)
	at org.springframework.security.web.savedrequest.RequestCacheAwareFilter.doFilter(RequestCacheAwareFilter.java:63)
	at org.springframework.security.web.FilterChainProxy$VirtualFilterChain.doFilter(FilterChainProxy.java:380)
	at com.dipanshu.BookManagerApi.security.JwtFilter.doFilterInternal(JwtFilter.java:42)
	at org.springframework.web.filter.OncePerRequestFilter.doFilter(OncePerRequestFilter.java:116)
	at org.springframework.security.web.FilterChainProxy$VirtualFilterChain.doFilter(FilterChainProxy.java:380)
	at org.springframework.security.web.authentication.logout.LogoutFilter.doFilter(LogoutFilter.java:110)
	at org.springframework.security.web.authentication.logout.LogoutFilter.doFilter(LogoutFilter.java:96)
	at org.springframework.security.web.FilterChainProxy$VirtualFilterChain.doFilter(FilterChainProxy.java:380)
	at org.springframework.security.web.header.HeaderWriterFilter.doHeadersAfter(HeaderWriterFilter.java:90)
	at org.springframework.security.web.header.HeaderWriterFilter.doFilterInternal(HeaderWriterFilter.java:75)
	at org.springframework.web.filter.OncePerRequestFilter.doFilter(OncePerRequestFilter.java:116)
	at org.springframework.security.web.FilterChainProxy$VirtualFilterChain.doFilter(FilterChainProxy.java:380)
	at org.springframework.security.web.context.SecurityContextHolderFilter.doFilter(SecurityContextHolderFilter.java:82)
	at org.springframework.security.web.context.SecurityContextHolderFilter.doFilter(SecurityContextHolderFilter.java:69)
	at org.springframework.security.web.FilterChainProxy$VirtualFilterChain.doFilter(FilterChainProxy.java:380)
	at org.springframework.security.web.context.request.async.WebAsyncManagerIntegrationFilter.doFilterInternal(WebAsyncManagerIntegrationFilter.java:62)
	at org.springframework.web.filter.OncePerRequestFilter.doFilter(OncePerRequestFilter.java:116)
	at org.springframework.security.web.FilterChainProxy$VirtualFilterChain.doFilter(FilterChainProxy.java:380)
	at org.springframework.security.web.session.DisableEncodeUrlFilter.doFilterInternal(DisableEncodeUrlFilter.java:42)
	at org.springframework.web.filter.OncePerRequestFilter.doFilter(OncePerRequestFilter.java:116)
	at org.springframework.security.web.FilterChainProxy$VirtualFilterChain.doFilter(FilterChainProxy.java:380)
	at org.springframework.security.web.FilterChainProxy.doFilterInternal(FilterChainProxy.java:237)
	at org.springframework.security.web.FilterChainProxy.doFilter(FilterChainProxy.java:195)
	at org.springframework.web.filter.CompositeFilter$VirtualFilterChain.doFilter(CompositeFilter.java:113)
	at org.springframework.web.filter.ServletRequestPathFilter.doFilter(ServletRequestPathFilter.java:52)
	at org.springframework.web.filter.CompositeFilter$VirtualFilterChain.doFilter(CompositeFilter.java:113)
	at org.springframework.web.filter.CompositeFilter.doFilter(CompositeFilter.java:74)
	at org.springframework.security.config.annotation.web.configuration.WebSecurityConfiguration$CompositeFilterChainProxy.doFilter(WebSecurityConfiguration.java:317)
	at org.springframework.web.filter.DelegatingFilterProxy.invokeDelegate(DelegatingFilterProxy.java:355)
	at org.springframework.web.filter.DelegatingFilterProxy.doFilter(DelegatingFilterProxy.java:272)
	at org.apache.catalina.core.ApplicationFilterChain.doFilter(ApplicationFilterChain.java:107)
	at org.springframework.web.filter.RequestContextFilter.doFilterInternal(RequestContextFilter.java:100)
	at org.springframework.web.filter.OncePerRequestFilter.doFilter(OncePerRequestFilter.java:116)
	at org.apache.catalina.core.ApplicationFilterChain.doFilter(ApplicationFilterChain.java:107)
	at org.springframework.web.filter.FormContentFilter.doFilterInternal(FormContentFilter.java:93)
	at org.springframework.web.filter.OncePerRequestFilter.doFilter(OncePerRequestFilter.java:116)
	at org.apache.catalina.core.ApplicationFilterChain.doFilter(ApplicationFilterChain.java:107)
	at org.springframework.web.filter.CharacterEncodingFilter.doFilterInternal(CharacterEncodingFilter.java:199)
	at org.springframework.web.filter.OncePerRequestFilter.doFilter(OncePerRequestFilter.java:116)
	at org.apache.catalina.core.ApplicationFilterChain.doFilter(ApplicationFilterChain.java:107)
	at org.apache.catalina.core.StandardWrapperValve.invoke(StandardWrapperValve.java:165)
	at org.apache.catalina.core.StandardContextValve.invoke(StandardContextValve.java:77)
	at org.apache.catalina.authenticator.AuthenticatorBase.invoke(AuthenticatorBase.java:492)
	at org.apache.catalina.core.StandardHostValve.invoke(StandardHostValve.java:113)
	at org.apache.catalina.valves.ErrorReportValve.invoke(ErrorReportValve.java:83)
	at org.apache.catalina.core.StandardEngineValve.invoke(StandardEngineValve.java:72)
	at org.apache.catalina.connector.CoyoteAdapter.service(CoyoteAdapter.java:341)
	at org.apache.coyote.http11.Http11Processor.service(Http11Processor.java:397)
	at org.apache.coyote.AbstractProcessorLight.process(AbstractProcessorLight.java:63)
	at org.apache.coyote.AbstractProtocol$ConnectionHandler.process(AbstractProtocol.java:903)
	at org.apache.tomcat.util.net.NioEndpoint$SocketProcessor.doRun(NioEndpoint.java:1779)
	at org.apache.tomcat.util.net.SocketProcessorBase.run(SocketProcessorBase.java:52)
	at org.apache.tomcat.util.threads.ThreadPoolExecutor.runWorker(ThreadPoolExecutor.java:946)
	at org.apache.tomcat.util.threads.ThreadPoolExecutor$Worker.run(ThreadPoolExecutor.java:480)
	at org.apache.tomcat.util.threads.TaskThread$WrappingRunnable.run(TaskThread.java:57)
	at java.base/java.lang.Thread.run(Thread.java:1474)
2026-03-28 07:22:26 [http-nio-8080-exec-10] WARN  org.springframework.web.servlet.mvc.method.annotation.ExceptionHandlerExceptionResolver - Resolved [java.lang.RuntimeException: Username already taken]
2026-03-28 07:22:40 [http-nio-8080-exec-2] INFO  com.dipanshu.BookManagerApi.security.JwtFilter - Authenticated user: dipanshu saroach
2026-03-28 07:22:40 [http-nio-8080-exec-2] INFO  com.dipanshu.BookManagerApi.service.BookmarkServiceImpl - START findAllBookmarksPaginated | page=0 | size=10 | sortBy=id | direction=asc
2026-03-28 07:22:40 [http-nio-8080-exec-2] INFO  com.dipanshu.BookManagerApi.service.BookmarkServiceImpl - SUCCESS findAllBookmarksPaginated | totalElements=11 | timeTaken=36ms
2026-03-28 07:22:40 [http-nio-8080-exec-3] INFO  com.dipanshu.BookManagerApi.security.JwtFilter - Authenticated user: dipanshu saroach
2026-03-28 07:22:40 [http-nio-8080-exec-3] INFO  com.dipanshu.BookManagerApi.service.BookmarkServiceImpl - START findAllBookmarksPaginated | page=0 | size=10 | sortBy=id | direction=asc
2026-03-28 07:22:40 [http-nio-8080-exec-3] INFO  com.dipanshu.BookManagerApi.service.BookmarkServiceImpl - SUCCESS findAllBookmarksPaginated | totalElements=11 | timeTaken=26ms
2026-03-28 07:36:00 [http-nio-8080-exec-6] INFO  com.dipanshu.BookManagerApi.security.JwtFilter - Authenticated user: dipanshu saroach
2026-03-28 07:36:00 [http-nio-8080-exec-6] INFO  com.dipanshu.BookManagerApi.service.BookmarkServiceImpl - START findAllBookmarksPaginated | page=0 | size=10 | sortBy=id | direction=asc
2026-03-28 07:36:00 [http-nio-8080-exec-6] INFO  com.dipanshu.BookManagerApi.service.BookmarkServiceImpl - SUCCESS findAllBookmarksPaginated | totalElements=11 | timeTaken=29ms
2026-03-28 07:36:00 [http-nio-8080-exec-7] INFO  com.dipanshu.BookManagerApi.security.JwtFilter - Authenticated user: dipanshu saroach
2026-03-28 07:36:00 [http-nio-8080-exec-7] INFO  com.dipanshu.BookManagerApi.service.BookmarkServiceImpl - START findAllBookmarksPaginated | page=0 | size=10 | sortBy=id | direction=asc
2026-03-28 07:36:00 [http-nio-8080-exec-7] INFO  com.dipanshu.BookManagerApi.service.BookmarkServiceImpl - SUCCESS findAllBookmarksPaginated | totalElements=11 | timeTaken=29ms
2026-03-28 07:36:16 [http-nio-8080-exec-9] INFO  com.dipanshu.BookManagerApi.security.JwtFilter - Authenticated user: dipanshu saroach
2026-03-28 07:36:16 [http-nio-8080-exec-9] INFO  com.dipanshu.BookManagerApi.service.BookmarkServiceImpl - START findAllBookmarksPaginated | page=0 | size=10 | sortBy=id | direction=asc
2026-03-28 07:36:16 [http-nio-8080-exec-9] INFO  com.dipanshu.BookManagerApi.service.BookmarkServiceImpl - SUCCESS findAllBookmarksPaginated | totalElements=11 | timeTaken=23ms
2026-03-28 07:36:16 [http-nio-8080-exec-10] INFO  com.dipanshu.BookManagerApi.security.JwtFilter - Authenticated user: dipanshu saroach
2026-03-28 07:36:16 [http-nio-8080-exec-10] INFO  com.dipanshu.BookManagerApi.service.BookmarkServiceImpl - START findAllBookmarksPaginated | page=0 | size=10 | sortBy=id | direction=asc
2026-03-28 07:36:16 [http-nio-8080-exec-10] INFO  com.dipanshu.BookManagerApi.service.BookmarkServiceImpl - SUCCESS findAllBookmarksPaginated | totalElements=11 | timeTaken=23ms
2026-03-28 07:36:38 [http-nio-8080-exec-1] WARN  com.dipanshu.BookManagerApi.exception.GlobalExceptionHandler - Resource not found: User not found
2026-03-28 07:36:38 [http-nio-8080-exec-1] WARN  org.springframework.web.servlet.mvc.method.annotation.ExceptionHandlerExceptionResolver - Resolved [com.dipanshu.BookManagerApi.exception.ResourceNotFoundException: User not found]
2026-03-28 07:37:01 [http-nio-8080-exec-4] INFO  com.dipanshu.BookManagerApi.security.JwtFilter - Authenticated user: hello bro
2026-03-28 07:37:02 [http-nio-8080-exec-4] INFO  com.dipanshu.BookManagerApi.service.BookmarkServiceImpl - START findAllBookmarksPaginated | page=0 | size=10 | sortBy=id | direction=asc
2026-03-28 07:37:02 [http-nio-8080-exec-4] INFO  com.dipanshu.BookManagerApi.service.BookmarkServiceImpl - SUCCESS findAllBookmarksPaginated | totalElements=11 | timeTaken=34ms
2026-03-28 07:37:02 [http-nio-8080-exec-5] INFO  com.dipanshu.BookManagerApi.security.JwtFilter - Authenticated user: hello bro
2026-03-28 07:37:02 [http-nio-8080-exec-5] INFO  com.dipanshu.BookManagerApi.service.BookmarkServiceImpl - START findAllBookmarksPaginated | page=0 | size=10 | sortBy=id | direction=asc
2026-03-28 07:37:02 [http-nio-8080-exec-5] INFO  com.dipanshu.BookManagerApi.service.BookmarkServiceImpl - SUCCESS findAllBookmarksPaginated | totalElements=11 | timeTaken=23ms
2026-03-28 07:39:51 [http-nio-8080-exec-1] INFO  com.dipanshu.BookManagerApi.security.JwtFilter - Authenticated user: hello bro
2026-03-28 07:39:51 [http-nio-8080-exec-1] INFO  com.dipanshu.BookManagerApi.service.BookmarkServiceImpl - START findAllBookmarksPaginated | page=0 | size=10 | sortBy=id | direction=asc
2026-03-28 07:39:51 [http-nio-8080-exec-1] INFO  com.dipanshu.BookManagerApi.service.BookmarkServiceImpl - SUCCESS findAllBookmarksPaginated | totalElements=11 | timeTaken=23ms
2026-03-28 07:39:51 [http-nio-8080-exec-2] INFO  com.dipanshu.BookManagerApi.security.JwtFilter - Authenticated user: hello bro
2026-03-28 07:39:51 [http-nio-8080-exec-2] INFO  com.dipanshu.BookManagerApi.service.BookmarkServiceImpl - START findAllBookmarksPaginated | page=0 | size=10 | sortBy=id | direction=asc
2026-03-28 07:39:51 [http-nio-8080-exec-2] INFO  com.dipanshu.BookManagerApi.service.BookmarkServiceImpl - SUCCESS findAllBookmarksPaginated | totalElements=11 | timeTaken=24ms
2026-03-28 07:53:51 [http-nio-8080-exec-8] INFO  com.dipanshu.BookManagerApi.security.JwtFilter - Authenticated user: asdasd
2026-03-28 07:53:51 [http-nio-8080-exec-8] INFO  com.dipanshu.BookManagerApi.service.BookmarkServiceImpl - START findAllBookmarksPaginated | page=0 | size=10 | sortBy=id | direction=asc
2026-03-28 07:53:51 [http-nio-8080-exec-8] INFO  com.dipanshu.BookManagerApi.service.BookmarkServiceImpl - SUCCESS findAllBookmarksPaginated | totalElements=11 | timeTaken=23ms
2026-03-28 07:53:51 [http-nio-8080-exec-9] INFO  com.dipanshu.BookManagerApi.security.JwtFilter - Authenticated user: asdasd
2026-03-28 07:53:51 [http-nio-8080-exec-9] INFO  com.dipanshu.BookManagerApi.service.BookmarkServiceImpl - START findAllBookmarksPaginated | page=0 | size=10 | sortBy=id | direction=asc
2026-03-28 07:53:51 [http-nio-8080-exec-9] INFO  com.dipanshu.BookManagerApi.service.BookmarkServiceImpl - SUCCESS findAllBookmarksPaginated | totalElements=11 | timeTaken=21ms
2026-03-28 08:04:31 [http-nio-8080-exec-2] INFO  com.dipanshu.BookManagerApi.security.JwtFilter - Authenticated user: asda
2026-03-28 08:04:31 [http-nio-8080-exec-2] INFO  com.dipanshu.BookManagerApi.service.BookmarkServiceImpl - START findAllBookmarksPaginated | page=0 | size=10 | sortBy=id | direction=asc
2026-03-28 08:04:31 [http-nio-8080-exec-2] INFO  com.dipanshu.BookManagerApi.service.BookmarkServiceImpl - SUCCESS findAllBookmarksPaginated | totalElements=11 | timeTaken=22ms
2026-03-28 08:04:31 [http-nio-8080-exec-3] INFO  com.dipanshu.BookManagerApi.security.JwtFilter - Authenticated user: asda
2026-03-28 08:04:31 [http-nio-8080-exec-3] INFO  com.dipanshu.BookManagerApi.service.BookmarkServiceImpl - START findAllBookmarksPaginated | page=0 | size=10 | sortBy=id | direction=asc
2026-03-28 08:04:31 [http-nio-8080-exec-3] INFO  com.dipanshu.BookManagerApi.service.BookmarkServiceImpl - SUCCESS findAllBookmarksPaginated | totalElements=11 | timeTaken=24ms
2026-03-28 08:11:49 [http-nio-8080-exec-4] INFO  com.dipanshu.BookManagerApi.security.JwtFilter - Authenticated user: asda
2026-03-28 08:11:49 [http-nio-8080-exec-4] INFO  com.dipanshu.BookManagerApi.service.BookmarkServiceImpl - START findAllBookmarksPaginated | page=0 | size=10 | sortBy=id | direction=asc
2026-03-28 08:11:49 [http-nio-8080-exec-4] INFO  com.dipanshu.BookManagerApi.service.BookmarkServiceImpl - SUCCESS findAllBookmarksPaginated | totalElements=11 | timeTaken=19ms
2026-03-28 08:11:49 [http-nio-8080-exec-5] INFO  com.dipanshu.BookManagerApi.security.JwtFilter - Authenticated user: asda
2026-03-28 08:11:49 [http-nio-8080-exec-5] INFO  com.dipanshu.BookManagerApi.service.BookmarkServiceImpl - START findAllBookmarksPaginated | page=0 | size=10 | sortBy=id | direction=asc
2026-03-28 08:11:49 [http-nio-8080-exec-5] INFO  com.dipanshu.BookManagerApi.service.BookmarkServiceImpl - SUCCESS findAllBookmarksPaginated | totalElements=11 | timeTaken=18ms
2026-03-28 08:11:58 [HikariPool-1:housekeeper] WARN  com.zaxxer.hikari.pool.HikariPool - HikariPool-1 - Thread starvation or clock leap detected (housekeeper delta=2m17s845ms145µs600ns).
2026-03-28 08:13:49 [http-nio-8080-exec-6] INFO  com.dipanshu.BookManagerApi.security.JwtFilter - Authenticated user: asda
2026-03-28 08:13:49 [http-nio-8080-exec-6] INFO  com.dipanshu.BookManagerApi.service.BookmarkServiceImpl - Fetching bookmark | id=6
2026-03-28 08:14:01 [http-nio-8080-exec-7] INFO  com.dipanshu.BookManagerApi.security.JwtFilter - Authenticated user: asda
2026-03-28 08:14:01 [http-nio-8080-exec-7] INFO  com.dipanshu.BookManagerApi.service.BookmarkServiceImpl - Fetching bookmark | id=6
2026-03-28 08:14:08 [http-nio-8080-exec-8] INFO  com.dipanshu.BookManagerApi.security.JwtFilter - Authenticated user: asda
2026-03-28 08:14:09 [http-nio-8080-exec-8] INFO  com.dipanshu.BookManagerApi.service.BookmarkServiceImpl - START updateBookmark | id=6
2026-03-28 08:14:09 [http-nio-8080-exec-8] INFO  com.dipanshu.BookManagerApi.service.BookmarkServiceImpl - SUCCESS updateBookmark | id=6 | timeTaken=40ms
2026-03-28 08:14:09 [http-nio-8080-exec-9] INFO  com.dipanshu.BookManagerApi.security.JwtFilter - Authenticated user: asda
2026-03-28 08:14:09 [http-nio-8080-exec-9] INFO  com.dipanshu.BookManagerApi.service.BookmarkServiceImpl - START findAllBookmarksPaginated | page=0 | size=10 | sortBy=id | direction=asc
2026-03-28 08:14:09 [http-nio-8080-exec-9] INFO  com.dipanshu.BookManagerApi.service.BookmarkServiceImpl - SUCCESS findAllBookmarksPaginated | totalElements=11 | timeTaken=21ms
2026-03-28 08:14:11 [http-nio-8080-exec-10] INFO  com.dipanshu.BookManagerApi.security.JwtFilter - Authenticated user: asda
2026-03-28 08:14:11 [http-nio-8080-exec-10] INFO  com.dipanshu.BookManagerApi.service.BookmarkServiceImpl - Fetching bookmark | id=2
2026-03-28 08:14:35 [http-nio-8080-exec-1] INFO  com.dipanshu.BookManagerApi.security.JwtFilter - Authenticated user: asda
2026-03-28 08:14:35 [http-nio-8080-exec-1] INFO  com.dipanshu.BookManagerApi.service.BookmarkServiceImpl - START findBookmarksByTag | tag=hello | page=0 | size=10 | sortBy=id | direction=asc
2026-03-28 08:14:35 [http-nio-8080-exec-1] INFO  com.dipanshu.BookManagerApi.service.BookmarkServiceImpl - SUCCESS findBookmarksByTag | count=1 | timeTaken=62ms
2026-03-28 08:14:37 [http-nio-8080-exec-2] INFO  com.dipanshu.BookManagerApi.security.JwtFilter - Authenticated user: asda
2026-03-28 08:14:37 [http-nio-8080-exec-2] INFO  com.dipanshu.BookManagerApi.service.BookmarkServiceImpl - START findBookmarksByTag | tag=hello | page=0 | size=10 | sortBy=id | direction=asc
2026-03-28 08:14:37 [http-nio-8080-exec-2] INFO  com.dipanshu.BookManagerApi.service.BookmarkServiceImpl - SUCCESS findBookmarksByTag | count=1 | timeTaken=6ms
2026-03-28 08:14:38 [http-nio-8080-exec-3] INFO  com.dipanshu.BookManagerApi.security.JwtFilter - Authenticated user: asda
2026-03-28 08:14:38 [http-nio-8080-exec-3] INFO  com.dipanshu.BookManagerApi.service.BookmarkServiceImpl - START findBookmarksByTag | tag=hello | page=0 | size=10 | sortBy=id | direction=asc
2026-03-28 08:14:38 [http-nio-8080-exec-3] INFO  com.dipanshu.BookManagerApi.service.BookmarkServiceImpl - SUCCESS findBookmarksByTag | count=1 | timeTaken=5ms
2026-03-28 08:14:41 [http-nio-8080-exec-4] INFO  com.dipanshu.BookManagerApi.security.JwtFilter - Authenticated user: asda
2026-03-28 08:14:41 [http-nio-8080-exec-4] INFO  com.dipanshu.BookManagerApi.service.BookmarkServiceImpl - START findAllBookmarksPaginated | page=0 | size=10 | sortBy=id | direction=asc
2026-03-28 08:14:41 [http-nio-8080-exec-4] INFO  com.dipanshu.BookManagerApi.service.BookmarkServiceImpl - SUCCESS findAllBookmarksPaginated | totalElements=11 | timeTaken=24ms
2026-03-28 08:14:43 [http-nio-8080-exec-5] INFO  com.dipanshu.BookManagerApi.security.JwtFilter - Authenticated user: asda
2026-03-28 08:14:43 [http-nio-8080-exec-5] INFO  com.dipanshu.BookManagerApi.service.BookmarkServiceImpl - START findBookmarksByTag | tag=dsa | page=0 | size=10 | sortBy=id | direction=asc
2026-03-28 08:14:43 [http-nio-8080-exec-5] INFO  com.dipanshu.BookManagerApi.service.BookmarkServiceImpl - SUCCESS findBookmarksByTag | count=1 | timeTaken=5ms
2026-03-28 08:14:45 [http-nio-8080-exec-6] INFO  com.dipanshu.BookManagerApi.security.JwtFilter - Authenticated user: asda
2026-03-28 08:14:45 [http-nio-8080-exec-6] INFO  com.dipanshu.BookManagerApi.service.BookmarkServiceImpl - START findAllBookmarksPaginated | page=0 | size=10 | sortBy=id | direction=asc
2026-03-28 08:14:45 [http-nio-8080-exec-6] INFO  com.dipanshu.BookManagerApi.service.BookmarkServiceImpl - SUCCESS findAllBookmarksPaginated | totalElements=11 | timeTaken=21ms
2026-03-28 08:14:49 [http-nio-8080-exec-7] INFO  com.dipanshu.BookManagerApi.security.JwtFilter - Authenticated user: asda
2026-03-28 08:14:49 [http-nio-8080-exec-7] INFO  com.dipanshu.BookManagerApi.service.BookmarkServiceImpl - START findAllBookmarksPaginated | page=0 | size=10 | sortBy=id | direction=asc
2026-03-28 08:14:49 [http-nio-8080-exec-7] INFO  com.dipanshu.BookManagerApi.service.BookmarkServiceImpl - SUCCESS findAllBookmarksPaginated | totalElements=11 | timeTaken=24ms
2026-03-28 08:14:49 [http-nio-8080-exec-8] INFO  com.dipanshu.BookManagerApi.security.JwtFilter - Authenticated user: asda
2026-03-28 08:14:49 [http-nio-8080-exec-8] INFO  com.dipanshu.BookManagerApi.service.BookmarkServiceImpl - START findAllBookmarksPaginated | page=0 | size=10 | sortBy=id | direction=asc
2026-03-28 08:14:49 [http-nio-8080-exec-8] INFO  com.dipanshu.BookManagerApi.service.BookmarkServiceImpl - SUCCESS findAllBookmarksPaginated | totalElements=11 | timeTaken=19ms
2026-03-28 08:15:04 [http-nio-8080-exec-9] INFO  com.dipanshu.BookManagerApi.security.JwtFilter - Authenticated user: asda
2026-03-28 08:15:04 [http-nio-8080-exec-9] INFO  com.dipanshu.BookManagerApi.service.BookmarkServiceImpl - START findBookmarksByTag | tag=hello | page=0 | size=10 | sortBy=id | direction=asc
2026-03-28 08:15:04 [http-nio-8080-exec-9] INFO  com.dipanshu.BookManagerApi.service.BookmarkServiceImpl - SUCCESS findBookmarksByTag | count=1 | timeTaken=6ms
2026-03-28 08:15:09 [http-nio-8080-exec-10] INFO  com.dipanshu.BookManagerApi.security.JwtFilter - Authenticated user: asda
2026-03-28 08:15:09 [http-nio-8080-exec-10] INFO  com.dipanshu.BookManagerApi.service.BookmarkServiceImpl - START findBookmarksByTag | tag=hello | page=0 | size=10 | sortBy=id | direction=asc
2026-03-28 08:15:09 [http-nio-8080-exec-10] INFO  com.dipanshu.BookManagerApi.service.BookmarkServiceImpl - SUCCESS findBookmarksByTag | count=1 | timeTaken=5ms
2026-03-28 08:16:19 [http-nio-8080-exec-1] INFO  com.dipanshu.BookManagerApi.security.JwtFilter - Authenticated user: asda
2026-03-28 08:16:19 [http-nio-8080-exec-1] INFO  com.dipanshu.BookManagerApi.service.BookmarkServiceImpl - START findAllBookmarksPaginated | page=0 | size=10 | sortBy=id | direction=asc
2026-03-28 08:16:20 [http-nio-8080-exec-1] INFO  com.dipanshu.BookManagerApi.service.BookmarkServiceImpl - SUCCESS findAllBookmarksPaginated | totalElements=11 | timeTaken=41ms
2026-03-28 08:17:29 [http-nio-8080-exec-2] INFO  com.dipanshu.BookManagerApi.security.JwtFilter - Authenticated user: asda
2026-03-28 08:17:29 [http-nio-8080-exec-2] INFO  com.dipanshu.BookManagerApi.service.BookmarkServiceImpl - START findAllBookmarksPaginated | page=1 | size=10 | sortBy=id | direction=asc
2026-03-28 08:17:29 [http-nio-8080-exec-2] INFO  com.dipanshu.BookManagerApi.service.BookmarkServiceImpl - SUCCESS findAllBookmarksPaginated | totalElements=11 | timeTaken=8ms
2026-03-28 08:18:01 [http-nio-8080-exec-3] INFO  com.dipanshu.BookManagerApi.security.JwtFilter - Authenticated user: asda
2026-03-28 08:18:01 [http-nio-8080-exec-3] INFO  com.dipanshu.BookManagerApi.service.BookmarkServiceImpl - START findAllBookmarksPaginated | page=0 | size=10 | sortBy=id | direction=asc
2026-03-28 08:18:01 [http-nio-8080-exec-3] INFO  com.dipanshu.BookManagerApi.service.BookmarkServiceImpl - SUCCESS findAllBookmarksPaginated | totalElements=11 | timeTaken=17ms
2026-03-28 08:18:02 [http-nio-8080-exec-4] INFO  com.dipanshu.BookManagerApi.security.JwtFilter - Authenticated user: asda
2026-03-28 08:18:02 [http-nio-8080-exec-4] INFO  com.dipanshu.BookManagerApi.service.BookmarkServiceImpl - START findBookmarksByTag | tag=hello | page=0 | size=10 | sortBy=id | direction=asc
2026-03-28 08:18:02 [http-nio-8080-exec-4] INFO  com.dipanshu.BookManagerApi.service.BookmarkServiceImpl - SUCCESS findBookmarksByTag | count=1 | timeTaken=6ms
2026-03-28 08:18:03 [http-nio-8080-exec-5] INFO  com.dipanshu.BookManagerApi.security.JwtFilter - Authenticated user: asda
2026-03-28 08:18:03 [http-nio-8080-exec-5] INFO  com.dipanshu.BookManagerApi.service.BookmarkServiceImpl - START findBookmarksByTag | tag=hello | page=0 | size=10 | sortBy=id | direction=asc
2026-03-28 08:18:03 [http-nio-8080-exec-5] INFO  com.dipanshu.BookManagerApi.service.BookmarkServiceImpl - SUCCESS findBookmarksByTag | count=1 | timeTaken=6ms
2026-03-28 08:18:04 [http-nio-8080-exec-6] INFO  com.dipanshu.BookManagerApi.security.JwtFilter - Authenticated user: asda
2026-03-28 08:18:04 [http-nio-8080-exec-6] INFO  com.dipanshu.BookManagerApi.service.BookmarkServiceImpl - START findBookmarksByTag | tag=hello | page=0 | size=10 | sortBy=id | direction=asc
2026-03-28 08:18:04 [http-nio-8080-exec-6] INFO  com.dipanshu.BookManagerApi.service.BookmarkServiceImpl - SUCCESS findBookmarksByTag | count=1 | timeTaken=5ms
2026-03-28 08:18:05 [http-nio-8080-exec-7] INFO  com.dipanshu.BookManagerApi.security.JwtFilter - Authenticated user: asda
2026-03-28 08:18:05 [http-nio-8080-exec-7] INFO  com.dipanshu.BookManagerApi.service.BookmarkServiceImpl - START findBookmarksByTag | tag=hello | page=0 | size=10 | sortBy=id | direction=asc
2026-03-28 08:18:05 [http-nio-8080-exec-7] INFO  com.dipanshu.BookManagerApi.service.BookmarkServiceImpl - SUCCESS findBookmarksByTag | count=1 | timeTaken=5ms
2026-03-28 08:18:06 [http-nio-8080-exec-8] INFO  com.dipanshu.BookManagerApi.security.JwtFilter - Authenticated user: asda
2026-03-28 08:18:06 [http-nio-8080-exec-8] INFO  com.dipanshu.BookManagerApi.service.BookmarkServiceImpl - START findAllBookmarksPaginated | page=0 | size=10 | sortBy=id | direction=asc
2026-03-28 08:18:06 [http-nio-8080-exec-8] INFO  com.dipanshu.BookManagerApi.service.BookmarkServiceImpl - SUCCESS findAllBookmarksPaginated | totalElements=11 | timeTaken=20ms
2026-03-28 08:18:16 [http-nio-8080-exec-9] INFO  com.dipanshu.BookManagerApi.security.JwtFilter - Authenticated user: asda
2026-03-28 08:18:16 [http-nio-8080-exec-9] INFO  com.dipanshu.BookManagerApi.service.BookmarkServiceImpl - START searchBookmarks | query=y | page=0 | size=10 | sortBy=id | direction=asc
2026-03-28 08:18:16 [http-nio-8080-exec-9] INFO  com.dipanshu.BookManagerApi.service.BookmarkServiceImpl - SUCCESS searchBookmarks | results=2 | timeTaken=48ms
2026-03-28 08:18:23 [http-nio-8080-exec-10] INFO  com.dipanshu.BookManagerApi.security.JwtFilter - Authenticated user: asda
2026-03-28 08:18:23 [http-nio-8080-exec-10] INFO  com.dipanshu.BookManagerApi.service.BookmarkServiceImpl - START findAllBookmarksPaginated | page=0 | size=10 | sortBy=id | direction=asc
2026-03-28 08:18:23 [http-nio-8080-exec-10] INFO  com.dipanshu.BookManagerApi.service.BookmarkServiceImpl - SUCCESS findAllBookmarksPaginated | totalElements=11 | timeTaken=20ms
2026-03-28 08:19:56 [http-nio-8080-exec-1] INFO  com.dipanshu.BookManagerApi.security.JwtFilter - Authenticated user: asda
2026-03-28 08:19:56 [http-nio-8080-exec-1] INFO  com.dipanshu.BookManagerApi.service.BookmarkServiceImpl - START findAllBookmarksPaginated | page=0 | size=10 | sortBy=id | direction=asc
2026-03-28 08:19:57 [http-nio-8080-exec-1] INFO  com.dipanshu.BookManagerApi.service.BookmarkServiceImpl - SUCCESS findAllBookmarksPaginated | totalElements=11 | timeTaken=22ms
2026-03-28 08:19:57 [http-nio-8080-exec-2] INFO  com.dipanshu.BookManagerApi.security.JwtFilter - Authenticated user: asda
2026-03-28 08:19:57 [http-nio-8080-exec-2] INFO  com.dipanshu.BookManagerApi.service.BookmarkServiceImpl - START findAllBookmarksPaginated | page=0 | size=10 | sortBy=id | direction=asc
2026-03-28 08:19:57 [http-nio-8080-exec-2] INFO  com.dipanshu.BookManagerApi.service.BookmarkServiceImpl - SUCCESS findAllBookmarksPaginated | totalElements=11 | timeTaken=22ms
2026-03-28 08:20:20 [http-nio-8080-exec-3] INFO  com.dipanshu.BookManagerApi.security.JwtFilter - Authenticated user: asda
2026-03-28 08:20:20 [http-nio-8080-exec-3] INFO  com.dipanshu.BookManagerApi.service.BookmarkServiceImpl - Fetching bookmark | id=2
2026-03-28 08:20:23 [http-nio-8080-exec-4] INFO  com.dipanshu.BookManagerApi.security.JwtFilter - Authenticated user: asda
2026-03-28 08:20:23 [http-nio-8080-exec-4] INFO  com.dipanshu.BookManagerApi.service.BookmarkServiceImpl - Fetching bookmark | id=5
2026-03-28 08:20:30 [http-nio-8080-exec-5] INFO  com.dipanshu.BookManagerApi.security.JwtFilter - Authenticated user: asda
2026-03-28 08:20:30 [http-nio-8080-exec-5] INFO  com.dipanshu.BookManagerApi.service.BookmarkServiceImpl - START updateBookmark | id=5
2026-03-28 08:20:30 [http-nio-8080-exec-5] INFO  com.dipanshu.BookManagerApi.service.BookmarkServiceImpl - SUCCESS updateBookmark | id=5 | timeTaken=8ms
2026-03-28 08:20:30 [http-nio-8080-exec-6] INFO  com.dipanshu.BookManagerApi.security.JwtFilter - Authenticated user: asda
2026-03-28 08:20:30 [http-nio-8080-exec-6] INFO  com.dipanshu.BookManagerApi.service.BookmarkServiceImpl - START findAllBookmarksPaginated | page=0 | size=10 | sortBy=id | direction=asc
2026-03-28 08:20:30 [http-nio-8080-exec-6] INFO  com.dipanshu.BookManagerApi.service.BookmarkServiceImpl - SUCCESS findAllBookmarksPaginated | totalElements=11 | timeTaken=21ms
2026-03-28 08:20:41 [http-nio-8080-exec-7] INFO  com.dipanshu.BookManagerApi.security.JwtFilter - Authenticated user: asda
2026-03-28 08:20:41 [http-nio-8080-exec-7] INFO  com.dipanshu.BookManagerApi.service.BookmarkServiceImpl - START findAllBookmarksPaginated | page=0 | size=10 | sortBy=id | direction=asc
2026-03-28 08:20:41 [http-nio-8080-exec-7] INFO  com.dipanshu.BookManagerApi.service.BookmarkServiceImpl - SUCCESS findAllBookmarksPaginated | totalElements=11 | timeTaken=17ms
2026-03-28 08:20:41 [http-nio-8080-exec-8] INFO  com.dipanshu.BookManagerApi.security.JwtFilter - Authenticated user: asda
2026-03-28 08:20:41 [http-nio-8080-exec-8] INFO  com.dipanshu.BookManagerApi.service.BookmarkServiceImpl - START findAllBookmarksPaginated | page=0 | size=10 | sortBy=id | direction=asc
2026-03-28 08:20:41 [http-nio-8080-exec-8] INFO  com.dipanshu.BookManagerApi.service.BookmarkServiceImpl - SUCCESS findAllBookmarksPaginated | totalElements=11 | timeTaken=19ms
2026-03-28 08:21:23 [http-nio-8080-exec-9] INFO  com.dipanshu.BookManagerApi.security.JwtFilter - Authenticated user: asda
2026-03-28 08:21:23 [http-nio-8080-exec-9] INFO  com.dipanshu.BookManagerApi.service.BookmarkServiceImpl - START findAllBookmarksPaginated | page=0 | size=5 | sortBy=id | direction=asc
2026-03-28 08:21:23 [http-nio-8080-exec-9] INFO  com.dipanshu.BookManagerApi.service.BookmarkServiceImpl - SUCCESS findAllBookmarksPaginated | totalElements=11 | timeTaken=14ms
2026-03-28 08:21:25 [http-nio-8080-exec-10] INFO  com.dipanshu.BookManagerApi.security.JwtFilter - Authenticated user: asda
2026-03-28 08:21:25 [http-nio-8080-exec-10] INFO  com.dipanshu.BookManagerApi.service.BookmarkServiceImpl - START findAllBookmarksPaginated | page=0 | size=20 | sortBy=id | direction=asc
2026-03-28 08:21:25 [http-nio-8080-exec-10] INFO  com.dipanshu.BookManagerApi.service.BookmarkServiceImpl - SUCCESS findAllBookmarksPaginated | totalElements=11 | timeTaken=21ms
2026-03-28 08:21:29 [http-nio-8080-exec-1] INFO  com.dipanshu.BookManagerApi.security.JwtFilter - Authenticated user: asda
2026-03-28 08:21:29 [http-nio-8080-exec-1] INFO  com.dipanshu.BookManagerApi.service.BookmarkServiceImpl - START findAllBookmarksPaginated | page=0 | size=10 | sortBy=id | direction=asc
2026-03-28 08:21:29 [http-nio-8080-exec-1] INFO  com.dipanshu.BookManagerApi.service.BookmarkServiceImpl - SUCCESS findAllBookmarksPaginated | totalElements=11 | timeTaken=18ms
2026-03-28 08:21:29 [http-nio-8080-exec-2] INFO  com.dipanshu.BookManagerApi.security.JwtFilter - Authenticated user: asda
2026-03-28 08:21:29 [http-nio-8080-exec-2] INFO  com.dipanshu.BookManagerApi.service.BookmarkServiceImpl - START findAllBookmarksPaginated | page=0 | size=10 | sortBy=id | direction=asc
2026-03-28 08:21:29 [http-nio-8080-exec-2] INFO  com.dipanshu.BookManagerApi.service.BookmarkServiceImpl - SUCCESS findAllBookmarksPaginated | totalElements=11 | timeTaken=22ms
2026-03-28 08:21:33 [http-nio-8080-exec-3] INFO  com.dipanshu.BookManagerApi.security.JwtFilter - Authenticated user: asda
2026-03-28 08:21:33 [http-nio-8080-exec-3] INFO  com.dipanshu.BookManagerApi.service.BookmarkServiceImpl - START findBookmarksByTag | tag=hello | page=0 | size=10 | sortBy=id | direction=asc
2026-03-28 08:21:33 [http-nio-8080-exec-3] INFO  com.dipanshu.BookManagerApi.service.BookmarkServiceImpl - SUCCESS findBookmarksByTag | count=1 | timeTaken=4ms
2026-03-28 08:21:34 [http-nio-8080-exec-4] INFO  com.dipanshu.BookManagerApi.security.JwtFilter - Authenticated user: asda
2026-03-28 08:21:34 [http-nio-8080-exec-4] INFO  com.dipanshu.BookManagerApi.service.BookmarkServiceImpl - START findBookmarksByTag | tag=hello | page=0 | size=10 | sortBy=id | direction=asc
2026-03-28 08:21:34 [http-nio-8080-exec-4] INFO  com.dipanshu.BookManagerApi.service.BookmarkServiceImpl - SUCCESS findBookmarksByTag | count=1 | timeTaken=6ms
2026-03-28 08:22:17 [http-nio-8080-exec-5] INFO  com.dipanshu.BookManagerApi.security.JwtFilter - Authenticated user: asda
2026-03-28 08:22:17 [http-nio-8080-exec-5] INFO  com.dipanshu.BookManagerApi.service.BookmarkServiceImpl - Fetching bookmark | id=11
2026-03-28 08:22:20 [http-nio-8080-exec-6] INFO  com.dipanshu.BookManagerApi.security.JwtFilter - Authenticated user: asda
2026-03-28 08:22:20 [http-nio-8080-exec-6] INFO  com.dipanshu.BookManagerApi.service.BookmarkServiceImpl - START findBookmarksByTag | tag=hello | page=0 | size=10 | sortBy=id | direction=asc
2026-03-28 08:22:20 [http-nio-8080-exec-6] INFO  com.dipanshu.BookManagerApi.service.BookmarkServiceImpl - SUCCESS findBookmarksByTag | count=1 | timeTaken=5ms
2026-03-28 08:22:21 [http-nio-8080-exec-7] INFO  com.dipanshu.BookManagerApi.security.JwtFilter - Authenticated user: asda
2026-03-28 08:22:21 [http-nio-8080-exec-7] INFO  com.dipanshu.BookManagerApi.service.BookmarkServiceImpl - START findBookmarksByTag | tag=hello | page=0 | size=10 | sortBy=id | direction=asc
2026-03-28 08:22:21 [http-nio-8080-exec-7] INFO  com.dipanshu.BookManagerApi.service.BookmarkServiceImpl - SUCCESS findBookmarksByTag | count=1 | timeTaken=6ms
2026-03-28 08:22:35 [http-nio-8080-exec-8] INFO  com.dipanshu.BookManagerApi.security.JwtFilter - Authenticated user: asda
2026-03-28 08:22:35 [http-nio-8080-exec-8] INFO  com.dipanshu.BookManagerApi.service.BookmarkServiceImpl - START findBookmarksByTag | tag=hello | page=0 | size=10 | sortBy=id | direction=asc
2026-03-28 08:22:35 [http-nio-8080-exec-8] INFO  com.dipanshu.BookManagerApi.service.BookmarkServiceImpl - SUCCESS findBookmarksByTag | count=1 | timeTaken=4ms
2026-03-28 08:24:00 [http-nio-8080-exec-9] INFO  com.dipanshu.BookManagerApi.security.JwtFilter - Authenticated user: asda
2026-03-28 08:24:00 [http-nio-8080-exec-9] INFO  com.dipanshu.BookManagerApi.service.BookmarkServiceImpl - START findBookmarksByTag | tag=hello | page=0 | size=10 | sortBy=id | direction=asc
2026-03-28 08:24:00 [http-nio-8080-exec-9] INFO  com.dipanshu.BookManagerApi.service.BookmarkServiceImpl - SUCCESS findBookmarksByTag | count=1 | timeTaken=5ms
2026-03-28 08:26:39 [http-nio-8080-exec-10] INFO  com.dipanshu.BookManagerApi.security.JwtFilter - Authenticated user: asda
2026-03-28 08:26:39 [http-nio-8080-exec-10] INFO  com.dipanshu.BookManagerApi.service.BookmarkServiceImpl - START findAllBookmarksPaginated | page=0 | size=10 | sortBy=id | direction=asc
2026-03-28 08:26:39 [http-nio-8080-exec-10] INFO  com.dipanshu.BookManagerApi.service.BookmarkServiceImpl - SUCCESS findAllBookmarksPaginated | totalElements=11 | timeTaken=21ms
2026-03-28 08:26:39 [http-nio-8080-exec-1] INFO  com.dipanshu.BookManagerApi.security.JwtFilter - Authenticated user: asda
2026-03-28 08:26:39 [http-nio-8080-exec-1] INFO  com.dipanshu.BookManagerApi.service.BookmarkServiceImpl - START findAllBookmarksPaginated | page=0 | size=10 | sortBy=id | direction=asc
2026-03-28 08:26:39 [http-nio-8080-exec-1] INFO  com.dipanshu.BookManagerApi.service.BookmarkServiceImpl - SUCCESS findAllBookmarksPaginated | totalElements=11 | timeTaken=32ms
2026-03-28 08:32:04 [http-nio-8080-exec-2] INFO  com.dipanshu.BookManagerApi.security.JwtFilter - Authenticated user: asda
2026-03-28 08:32:04 [http-nio-8080-exec-2] INFO  com.dipanshu.BookManagerApi.service.BookmarkServiceImpl - START findAllBookmarksPaginated | page=0 | size=10 | sortBy=id | direction=asc
2026-03-28 08:32:04 [http-nio-8080-exec-2] INFO  com.dipanshu.BookManagerApi.service.BookmarkServiceImpl - SUCCESS findAllBookmarksPaginated | totalElements=11 | timeTaken=25ms
2026-03-28 08:32:04 [http-nio-8080-exec-3] INFO  com.dipanshu.BookManagerApi.security.JwtFilter - Authenticated user: asda
2026-03-28 08:32:04 [http-nio-8080-exec-3] INFO  com.dipanshu.BookManagerApi.service.BookmarkServiceImpl - START findAllBookmarksPaginated | page=0 | size=10 | sortBy=id | direction=asc
2026-03-28 08:32:04 [http-nio-8080-exec-3] INFO  com.dipanshu.BookManagerApi.service.BookmarkServiceImpl - SUCCESS findAllBookmarksPaginated | totalElements=11 | timeTaken=22ms
2026-03-28 08:32:05 [HikariPool-1:housekeeper] WARN  com.zaxxer.hikari.pool.HikariPool - HikariPool-1 - Thread starvation or clock leap detected (housekeeper delta=2m37s41ms21µs200ns).
2026-03-28 08:32:40 [http-nio-8080-exec-4] INFO  com.dipanshu.BookManagerApi.security.JwtFilter - Authenticated user: asda
2026-03-28 08:32:40 [http-nio-8080-exec-4] INFO  com.dipanshu.BookManagerApi.service.BookmarkServiceImpl - START findAllBookmarksPaginated | page=0 | size=5 | sortBy=id | direction=asc
2026-03-28 08:32:40 [http-nio-8080-exec-4] INFO  com.dipanshu.BookManagerApi.service.BookmarkServiceImpl - SUCCESS findAllBookmarksPaginated | totalElements=11 | timeTaken=15ms
2026-03-28 08:32:42 [http-nio-8080-exec-5] INFO  com.dipanshu.BookManagerApi.security.JwtFilter - Authenticated user: asda
2026-03-28 08:32:42 [http-nio-8080-exec-5] INFO  com.dipanshu.BookManagerApi.service.BookmarkServiceImpl - START findAllBookmarksPaginated | page=0 | size=20 | sortBy=id | direction=asc
2026-03-28 08:32:42 [http-nio-8080-exec-5] INFO  com.dipanshu.BookManagerApi.service.BookmarkServiceImpl - SUCCESS findAllBookmarksPaginated | totalElements=11 | timeTaken=18ms
2026-03-28 08:38:46 [http-nio-8080-exec-6] INFO  com.dipanshu.BookManagerApi.security.JwtFilter - Authenticated user: asda
2026-03-28 08:38:46 [http-nio-8080-exec-6] INFO  com.dipanshu.BookManagerApi.service.BookmarkServiceImpl - START findAllBookmarksPaginated | page=0 | size=10 | sortBy=id | direction=asc
2026-03-28 08:38:46 [http-nio-8080-exec-6] INFO  com.dipanshu.BookManagerApi.service.BookmarkServiceImpl - SUCCESS findAllBookmarksPaginated | totalElements=11 | timeTaken=36ms
2026-03-28 08:38:46 [http-nio-8080-exec-7] INFO  com.dipanshu.BookManagerApi.security.JwtFilter - Authenticated user: asda
2026-03-28 08:38:46 [http-nio-8080-exec-7] INFO  com.dipanshu.BookManagerApi.service.BookmarkServiceImpl - START findAllBookmarksPaginated | page=0 | size=10 | sortBy=id | direction=asc
2026-03-28 08:38:46 [http-nio-8080-exec-7] INFO  com.dipanshu.BookManagerApi.service.BookmarkServiceImpl - SUCCESS findAllBookmarksPaginated | totalElements=11 | timeTaken=259ms
2026-03-28 08:39:08 [HikariPool-1:housekeeper] WARN  com.zaxxer.hikari.pool.HikariPool - HikariPool-1 - Thread starvation or clock leap detected (housekeeper delta=3m2s761ms256µs400ns).
2026-03-28 08:40:30 [http-nio-8080-exec-8] INFO  com.dipanshu.BookManagerApi.security.JwtFilter - Authenticated user: asda
2026-03-28 08:40:30 [http-nio-8080-exec-8] INFO  com.dipanshu.BookManagerApi.service.BookmarkServiceImpl - Fetching bookmark | id=8
2026-03-28 08:40:40 [http-nio-8080-exec-9] INFO  com.dipanshu.BookManagerApi.security.JwtFilter - Authenticated user: asda
2026-03-28 08:40:40 [http-nio-8080-exec-9] INFO  com.dipanshu.BookManagerApi.service.BookmarkServiceImpl - START updateBookmark | id=8
2026-03-28 08:40:40 [http-nio-8080-exec-9] INFO  com.dipanshu.BookManagerApi.service.BookmarkServiceImpl - SUCCESS updateBookmark | id=8 | timeTaken=14ms
2026-03-28 08:40:40 [http-nio-8080-exec-10] INFO  com.dipanshu.BookManagerApi.security.JwtFilter - Authenticated user: asda
2026-03-28 08:40:40 [http-nio-8080-exec-10] INFO  com.dipanshu.BookManagerApi.service.BookmarkServiceImpl - START findAllBookmarksPaginated | page=0 | size=10 | sortBy=id | direction=asc
2026-03-28 08:40:40 [http-nio-8080-exec-10] INFO  com.dipanshu.BookManagerApi.service.BookmarkServiceImpl - SUCCESS findAllBookmarksPaginated | totalElements=11 | timeTaken=20ms
2026-03-28 08:42:13 [http-nio-8080-exec-1] INFO  com.dipanshu.BookManagerApi.security.JwtFilter - Authenticated user: asda
2026-03-28 08:42:13 [http-nio-8080-exec-1] INFO  com.dipanshu.BookManagerApi.service.BookmarkServiceImpl - START findAllBookmarksPaginated | page=0 | size=10 | sortBy=id | direction=asc
2026-03-28 08:42:13 [http-nio-8080-exec-1] INFO  com.dipanshu.BookManagerApi.service.BookmarkServiceImpl - SUCCESS findAllBookmarksPaginated | totalElements=11 | timeTaken=23ms
2026-03-28 08:42:13 [http-nio-8080-exec-2] INFO  com.dipanshu.BookManagerApi.security.JwtFilter - Authenticated user: asda
2026-03-28 08:42:13 [http-nio-8080-exec-2] INFO  com.dipanshu.BookManagerApi.service.BookmarkServiceImpl - START findAllBookmarksPaginated | page=0 | size=10 | sortBy=id | direction=asc
2026-03-28 08:42:13 [http-nio-8080-exec-2] INFO  com.dipanshu.BookManagerApi.service.BookmarkServiceImpl - SUCCESS findAllBookmarksPaginated | totalElements=11 | timeTaken=23ms
2026-03-28 08:43:29 [http-nio-8080-exec-3] INFO  com.dipanshu.BookManagerApi.security.JwtFilter - Authenticated user: asda
2026-03-28 08:43:29 [http-nio-8080-exec-3] INFO  com.dipanshu.BookManagerApi.service.BookmarkServiceImpl - Fetching bookmark | id=2
2026-03-28 08:43:38 [http-nio-8080-exec-4] INFO  com.dipanshu.BookManagerApi.security.JwtFilter - Authenticated user: asda
2026-03-28 08:43:38 [http-nio-8080-exec-4] INFO  com.dipanshu.BookManagerApi.service.BookmarkServiceImpl - START updateBookmark | id=2
2026-03-28 08:43:38 [http-nio-8080-exec-4] INFO  com.dipanshu.BookManagerApi.service.BookmarkServiceImpl - SUCCESS updateBookmark | id=2 | timeTaken=9ms
2026-03-28 08:43:38 [http-nio-8080-exec-5] INFO  com.dipanshu.BookManagerApi.security.JwtFilter - Authenticated user: asda
2026-03-28 08:43:38 [http-nio-8080-exec-5] INFO  com.dipanshu.BookManagerApi.service.BookmarkServiceImpl - START findAllBookmarksPaginated | page=0 | size=10 | sortBy=id | direction=asc
2026-03-28 08:43:38 [http-nio-8080-exec-5] INFO  com.dipanshu.BookManagerApi.service.BookmarkServiceImpl - SUCCESS findAllBookmarksPaginated | totalElements=11 | timeTaken=20ms
2026-03-28 08:43:51 [http-nio-8080-exec-7] INFO  com.dipanshu.BookManagerApi.security.JwtFilter - Authenticated user: asda
2026-03-28 08:43:51 [http-nio-8080-exec-7] INFO  com.dipanshu.BookManagerApi.service.BookmarkServiceImpl - START findAllBookmarksPaginated | page=0 | size=10 | sortBy=id | direction=asc
2026-03-28 08:43:51 [http-nio-8080-exec-7] INFO  com.dipanshu.BookManagerApi.service.BookmarkServiceImpl - SUCCESS findAllBookmarksPaginated | totalElements=11 | timeTaken=21ms
2026-03-28 08:43:51 [http-nio-8080-exec-8] INFO  com.dipanshu.BookManagerApi.security.JwtFilter - Authenticated user: asda
2026-03-28 08:43:51 [http-nio-8080-exec-8] INFO  com.dipanshu.BookManagerApi.service.BookmarkServiceImpl - START findAllBookmarksPaginated | page=0 | size=10 | sortBy=id | direction=asc
2026-03-28 08:43:51 [http-nio-8080-exec-8] INFO  com.dipanshu.BookManagerApi.service.BookmarkServiceImpl - SUCCESS findAllBookmarksPaginated | totalElements=11 | timeTaken=21ms
2026-03-28 08:43:53 [http-nio-8080-exec-9] INFO  com.dipanshu.BookManagerApi.security.JwtFilter - Authenticated user: asda
2026-03-28 08:43:53 [http-nio-8080-exec-9] INFO  com.dipanshu.BookManagerApi.service.BookmarkServiceImpl - START findBookmarksByTag | tag=social | page=0 | size=10 | sortBy=id | direction=asc
2026-03-28 08:43:53 [http-nio-8080-exec-9] INFO  com.dipanshu.BookManagerApi.service.BookmarkServiceImpl - SUCCESS findBookmarksByTag | count=1 | timeTaken=5ms
2026-03-28 08:43:54 [http-nio-8080-exec-10] INFO  com.dipanshu.BookManagerApi.security.JwtFilter - Authenticated user: asda
2026-03-28 08:43:54 [http-nio-8080-exec-10] INFO  com.dipanshu.BookManagerApi.service.BookmarkServiceImpl - START findBookmarksByTag | tag=social | page=0 | size=10 | sortBy=id | direction=asc
2026-03-28 08:43:54 [http-nio-8080-exec-10] INFO  com.dipanshu.BookManagerApi.service.BookmarkServiceImpl - SUCCESS findBookmarksByTag | count=1 | timeTaken=5ms
2026-03-28 08:43:59 [http-nio-8080-exec-1] INFO  com.dipanshu.BookManagerApi.security.JwtFilter - Authenticated user: asda
2026-03-28 08:43:59 [http-nio-8080-exec-1] INFO  com.dipanshu.BookManagerApi.service.BookmarkServiceImpl - START findAllBookmarksPaginated | page=0 | size=10 | sortBy=id | direction=asc
2026-03-28 08:43:59 [http-nio-8080-exec-1] INFO  com.dipanshu.BookManagerApi.service.BookmarkServiceImpl - SUCCESS findAllBookmarksPaginated | totalElements=11 | timeTaken=26ms
2026-03-28 08:44:08 [http-nio-8080-exec-3] INFO  com.dipanshu.BookManagerApi.security.JwtFilter - Authenticated user: asda
2026-03-28 08:44:08 [http-nio-8080-exec-3] INFO  com.dipanshu.BookManagerApi.service.BookmarkServiceImpl - START findAllBookmarksPaginated | page=0 | size=10 | sortBy=id | direction=asc
2026-03-28 08:44:08 [http-nio-8080-exec-3] INFO  com.dipanshu.BookManagerApi.service.BookmarkServiceImpl - SUCCESS findAllBookmarksPaginated | totalElements=11 | timeTaken=19ms
2026-03-28 08:44:12 [http-nio-8080-exec-4] INFO  com.dipanshu.BookManagerApi.security.JwtFilter - Authenticated user: asda
2026-03-28 08:44:12 [http-nio-8080-exec-4] INFO  com.dipanshu.BookManagerApi.service.BookmarkServiceImpl - START findBookmarksByTag | tag=dsa | page=0 | size=10 | sortBy=id | direction=asc
2026-03-28 08:44:12 [http-nio-8080-exec-4] INFO  com.dipanshu.BookManagerApi.service.BookmarkServiceImpl - SUCCESS findBookmarksByTag | count=2 | timeTaken=8ms
2026-03-28 08:44:14 [http-nio-8080-exec-5] INFO  com.dipanshu.BookManagerApi.security.JwtFilter - Authenticated user: asda
2026-03-28 08:44:14 [http-nio-8080-exec-5] INFO  com.dipanshu.BookManagerApi.service.BookmarkServiceImpl - START findAllBookmarksPaginated | page=0 | size=10 | sortBy=id | direction=asc
2026-03-28 08:44:14 [http-nio-8080-exec-5] INFO  com.dipanshu.BookManagerApi.service.BookmarkServiceImpl - SUCCESS findAllBookmarksPaginated | totalElements=11 | timeTaken=21ms
2026-03-28 08:46:12 [http-nio-8080-exec-8] INFO  com.dipanshu.BookManagerApi.security.JwtFilter - Authenticated user: asda
2026-03-28 08:46:12 [http-nio-8080-exec-8] INFO  com.dipanshu.BookManagerApi.service.BookmarkServiceImpl - START findAllBookmarksPaginated | page=0 | size=10 | sortBy=id | direction=asc
2026-03-28 08:46:12 [http-nio-8080-exec-8] INFO  com.dipanshu.BookManagerApi.service.BookmarkServiceImpl - SUCCESS findAllBookmarksPaginated | totalElements=11 | timeTaken=19ms
2026-03-28 08:46:12 [http-nio-8080-exec-9] INFO  com.dipanshu.BookManagerApi.security.JwtFilter - Authenticated user: asda
2026-03-28 08:46:12 [http-nio-8080-exec-9] INFO  com.dipanshu.BookManagerApi.service.BookmarkServiceImpl - START findAllBookmarksPaginated | page=0 | size=10 | sortBy=id | direction=asc
2026-03-28 08:46:12 [http-nio-8080-exec-9] INFO  com.dipanshu.BookManagerApi.service.BookmarkServiceImpl - SUCCESS findAllBookmarksPaginated | totalElements=11 | timeTaken=20ms
2026-03-28 08:46:50 [http-nio-8080-exec-10] INFO  com.dipanshu.BookManagerApi.security.JwtFilter - Authenticated user: asda
2026-03-28 08:46:50 [http-nio-8080-exec-10] INFO  com.dipanshu.BookManagerApi.service.BookmarkServiceImpl - START findAllBookmarksPaginated | page=0 | size=10 | sortBy=id | direction=asc
2026-03-28 08:46:50 [http-nio-8080-exec-10] INFO  com.dipanshu.BookManagerApi.service.BookmarkServiceImpl - SUCCESS findAllBookmarksPaginated | totalElements=11 | timeTaken=18ms
2026-03-28 08:47:29 [http-nio-8080-exec-1] INFO  com.dipanshu.BookManagerApi.security.JwtFilter - Authenticated user: asda
2026-03-28 08:47:29 [http-nio-8080-exec-1] INFO  com.dipanshu.BookManagerApi.service.BookmarkServiceImpl - START findAllBookmarksPaginated | page=0 | size=10 | sortBy=id | direction=asc
2026-03-28 08:47:29 [http-nio-8080-exec-1] INFO  com.dipanshu.BookManagerApi.service.BookmarkServiceImpl - SUCCESS findAllBookmarksPaginated | totalElements=11 | timeTaken=19ms
2026-03-28 08:47:29 [http-nio-8080-exec-2] INFO  com.dipanshu.BookManagerApi.security.JwtFilter - Authenticated user: asda
2026-03-28 08:47:29 [http-nio-8080-exec-2] INFO  com.dipanshu.BookManagerApi.service.BookmarkServiceImpl - START findAllBookmarksPaginated | page=0 | size=10 | sortBy=id | direction=asc
2026-03-28 08:47:29 [http-nio-8080-exec-2] INFO  com.dipanshu.BookManagerApi.service.BookmarkServiceImpl - SUCCESS findAllBookmarksPaginated | totalElements=11 | timeTaken=20ms
2026-03-28 08:47:30 [http-nio-8080-exec-3] INFO  com.dipanshu.BookManagerApi.security.JwtFilter - Authenticated user: asda
2026-03-28 08:47:30 [http-nio-8080-exec-3] INFO  com.dipanshu.BookManagerApi.service.BookmarkServiceImpl - START findAllBookmarksPaginated | page=0 | size=10 | sortBy=id | direction=asc
2026-03-28 08:47:30 [http-nio-8080-exec-3] INFO  com.dipanshu.BookManagerApi.service.BookmarkServiceImpl - SUCCESS findAllBookmarksPaginated | totalElements=11 | timeTaken=21ms
2026-03-28 08:47:30 [http-nio-8080-exec-4] INFO  com.dipanshu.BookManagerApi.security.JwtFilter - Authenticated user: asda
2026-03-28 08:47:30 [http-nio-8080-exec-4] INFO  com.dipanshu.BookManagerApi.service.BookmarkServiceImpl - START findAllBookmarksPaginated | page=0 | size=10 | sortBy=id | direction=asc
2026-03-28 08:47:30 [http-nio-8080-exec-4] INFO  com.dipanshu.BookManagerApi.service.BookmarkServiceImpl - SUCCESS findAllBookmarksPaginated | totalElements=11 | timeTaken=22ms
2026-03-28 08:48:49 [http-nio-8080-exec-5] INFO  com.dipanshu.BookManagerApi.security.JwtFilter - Authenticated user: asda
2026-03-28 08:48:49 [http-nio-8080-exec-5] INFO  com.dipanshu.BookManagerApi.service.BookmarkServiceImpl - START searchBookmarks | query=a | page=0 | size=10 | sortBy=id | direction=asc
2026-03-28 08:48:49 [http-nio-8080-exec-5] INFO  com.dipanshu.BookManagerApi.service.BookmarkServiceImpl - SUCCESS searchBookmarks | results=9 | timeTaken=19ms
2026-03-28 08:49:36 [http-nio-8080-exec-7] INFO  com.dipanshu.BookManagerApi.security.JwtFilter - Authenticated user: asda
2026-03-28 08:49:36 [http-nio-8080-exec-7] INFO  com.dipanshu.BookManagerApi.service.BookmarkServiceImpl - START searchBookmarks | query=a | page=0 | size=10 | sortBy=id | direction=asc
2026-03-28 08:49:36 [http-nio-8080-exec-7] INFO  com.dipanshu.BookManagerApi.service.BookmarkServiceImpl - SUCCESS searchBookmarks | results=9 | timeTaken=20ms
2026-03-28 08:50:02 [http-nio-8080-exec-6] INFO  com.dipanshu.BookManagerApi.security.JwtFilter - Authenticated user: asda
2026-03-28 08:50:02 [http-nio-8080-exec-6] INFO  com.dipanshu.BookManagerApi.service.BookmarkServiceImpl - START findAllBookmarksPaginated | page=0 | size=10 | sortBy=id | direction=asc
2026-03-28 08:50:02 [http-nio-8080-exec-6] INFO  com.dipanshu.BookManagerApi.service.BookmarkServiceImpl - SUCCESS findAllBookmarksPaginated | totalElements=11 | timeTaken=20ms
2026-03-28 08:50:02 [http-nio-8080-exec-8] INFO  com.dipanshu.BookManagerApi.security.JwtFilter - Authenticated user: asda
2026-03-28 08:50:02 [http-nio-8080-exec-8] INFO  com.dipanshu.BookManagerApi.service.BookmarkServiceImpl - START findAllBookmarksPaginated | page=0 | size=10 | sortBy=id | direction=asc
2026-03-28 08:50:02 [http-nio-8080-exec-8] INFO  com.dipanshu.BookManagerApi.service.BookmarkServiceImpl - SUCCESS findAllBookmarksPaginated | totalElements=11 | timeTaken=20ms
2026-03-28 08:50:04 [http-nio-8080-exec-9] INFO  com.dipanshu.BookManagerApi.security.JwtFilter - Authenticated user: asda
2026-03-28 08:50:04 [http-nio-8080-exec-9] INFO  com.dipanshu.BookManagerApi.service.BookmarkServiceImpl - START findAllBookmarksPaginated | page=0 | size=10 | sortBy=id | direction=asc
2026-03-28 08:50:04 [http-nio-8080-exec-9] INFO  com.dipanshu.BookManagerApi.service.BookmarkServiceImpl - SUCCESS findAllBookmarksPaginated | totalElements=11 | timeTaken=25ms
2026-03-28 08:50:04 [http-nio-8080-exec-10] INFO  com.dipanshu.BookManagerApi.security.JwtFilter - Authenticated user: asda
2026-03-28 08:50:04 [http-nio-8080-exec-10] INFO  com.dipanshu.BookManagerApi.service.BookmarkServiceImpl - START findAllBookmarksPaginated | page=0 | size=10 | sortBy=id | direction=asc
2026-03-28 08:50:04 [http-nio-8080-exec-10] INFO  com.dipanshu.BookManagerApi.service.BookmarkServiceImpl - SUCCESS findAllBookmarksPaginated | totalElements=11 | timeTaken=20ms
2026-03-28 08:50:22 [http-nio-8080-exec-1] INFO  com.dipanshu.BookManagerApi.security.JwtFilter - Authenticated user: asda
2026-03-28 08:50:22 [http-nio-8080-exec-1] INFO  com.dipanshu.BookManagerApi.service.BookmarkServiceImpl - START findAllBookmarksPaginated | page=0 | size=10 | sortBy=id | direction=asc
2026-03-28 08:50:22 [http-nio-8080-exec-1] INFO  com.dipanshu.BookManagerApi.service.BookmarkServiceImpl - SUCCESS findAllBookmarksPaginated | totalElements=11 | timeTaken=20ms
2026-03-28 08:50:22 [http-nio-8080-exec-2] INFO  com.dipanshu.BookManagerApi.security.JwtFilter - Authenticated user: asda
2026-03-28 08:50:22 [http-nio-8080-exec-2] INFO  com.dipanshu.BookManagerApi.service.BookmarkServiceImpl - START findAllBookmarksPaginated | page=0 | size=10 | sortBy=id | direction=asc
2026-03-28 08:50:22 [http-nio-8080-exec-2] INFO  com.dipanshu.BookManagerApi.service.BookmarkServiceImpl - SUCCESS findAllBookmarksPaginated | totalElements=11 | timeTaken=24ms
2026-03-28 08:52:02 [http-nio-8080-exec-3] INFO  com.dipanshu.BookManagerApi.security.JwtFilter - Authenticated user: asda
2026-03-28 08:52:02 [http-nio-8080-exec-3] INFO  com.dipanshu.BookManagerApi.service.BookmarkServiceImpl - START findAllBookmarksPaginated | page=0 | size=10 | sortBy=id | direction=asc
2026-03-28 08:52:02 [http-nio-8080-exec-3] INFO  com.dipanshu.BookManagerApi.service.BookmarkServiceImpl - SUCCESS findAllBookmarksPaginated | totalElements=11 | timeTaken=21ms
2026-03-28 08:52:02 [http-nio-8080-exec-4] INFO  com.dipanshu.BookManagerApi.security.JwtFilter - Authenticated user: asda
2026-03-28 08:52:02 [http-nio-8080-exec-4] INFO  com.dipanshu.BookManagerApi.service.BookmarkServiceImpl - START findAllBookmarksPaginated | page=0 | size=10 | sortBy=id | direction=asc
2026-03-28 08:52:02 [http-nio-8080-exec-4] INFO  com.dipanshu.BookManagerApi.service.BookmarkServiceImpl - SUCCESS findAllBookmarksPaginated | totalElements=11 | timeTaken=29ms
2026-03-28 08:52:43 [http-nio-8080-exec-5] INFO  com.dipanshu.BookManagerApi.security.JwtFilter - Authenticated user: asda
2026-03-28 08:52:43 [http-nio-8080-exec-5] INFO  com.dipanshu.BookManagerApi.service.BookmarkServiceImpl - START findAllBookmarksPaginated | page=0 | size=10 | sortBy=id | direction=asc
2026-03-28 08:52:43 [http-nio-8080-exec-5] INFO  com.dipanshu.BookManagerApi.service.BookmarkServiceImpl - SUCCESS findAllBookmarksPaginated | totalElements=11 | timeTaken=21ms
2026-03-28 08:52:43 [http-nio-8080-exec-7] INFO  com.dipanshu.BookManagerApi.security.JwtFilter - Authenticated user: asda
2026-03-28 08:52:43 [http-nio-8080-exec-7] INFO  com.dipanshu.BookManagerApi.service.BookmarkServiceImpl - START findAllBookmarksPaginated | page=0 | size=10 | sortBy=id | direction=asc
2026-03-28 08:52:43 [http-nio-8080-exec-7] INFO  com.dipanshu.BookManagerApi.service.BookmarkServiceImpl - SUCCESS findAllBookmarksPaginated | totalElements=11 | timeTaken=23ms
2026-03-28 08:53:39 [http-nio-8080-exec-6] INFO  com.dipanshu.BookManagerApi.security.JwtFilter - Authenticated user: asda
2026-03-28 08:53:39 [http-nio-8080-exec-6] INFO  com.dipanshu.BookManagerApi.service.BookmarkServiceImpl - START createBookmark | title=what | url=https://what.com
2026-03-28 08:53:39 [http-nio-8080-exec-6] DEBUG com.dipanshu.BookManagerApi.service.BookmarkServiceImpl - Resolving tags: [what]
2026-03-28 08:53:39 [http-nio-8080-exec-6] INFO  com.dipanshu.BookManagerApi.service.BookmarkServiceImpl - SUCCESS createBookmark | id=13 | timeTaken=9ms
2026-03-28 08:53:39 [http-nio-8080-exec-8] INFO  com.dipanshu.BookManagerApi.security.JwtFilter - Authenticated user: asda
2026-03-28 08:53:39 [http-nio-8080-exec-8] INFO  com.dipanshu.BookManagerApi.service.BookmarkServiceImpl - START findAllBookmarksPaginated | page=0 | size=10 | sortBy=id | direction=asc
2026-03-28 08:53:39 [http-nio-8080-exec-8] INFO  com.dipanshu.BookManagerApi.service.BookmarkServiceImpl - SUCCESS findAllBookmarksPaginated | totalElements=12 | timeTaken=17ms
2026-03-28 08:54:45 [http-nio-8080-exec-9] INFO  com.dipanshu.BookManagerApi.security.JwtFilter - Authenticated user: asda
2026-03-28 08:54:45 [http-nio-8080-exec-9] INFO  com.dipanshu.BookManagerApi.service.BookmarkServiceImpl - START findBookmarksByTag | tag=social | page=0 | size=10 | sortBy=id | direction=asc
2026-03-28 08:54:45 [http-nio-8080-exec-9] INFO  com.dipanshu.BookManagerApi.service.BookmarkServiceImpl - SUCCESS findBookmarksByTag | count=1 | timeTaken=4ms
2026-03-28 08:54:45 [http-nio-8080-exec-10] INFO  com.dipanshu.BookManagerApi.security.JwtFilter - Authenticated user: asda
2026-03-28 08:54:45 [http-nio-8080-exec-10] INFO  com.dipanshu.BookManagerApi.service.BookmarkServiceImpl - START findAllBookmarksPaginated | page=0 | size=10 | sortBy=id | direction=asc
2026-03-28 08:54:46 [http-nio-8080-exec-10] INFO  com.dipanshu.BookManagerApi.service.BookmarkServiceImpl - SUCCESS findAllBookmarksPaginated | totalElements=12 | timeTaken=21ms
2026-03-28 08:54:47 [http-nio-8080-exec-1] INFO  com.dipanshu.BookManagerApi.security.JwtFilter - Authenticated user: asda
2026-03-28 08:54:47 [http-nio-8080-exec-1] INFO  com.dipanshu.BookManagerApi.service.BookmarkServiceImpl - START findBookmarksByTag | tag=dsa | page=0 | size=10 | sortBy=id | direction=asc
2026-03-28 08:54:47 [http-nio-8080-exec-1] INFO  com.dipanshu.BookManagerApi.service.BookmarkServiceImpl - SUCCESS findBookmarksByTag | count=2 | timeTaken=8ms
2026-03-28 08:54:50 [http-nio-8080-exec-2] INFO  com.dipanshu.BookManagerApi.security.JwtFilter - Authenticated user: asda
2026-03-28 08:54:50 [http-nio-8080-exec-2] INFO  com.dipanshu.BookManagerApi.service.BookmarkServiceImpl - START findBookmarksByTag | tag=dsa | page=0 | size=10 | sortBy=id | direction=asc
2026-03-28 08:54:50 [http-nio-8080-exec-2] INFO  com.dipanshu.BookManagerApi.service.BookmarkServiceImpl - SUCCESS findBookmarksByTag | count=2 | timeTaken=6ms
2026-03-28 08:54:51 [http-nio-8080-exec-3] INFO  com.dipanshu.BookManagerApi.security.JwtFilter - Authenticated user: asda
2026-03-28 08:54:51 [http-nio-8080-exec-3] INFO  com.dipanshu.BookManagerApi.service.BookmarkServiceImpl - START findAllBookmarksPaginated | page=0 | size=10 | sortBy=id | direction=asc
2026-03-28 08:54:51 [http-nio-8080-exec-3] INFO  com.dipanshu.BookManagerApi.service.BookmarkServiceImpl - SUCCESS findAllBookmarksPaginated | totalElements=12 | timeTaken=18ms
2026-03-28 08:54:59 [http-nio-8080-exec-4] INFO  com.dipanshu.BookManagerApi.security.JwtFilter - Authenticated user: asda
2026-03-28 08:54:59 [http-nio-8080-exec-4] INFO  com.dipanshu.BookManagerApi.service.BookmarkServiceImpl - START findAllBookmarksPaginated | page=0 | size=10 | sortBy=id | direction=asc
2026-03-28 08:54:59 [http-nio-8080-exec-4] INFO  com.dipanshu.BookManagerApi.service.BookmarkServiceImpl - SUCCESS findAllBookmarksPaginated | totalElements=12 | timeTaken=24ms
2026-03-28 08:55:03 [http-nio-8080-exec-5] INFO  com.dipanshu.BookManagerApi.security.JwtFilter - Authenticated user: asda
2026-03-28 08:55:03 [http-nio-8080-exec-5] INFO  com.dipanshu.BookManagerApi.service.BookmarkServiceImpl - START findAllBookmarksPaginated | page=0 | size=10 | sortBy=id | direction=asc
2026-03-28 08:55:03 [http-nio-8080-exec-5] INFO  com.dipanshu.BookManagerApi.service.BookmarkServiceImpl - SUCCESS findAllBookmarksPaginated | totalElements=12 | timeTaken=21ms
2026-03-28 08:55:03 [http-nio-8080-exec-7] INFO  com.dipanshu.BookManagerApi.security.JwtFilter - Authenticated user: asda
2026-03-28 08:55:03 [http-nio-8080-exec-7] INFO  com.dipanshu.BookManagerApi.service.BookmarkServiceImpl - START findAllBookmarksPaginated | page=0 | size=10 | sortBy=id | direction=asc
2026-03-28 08:55:03 [http-nio-8080-exec-7] INFO  com.dipanshu.BookManagerApi.service.BookmarkServiceImpl - SUCCESS findAllBookmarksPaginated | totalElements=12 | timeTaken=19ms
2026-03-28 08:55:38 [http-nio-8080-exec-6] INFO  com.dipanshu.BookManagerApi.security.JwtFilter - Authenticated user: asda
2026-03-28 08:55:38 [http-nio-8080-exec-6] INFO  com.dipanshu.BookManagerApi.service.BookmarkServiceImpl - START findAllBookmarksPaginated | page=1 | size=10 | sortBy=id | direction=asc
2026-03-28 08:55:38 [http-nio-8080-exec-6] INFO  com.dipanshu.BookManagerApi.service.BookmarkServiceImpl - SUCCESS findAllBookmarksPaginated | totalElements=12 | timeTaken=7ms
2026-03-28 08:55:42 [http-nio-8080-exec-8] INFO  com.dipanshu.BookManagerApi.security.JwtFilter - Authenticated user: asda
2026-03-28 08:55:42 [http-nio-8080-exec-8] INFO  com.dipanshu.BookManagerApi.service.BookmarkServiceImpl - START findAllBookmarksPaginated | page=0 | size=10 | sortBy=id | direction=asc
2026-03-28 08:55:42 [http-nio-8080-exec-8] INFO  com.dipanshu.BookManagerApi.service.BookmarkServiceImpl - SUCCESS findAllBookmarksPaginated | totalElements=12 | timeTaken=20ms
2026-03-28 08:55:46 [http-nio-8080-exec-9] INFO  com.dipanshu.BookManagerApi.security.JwtFilter - Authenticated user: asda
2026-03-28 08:55:46 [http-nio-8080-exec-9] INFO  com.dipanshu.BookManagerApi.service.BookmarkServiceImpl - START findAllBookmarksPaginated | page=0 | size=10 | sortBy=id | direction=asc
2026-03-28 08:55:46 [http-nio-8080-exec-9] INFO  com.dipanshu.BookManagerApi.service.BookmarkServiceImpl - SUCCESS findAllBookmarksPaginated | totalElements=12 | timeTaken=20ms
2026-03-28 08:55:46 [http-nio-8080-exec-10] INFO  com.dipanshu.BookManagerApi.security.JwtFilter - Authenticated user: asda
2026-03-28 08:55:46 [http-nio-8080-exec-10] INFO  com.dipanshu.BookManagerApi.service.BookmarkServiceImpl - START findAllBookmarksPaginated | page=0 | size=10 | sortBy=id | direction=asc
2026-03-28 08:55:46 [http-nio-8080-exec-10] INFO  com.dipanshu.BookManagerApi.service.BookmarkServiceImpl - SUCCESS findAllBookmarksPaginated | totalElements=12 | timeTaken=22ms
2026-03-28 08:55:54 [http-nio-8080-exec-3] INFO  com.dipanshu.BookManagerApi.security.JwtFilter - Authenticated user: asda
2026-03-28 08:55:54 [http-nio-8080-exec-3] INFO  com.dipanshu.BookManagerApi.service.BookmarkServiceImpl - START findAllBookmarksPaginated | page=0 | size=10 | sortBy=id | direction=asc
2026-03-28 08:55:54 [http-nio-8080-exec-3] INFO  com.dipanshu.BookManagerApi.service.BookmarkServiceImpl - SUCCESS findAllBookmarksPaginated | totalElements=12 | timeTaken=22ms
2026-03-28 08:55:54 [http-nio-8080-exec-4] INFO  com.dipanshu.BookManagerApi.security.JwtFilter - Authenticated user: asda
2026-03-28 08:55:54 [http-nio-8080-exec-4] INFO  com.dipanshu.BookManagerApi.service.BookmarkServiceImpl - START findAllBookmarksPaginated | page=0 | size=10 | sortBy=id | direction=asc
2026-03-28 08:55:55 [http-nio-8080-exec-4] INFO  com.dipanshu.BookManagerApi.service.BookmarkServiceImpl - SUCCESS findAllBookmarksPaginated | totalElements=12 | timeTaken=21ms
2026-03-28 08:55:59 [http-nio-8080-exec-5] INFO  com.dipanshu.BookManagerApi.security.JwtFilter - Authenticated user: asda
2026-03-28 08:55:59 [http-nio-8080-exec-5] INFO  com.dipanshu.BookManagerApi.service.BookmarkServiceImpl - START toggleFavorite | id=7
2026-03-28 08:55:59 [http-nio-8080-exec-5] INFO  com.dipanshu.BookManagerApi.service.BookmarkServiceImpl - SUCCESS toggleFavorite | id=7 | newValue=true | timeTaken=4ms
2026-03-28 08:55:59 [http-nio-8080-exec-7] INFO  com.dipanshu.BookManagerApi.security.JwtFilter - Authenticated user: asda
2026-03-28 08:55:59 [http-nio-8080-exec-7] INFO  com.dipanshu.BookManagerApi.service.BookmarkServiceImpl - START findAllBookmarksPaginated | page=0 | size=10 | sortBy=id | direction=asc
2026-03-28 08:55:59 [http-nio-8080-exec-7] INFO  com.dipanshu.BookManagerApi.service.BookmarkServiceImpl - SUCCESS findAllBookmarksPaginated | totalElements=12 | timeTaken=22ms
2026-03-28 08:56:02 [http-nio-8080-exec-6] INFO  com.dipanshu.BookManagerApi.security.JwtFilter - Authenticated user: asda
2026-03-28 08:56:02 [http-nio-8080-exec-6] INFO  com.dipanshu.BookManagerApi.service.BookmarkServiceImpl - START toggleFavorite | id=9
2026-03-28 08:56:02 [http-nio-8080-exec-6] INFO  com.dipanshu.BookManagerApi.service.BookmarkServiceImpl - SUCCESS toggleFavorite | id=9 | newValue=true | timeTaken=2ms
2026-03-28 08:56:02 [http-nio-8080-exec-8] INFO  com.dipanshu.BookManagerApi.security.JwtFilter - Authenticated user: asda
2026-03-28 08:56:02 [http-nio-8080-exec-8] INFO  com.dipanshu.BookManagerApi.service.BookmarkServiceImpl - START findAllBookmarksPaginated | page=0 | size=10 | sortBy=id | direction=asc
2026-03-28 08:56:02 [http-nio-8080-exec-8] INFO  com.dipanshu.BookManagerApi.service.BookmarkServiceImpl - SUCCESS findAllBookmarksPaginated | totalElements=12 | timeTaken=17ms
2026-03-28 08:57:47 [http-nio-8080-exec-9] INFO  com.dipanshu.BookManagerApi.security.JwtFilter - Authenticated user: asda
2026-03-28 08:57:47 [http-nio-8080-exec-9] INFO  com.dipanshu.BookManagerApi.service.BookmarkServiceImpl - START findAllBookmarksPaginated | page=0 | size=10 | sortBy=id | direction=asc
2026-03-28 08:57:47 [http-nio-8080-exec-9] INFO  com.dipanshu.BookManagerApi.service.BookmarkServiceImpl - SUCCESS findAllBookmarksPaginated | totalElements=12 | timeTaken=20ms
2026-03-28 08:57:47 [http-nio-8080-exec-10] INFO  com.dipanshu.BookManagerApi.security.JwtFilter - Authenticated user: asda
2026-03-28 08:57:47 [http-nio-8080-exec-10] INFO  com.dipanshu.BookManagerApi.service.BookmarkServiceImpl - START findAllBookmarksPaginated | page=0 | size=10 | sortBy=id | direction=asc
2026-03-28 08:57:47 [http-nio-8080-exec-10] INFO  com.dipanshu.BookManagerApi.service.BookmarkServiceImpl - SUCCESS findAllBookmarksPaginated | totalElements=12 | timeTaken=22ms
2026-03-28 08:58:30 [http-nio-8080-exec-2] INFO  com.dipanshu.BookManagerApi.security.JwtFilter - Authenticated user: asda
2026-03-28 08:58:30 [http-nio-8080-exec-2] INFO  com.dipanshu.BookManagerApi.service.BookmarkServiceImpl - START findAllBookmarksPaginated | page=0 | size=5 | sortBy=id | direction=asc
2026-03-28 08:58:30 [http-nio-8080-exec-2] INFO  com.dipanshu.BookManagerApi.service.BookmarkServiceImpl - SUCCESS findAllBookmarksPaginated | totalElements=12 | timeTaken=15ms
2026-03-28 08:58:35 [http-nio-8080-exec-1] INFO  com.dipanshu.BookManagerApi.security.JwtFilter - Authenticated user: asda
2026-03-28 08:58:35 [http-nio-8080-exec-1] INFO  com.dipanshu.BookManagerApi.service.BookmarkServiceImpl - START findAllBookmarksPaginated | page=0 | size=10 | sortBy=id | direction=asc
2026-03-28 08:58:35 [http-nio-8080-exec-1] INFO  com.dipanshu.BookManagerApi.service.BookmarkServiceImpl - SUCCESS findAllBookmarksPaginated | totalElements=12 | timeTaken=21ms
2026-03-28 08:58:35 [http-nio-8080-exec-3] INFO  com.dipanshu.BookManagerApi.security.JwtFilter - Authenticated user: asda
2026-03-28 08:58:35 [http-nio-8080-exec-3] INFO  com.dipanshu.BookManagerApi.service.BookmarkServiceImpl - START findAllBookmarksPaginated | page=0 | size=10 | sortBy=id | direction=asc
2026-03-28 08:58:35 [http-nio-8080-exec-3] INFO  com.dipanshu.BookManagerApi.service.BookmarkServiceImpl - SUCCESS findAllBookmarksPaginated | totalElements=12 | timeTaken=20ms
2026-03-28 08:58:36 [http-nio-8080-exec-4] INFO  com.dipanshu.BookManagerApi.security.JwtFilter - Authenticated user: asda
2026-03-28 08:58:36 [http-nio-8080-exec-4] INFO  com.dipanshu.BookManagerApi.service.BookmarkServiceImpl - START findAllBookmarksPaginated | page=0 | size=10 | sortBy=id | direction=asc
2026-03-28 08:58:36 [http-nio-8080-exec-4] INFO  com.dipanshu.BookManagerApi.service.BookmarkServiceImpl - SUCCESS findAllBookmarksPaginated | totalElements=12 | timeTaken=20ms
2026-03-28 08:58:36 [http-nio-8080-exec-5] INFO  com.dipanshu.BookManagerApi.security.JwtFilter - Authenticated user: asda
2026-03-28 08:58:36 [http-nio-8080-exec-5] INFO  com.dipanshu.BookManagerApi.service.BookmarkServiceImpl - START findAllBookmarksPaginated | page=0 | size=10 | sortBy=id | direction=asc
2026-03-28 08:58:36 [http-nio-8080-exec-5] INFO  com.dipanshu.BookManagerApi.service.BookmarkServiceImpl - SUCCESS findAllBookmarksPaginated | totalElements=12 | timeTaken=19ms
2026-03-28 08:58:36 [http-nio-8080-exec-7] INFO  com.dipanshu.BookManagerApi.security.JwtFilter - Authenticated user: asda
2026-03-28 08:58:36 [http-nio-8080-exec-7] INFO  com.dipanshu.BookManagerApi.service.BookmarkServiceImpl - START findAllBookmarksPaginated | page=0 | size=10 | sortBy=id | direction=asc
2026-03-28 08:58:36 [http-nio-8080-exec-7] INFO  com.dipanshu.BookManagerApi.service.BookmarkServiceImpl - SUCCESS findAllBookmarksPaginated | totalElements=12 | timeTaken=19ms
2026-03-28 08:58:36 [http-nio-8080-exec-6] INFO  com.dipanshu.BookManagerApi.security.JwtFilter - Authenticated user: asda
2026-03-28 08:58:36 [http-nio-8080-exec-6] INFO  com.dipanshu.BookManagerApi.service.BookmarkServiceImpl - START findAllBookmarksPaginated | page=0 | size=10 | sortBy=id | direction=asc
2026-03-28 08:58:36 [http-nio-8080-exec-6] INFO  com.dipanshu.BookManagerApi.service.BookmarkServiceImpl - SUCCESS findAllBookmarksPaginated | totalElements=12 | timeTaken=18ms
2026-03-28 08:58:37 [http-nio-8080-exec-8] INFO  com.dipanshu.BookManagerApi.security.JwtFilter - Authenticated user: asda
2026-03-28 08:58:37 [http-nio-8080-exec-8] INFO  com.dipanshu.BookManagerApi.service.BookmarkServiceImpl - START findAllBookmarksPaginated | page=0 | size=10 | sortBy=id | direction=asc
2026-03-28 08:58:37 [http-nio-8080-exec-8] INFO  com.dipanshu.BookManagerApi.service.BookmarkServiceImpl - SUCCESS findAllBookmarksPaginated | totalElements=12 | timeTaken=20ms
2026-03-28 08:58:37 [http-nio-8080-exec-9] INFO  com.dipanshu.BookManagerApi.security.JwtFilter - Authenticated user: asda
2026-03-28 08:58:37 [http-nio-8080-exec-9] INFO  com.dipanshu.BookManagerApi.service.BookmarkServiceImpl - START findAllBookmarksPaginated | page=0 | size=10 | sortBy=id | direction=asc
2026-03-28 08:58:37 [http-nio-8080-exec-9] INFO  com.dipanshu.BookManagerApi.service.BookmarkServiceImpl - SUCCESS findAllBookmarksPaginated | totalElements=12 | timeTaken=18ms
2026-03-28 08:58:37 [http-nio-8080-exec-10] INFO  com.dipanshu.BookManagerApi.security.JwtFilter - Authenticated user: asda
2026-03-28 08:58:37 [http-nio-8080-exec-10] INFO  com.dipanshu.BookManagerApi.service.BookmarkServiceImpl - START findAllBookmarksPaginated | page=0 | size=10 | sortBy=id | direction=asc
2026-03-28 08:58:37 [http-nio-8080-exec-10] INFO  com.dipanshu.BookManagerApi.service.BookmarkServiceImpl - SUCCESS findAllBookmarksPaginated | totalElements=12 | timeTaken=21ms
2026-03-28 08:58:37 [http-nio-8080-exec-2] INFO  com.dipanshu.BookManagerApi.security.JwtFilter - Authenticated user: asda
2026-03-28 08:58:37 [http-nio-8080-exec-2] INFO  com.dipanshu.BookManagerApi.service.BookmarkServiceImpl - START findAllBookmarksPaginated | page=0 | size=10 | sortBy=id | direction=asc
2026-03-28 08:58:37 [http-nio-8080-exec-2] INFO  com.dipanshu.BookManagerApi.service.BookmarkServiceImpl - SUCCESS findAllBookmarksPaginated | totalElements=12 | timeTaken=19ms
2026-03-28 08:58:37 [http-nio-8080-exec-1] INFO  com.dipanshu.BookManagerApi.security.JwtFilter - Authenticated user: asda
2026-03-28 08:58:37 [http-nio-8080-exec-1] INFO  com.dipanshu.BookManagerApi.service.BookmarkServiceImpl - START findAllBookmarksPaginated | page=0 | size=10 | sortBy=id | direction=asc
2026-03-28 08:58:37 [http-nio-8080-exec-1] INFO  com.dipanshu.BookManagerApi.service.BookmarkServiceImpl - SUCCESS findAllBookmarksPaginated | totalElements=12 | timeTaken=19ms
2026-03-28 08:58:37 [http-nio-8080-exec-3] INFO  com.dipanshu.BookManagerApi.security.JwtFilter - Authenticated user: asda
2026-03-28 08:58:37 [http-nio-8080-exec-3] INFO  com.dipanshu.BookManagerApi.service.BookmarkServiceImpl - START findAllBookmarksPaginated | page=0 | size=10 | sortBy=id | direction=asc
2026-03-28 08:58:37 [http-nio-8080-exec-3] INFO  com.dipanshu.BookManagerApi.service.BookmarkServiceImpl - SUCCESS findAllBookmarksPaginated | totalElements=12 | timeTaken=19ms
2026-03-28 08:58:37 [http-nio-8080-exec-4] INFO  com.dipanshu.BookManagerApi.security.JwtFilter - Authenticated user: asda
2026-03-28 08:58:37 [http-nio-8080-exec-4] INFO  com.dipanshu.BookManagerApi.service.BookmarkServiceImpl - START findAllBookmarksPaginated | page=0 | size=10 | sortBy=id | direction=asc
2026-03-28 08:58:37 [http-nio-8080-exec-4] INFO  com.dipanshu.BookManagerApi.service.BookmarkServiceImpl - SUCCESS findAllBookmarksPaginated | totalElements=12 | timeTaken=20ms
2026-03-28 08:58:37 [http-nio-8080-exec-5] INFO  com.dipanshu.BookManagerApi.security.JwtFilter - Authenticated user: asda
2026-03-28 08:58:37 [http-nio-8080-exec-5] INFO  com.dipanshu.BookManagerApi.service.BookmarkServiceImpl - START findAllBookmarksPaginated | page=0 | size=10 | sortBy=id | direction=asc
2026-03-28 08:58:37 [http-nio-8080-exec-5] INFO  com.dipanshu.BookManagerApi.service.BookmarkServiceImpl - SUCCESS findAllBookmarksPaginated | totalElements=12 | timeTaken=18ms
2026-03-28 08:58:37 [http-nio-8080-exec-7] INFO  com.dipanshu.BookManagerApi.security.JwtFilter - Authenticated user: asda
2026-03-28 08:58:37 [http-nio-8080-exec-7] INFO  com.dipanshu.BookManagerApi.service.BookmarkServiceImpl - START findAllBookmarksPaginated | page=0 | size=10 | sortBy=id | direction=asc
2026-03-28 08:58:37 [http-nio-8080-exec-7] INFO  com.dipanshu.BookManagerApi.service.BookmarkServiceImpl - SUCCESS findAllBookmarksPaginated | totalElements=12 | timeTaken=22ms
2026-03-28 08:58:37 [http-nio-8080-exec-6] INFO  com.dipanshu.BookManagerApi.security.JwtFilter - Authenticated user: asda
2026-03-28 08:58:37 [http-nio-8080-exec-6] INFO  com.dipanshu.BookManagerApi.service.BookmarkServiceImpl - START findAllBookmarksPaginated | page=0 | size=10 | sortBy=id | direction=asc
2026-03-28 08:58:37 [http-nio-8080-exec-6] INFO  com.dipanshu.BookManagerApi.service.BookmarkServiceImpl - SUCCESS findAllBookmarksPaginated | totalElements=12 | timeTaken=19ms
2026-03-28 09:00:46 [http-nio-8080-exec-10] INFO  com.dipanshu.BookManagerApi.security.JwtFilter - Authenticated user: asda
2026-03-28 09:00:46 [http-nio-8080-exec-10] INFO  com.dipanshu.BookManagerApi.service.BookmarkServiceImpl - START findAllBookmarksPaginated | page=0 | size=10 | sortBy=id | direction=asc
2026-03-28 09:00:46 [http-nio-8080-exec-10] INFO  com.dipanshu.BookManagerApi.service.BookmarkServiceImpl - SUCCESS findAllBookmarksPaginated | totalElements=12 | timeTaken=22ms
2026-03-28 09:00:46 [http-nio-8080-exec-2] INFO  com.dipanshu.BookManagerApi.security.JwtFilter - Authenticated user: asda
2026-03-28 09:00:46 [http-nio-8080-exec-2] INFO  com.dipanshu.BookManagerApi.service.BookmarkServiceImpl - START findAllBookmarksPaginated | page=0 | size=10 | sortBy=id | direction=asc
2026-03-28 09:00:46 [http-nio-8080-exec-2] INFO  com.dipanshu.BookManagerApi.service.BookmarkServiceImpl - SUCCESS findAllBookmarksPaginated | totalElements=12 | timeTaken=21ms
2026-03-28 09:01:07 [http-nio-8080-exec-1] INFO  com.dipanshu.BookManagerApi.security.JwtFilter - Authenticated user: asda
2026-03-28 09:01:07 [http-nio-8080-exec-1] INFO  com.dipanshu.BookManagerApi.service.BookmarkServiceImpl - START findAllBookmarksPaginated | page=0 | size=10 | sortBy=id | direction=asc
2026-03-28 09:01:07 [http-nio-8080-exec-1] INFO  com.dipanshu.BookManagerApi.service.BookmarkServiceImpl - SUCCESS findAllBookmarksPaginated | totalElements=12 | timeTaken=23ms
2026-03-28 09:01:07 [http-nio-8080-exec-3] INFO  com.dipanshu.BookManagerApi.security.JwtFilter - Authenticated user: asda
2026-03-28 09:01:07 [http-nio-8080-exec-3] INFO  com.dipanshu.BookManagerApi.service.BookmarkServiceImpl - START findAllBookmarksPaginated | page=0 | size=10 | sortBy=id | direction=asc
2026-03-28 09:01:07 [http-nio-8080-exec-3] INFO  com.dipanshu.BookManagerApi.service.BookmarkServiceImpl - SUCCESS findAllBookmarksPaginated | totalElements=12 | timeTaken=21ms
2026-03-28 09:01:10 [http-nio-8080-exec-4] INFO  com.dipanshu.BookManagerApi.security.JwtFilter - Authenticated user: asda
2026-03-28 09:01:10 [http-nio-8080-exec-4] INFO  com.dipanshu.BookManagerApi.service.BookmarkServiceImpl - START findAllBookmarksPaginated | page=0 | size=10 | sortBy=id | direction=asc
2026-03-28 09:01:10 [http-nio-8080-exec-4] INFO  com.dipanshu.BookManagerApi.service.BookmarkServiceImpl - SUCCESS findAllBookmarksPaginated | totalElements=12 | timeTaken=26ms
2026-03-28 09:01:10 [http-nio-8080-exec-5] INFO  com.dipanshu.BookManagerApi.security.JwtFilter - Authenticated user: asda
2026-03-28 09:01:10 [http-nio-8080-exec-5] INFO  com.dipanshu.BookManagerApi.service.BookmarkServiceImpl - START findAllBookmarksPaginated | page=0 | size=10 | sortBy=id | direction=asc
2026-03-28 09:01:10 [http-nio-8080-exec-5] INFO  com.dipanshu.BookManagerApi.service.BookmarkServiceImpl - SUCCESS findAllBookmarksPaginated | totalElements=12 | timeTaken=18ms
2026-03-28 09:01:10 [http-nio-8080-exec-7] INFO  com.dipanshu.BookManagerApi.security.JwtFilter - Authenticated user: asda
2026-03-28 09:01:10 [http-nio-8080-exec-7] INFO  com.dipanshu.BookManagerApi.service.BookmarkServiceImpl - START findAllBookmarksPaginated | page=0 | size=10 | sortBy=id | direction=asc
2026-03-28 09:01:10 [http-nio-8080-exec-7] INFO  com.dipanshu.BookManagerApi.service.BookmarkServiceImpl - SUCCESS findAllBookmarksPaginated | totalElements=12 | timeTaken=21ms
2026-03-28 09:01:10 [http-nio-8080-exec-6] INFO  com.dipanshu.BookManagerApi.security.JwtFilter - Authenticated user: asda
2026-03-28 09:01:10 [http-nio-8080-exec-6] INFO  com.dipanshu.BookManagerApi.service.BookmarkServiceImpl - START findAllBookmarksPaginated | page=0 | size=10 | sortBy=id | direction=asc
2026-03-28 09:01:10 [http-nio-8080-exec-6] INFO  com.dipanshu.BookManagerApi.service.BookmarkServiceImpl - SUCCESS findAllBookmarksPaginated | totalElements=12 | timeTaken=18ms
2026-03-28 09:01:26 [http-nio-8080-exec-10] INFO  com.dipanshu.BookManagerApi.security.JwtFilter - Authenticated user: asda
2026-03-28 09:01:26 [http-nio-8080-exec-10] INFO  com.dipanshu.BookManagerApi.service.BookmarkServiceImpl - START findAllBookmarksPaginated | page=0 | size=10 | sortBy=id | direction=asc
2026-03-28 09:01:26 [http-nio-8080-exec-10] INFO  com.dipanshu.BookManagerApi.service.BookmarkServiceImpl - SUCCESS findAllBookmarksPaginated | totalElements=12 | timeTaken=21ms
2026-03-28 09:01:26 [http-nio-8080-exec-2] INFO  com.dipanshu.BookManagerApi.security.JwtFilter - Authenticated user: asda
2026-03-28 09:01:26 [http-nio-8080-exec-2] INFO  com.dipanshu.BookManagerApi.service.BookmarkServiceImpl - START findAllBookmarksPaginated | page=0 | size=10 | sortBy=id | direction=asc
2026-03-28 09:01:26 [http-nio-8080-exec-2] INFO  com.dipanshu.BookManagerApi.service.BookmarkServiceImpl - SUCCESS findAllBookmarksPaginated | totalElements=12 | timeTaken=18ms
2026-03-28 09:01:27 [http-nio-8080-exec-1] INFO  com.dipanshu.BookManagerApi.security.JwtFilter - Authenticated user: asda
2026-03-28 09:01:27 [http-nio-8080-exec-1] INFO  com.dipanshu.BookManagerApi.service.BookmarkServiceImpl - START findAllBookmarksPaginated | page=0 | size=10 | sortBy=id | direction=asc
2026-03-28 09:01:27 [http-nio-8080-exec-1] INFO  com.dipanshu.BookManagerApi.service.BookmarkServiceImpl - SUCCESS findAllBookmarksPaginated | totalElements=12 | timeTaken=21ms
2026-03-28 09:01:27 [http-nio-8080-exec-3] INFO  com.dipanshu.BookManagerApi.security.JwtFilter - Authenticated user: asda
2026-03-28 09:01:27 [http-nio-8080-exec-3] INFO  com.dipanshu.BookManagerApi.service.BookmarkServiceImpl - START findAllBookmarksPaginated | page=0 | size=10 | sortBy=id | direction=asc
2026-03-28 09:01:27 [http-nio-8080-exec-3] INFO  com.dipanshu.BookManagerApi.service.BookmarkServiceImpl - SUCCESS findAllBookmarksPaginated | totalElements=12 | timeTaken=17ms
2026-03-28 09:01:27 [http-nio-8080-exec-4] INFO  com.dipanshu.BookManagerApi.security.JwtFilter - Authenticated user: asda
2026-03-28 09:01:27 [http-nio-8080-exec-4] INFO  com.dipanshu.BookManagerApi.service.BookmarkServiceImpl - START findAllBookmarksPaginated | page=0 | size=10 | sortBy=id | direction=asc
2026-03-28 09:01:27 [http-nio-8080-exec-4] INFO  com.dipanshu.BookManagerApi.service.BookmarkServiceImpl - SUCCESS findAllBookmarksPaginated | totalElements=12 | timeTaken=19ms
2026-03-28 09:01:27 [http-nio-8080-exec-5] INFO  com.dipanshu.BookManagerApi.security.JwtFilter - Authenticated user: asda
2026-03-28 09:01:27 [http-nio-8080-exec-5] INFO  com.dipanshu.BookManagerApi.service.BookmarkServiceImpl - START findAllBookmarksPaginated | page=0 | size=10 | sortBy=id | direction=asc
2026-03-28 09:01:27 [http-nio-8080-exec-5] INFO  com.dipanshu.BookManagerApi.service.BookmarkServiceImpl - SUCCESS findAllBookmarksPaginated | totalElements=12 | timeTaken=20ms
2026-03-28 09:01:28 [http-nio-8080-exec-8] INFO  com.dipanshu.BookManagerApi.security.JwtFilter - Authenticated user: asda
2026-03-28 09:01:28 [http-nio-8080-exec-8] INFO  com.dipanshu.BookManagerApi.service.BookmarkServiceImpl - START findAllBookmarksPaginated | page=0 | size=10 | sortBy=id | direction=asc
2026-03-28 09:01:28 [http-nio-8080-exec-8] INFO  com.dipanshu.BookManagerApi.service.BookmarkServiceImpl - SUCCESS findAllBookmarksPaginated | totalElements=12 | timeTaken=21ms
2026-03-28 09:01:28 [http-nio-8080-exec-9] INFO  com.dipanshu.BookManagerApi.security.JwtFilter - Authenticated user: asda
2026-03-28 09:01:28 [http-nio-8080-exec-9] INFO  com.dipanshu.BookManagerApi.service.BookmarkServiceImpl - START findAllBookmarksPaginated | page=0 | size=10 | sortBy=id | direction=asc
2026-03-28 09:01:28 [http-nio-8080-exec-9] INFO  com.dipanshu.BookManagerApi.service.BookmarkServiceImpl - SUCCESS findAllBookmarksPaginated | totalElements=12 | timeTaken=17ms
2026-03-28 09:01:38 [http-nio-8080-exec-1] INFO  com.dipanshu.BookManagerApi.security.JwtFilter - Authenticated user: asda
2026-03-28 09:01:39 [http-nio-8080-exec-1] INFO  com.dipanshu.BookManagerApi.service.BookmarkServiceImpl - START findAllBookmarksPaginated | page=0 | size=10 | sortBy=id | direction=asc
2026-03-28 09:01:39 [http-nio-8080-exec-1] INFO  com.dipanshu.BookManagerApi.service.BookmarkServiceImpl - SUCCESS findAllBookmarksPaginated | totalElements=12 | timeTaken=17ms
2026-03-28 09:01:39 [http-nio-8080-exec-3] INFO  com.dipanshu.BookManagerApi.security.JwtFilter - Authenticated user: asda
2026-03-28 09:01:39 [http-nio-8080-exec-3] INFO  com.dipanshu.BookManagerApi.service.BookmarkServiceImpl - START findAllBookmarksPaginated | page=0 | size=10 | sortBy=id | direction=asc
2026-03-28 09:01:39 [http-nio-8080-exec-3] INFO  com.dipanshu.BookManagerApi.service.BookmarkServiceImpl - SUCCESS findAllBookmarksPaginated | totalElements=12 | timeTaken=16ms
2026-03-28 09:01:41 [http-nio-8080-exec-7] INFO  com.dipanshu.BookManagerApi.security.JwtFilter - Authenticated user: asda
2026-03-28 09:01:41 [http-nio-8080-exec-7] INFO  com.dipanshu.BookManagerApi.service.BookmarkServiceImpl - START findAllBookmarksPaginated | page=0 | size=10 | sortBy=id | direction=asc
2026-03-28 09:01:41 [http-nio-8080-exec-7] INFO  com.dipanshu.BookManagerApi.service.BookmarkServiceImpl - SUCCESS findAllBookmarksPaginated | totalElements=12 | timeTaken=18ms
2026-03-28 09:01:41 [http-nio-8080-exec-6] INFO  com.dipanshu.BookManagerApi.security.JwtFilter - Authenticated user: asda
2026-03-28 09:01:41 [http-nio-8080-exec-6] INFO  com.dipanshu.BookManagerApi.service.BookmarkServiceImpl - START findAllBookmarksPaginated | page=0 | size=10 | sortBy=id | direction=asc
2026-03-28 09:01:41 [http-nio-8080-exec-6] INFO  com.dipanshu.BookManagerApi.service.BookmarkServiceImpl - SUCCESS findAllBookmarksPaginated | totalElements=12 | timeTaken=17ms
2026-03-28 09:02:05 [http-nio-8080-exec-8] INFO  com.dipanshu.BookManagerApi.security.JwtFilter - Authenticated user: asda
2026-03-28 09:02:05 [http-nio-8080-exec-8] INFO  com.dipanshu.BookManagerApi.service.BookmarkServiceImpl - START findAllBookmarksPaginated | page=0 | size=10 | sortBy=id | direction=asc
2026-03-28 09:02:05 [http-nio-8080-exec-8] INFO  com.dipanshu.BookManagerApi.service.BookmarkServiceImpl - SUCCESS findAllBookmarksPaginated | totalElements=12 | timeTaken=18ms
2026-03-28 09:02:05 [http-nio-8080-exec-9] INFO  com.dipanshu.BookManagerApi.security.JwtFilter - Authenticated user: asda
2026-03-28 09:02:05 [http-nio-8080-exec-9] INFO  com.dipanshu.BookManagerApi.service.BookmarkServiceImpl - START findAllBookmarksPaginated | page=0 | size=10 | sortBy=id | direction=asc
2026-03-28 09:02:05 [http-nio-8080-exec-9] INFO  com.dipanshu.BookManagerApi.service.BookmarkServiceImpl - SUCCESS findAllBookmarksPaginated | totalElements=12 | timeTaken=15ms
2026-03-28 09:02:06 [http-nio-8080-exec-2] INFO  com.dipanshu.BookManagerApi.security.JwtFilter - Authenticated user: asda
2026-03-28 09:02:06 [http-nio-8080-exec-2] INFO  com.dipanshu.BookManagerApi.service.BookmarkServiceImpl - START findAllBookmarksPaginated | page=0 | size=10 | sortBy=id | direction=asc
2026-03-28 09:02:06 [http-nio-8080-exec-2] INFO  com.dipanshu.BookManagerApi.service.BookmarkServiceImpl - SUCCESS findAllBookmarksPaginated | totalElements=12 | timeTaken=19ms
2026-03-28 09:02:06 [http-nio-8080-exec-10] INFO  com.dipanshu.BookManagerApi.security.JwtFilter - Authenticated user: asda
2026-03-28 09:02:06 [http-nio-8080-exec-10] INFO  com.dipanshu.BookManagerApi.service.BookmarkServiceImpl - START findAllBookmarksPaginated | page=0 | size=10 | sortBy=id | direction=asc
2026-03-28 09:02:06 [http-nio-8080-exec-10] INFO  com.dipanshu.BookManagerApi.service.BookmarkServiceImpl - SUCCESS findAllBookmarksPaginated | totalElements=12 | timeTaken=18ms
2026-03-28 09:05:28 [http-nio-8080-exec-5] INFO  com.dipanshu.BookManagerApi.security.JwtFilter - Authenticated user: asda
2026-03-28 09:05:28 [http-nio-8080-exec-5] INFO  com.dipanshu.BookManagerApi.service.BookmarkServiceImpl - START findAllBookmarksPaginated | page=0 | size=10 | sortBy=id | direction=asc
2026-03-28 09:05:28 [http-nio-8080-exec-5] INFO  com.dipanshu.BookManagerApi.service.BookmarkServiceImpl - SUCCESS findAllBookmarksPaginated | totalElements=12 | timeTaken=16ms
2026-03-28 09:05:28 [http-nio-8080-exec-4] INFO  com.dipanshu.BookManagerApi.security.JwtFilter - Authenticated user: asda
2026-03-28 09:05:28 [http-nio-8080-exec-4] INFO  com.dipanshu.BookManagerApi.service.BookmarkServiceImpl - START findAllBookmarksPaginated | page=0 | size=10 | sortBy=id | direction=asc
2026-03-28 09:05:28 [http-nio-8080-exec-4] INFO  com.dipanshu.BookManagerApi.service.BookmarkServiceImpl - SUCCESS findAllBookmarksPaginated | totalElements=12 | timeTaken=15ms
2026-03-28 09:05:33 [http-nio-8080-exec-8] INFO  com.dipanshu.BookManagerApi.security.JwtFilter - Authenticated user: asda
2026-03-28 09:05:33 [http-nio-8080-exec-8] INFO  com.dipanshu.BookManagerApi.service.BookmarkServiceImpl - START findAllBookmarksPaginated | page=0 | size=10 | sortBy=id | direction=asc
2026-03-28 09:05:33 [http-nio-8080-exec-8] INFO  com.dipanshu.BookManagerApi.service.BookmarkServiceImpl - SUCCESS findAllBookmarksPaginated | totalElements=12 | timeTaken=15ms
2026-03-28 09:05:33 [http-nio-8080-exec-9] INFO  com.dipanshu.BookManagerApi.security.JwtFilter - Authenticated user: asda
2026-03-28 09:05:33 [http-nio-8080-exec-9] INFO  com.dipanshu.BookManagerApi.service.BookmarkServiceImpl - START findAllBookmarksPaginated | page=0 | size=10 | sortBy=id | direction=asc
2026-03-28 09:05:33 [http-nio-8080-exec-9] INFO  com.dipanshu.BookManagerApi.service.BookmarkServiceImpl - SUCCESS findAllBookmarksPaginated | totalElements=12 | timeTaken=17ms
2026-03-28 09:07:42 [http-nio-8080-exec-2] INFO  com.dipanshu.BookManagerApi.security.JwtFilter - Authenticated user: asda
2026-03-28 09:07:42 [http-nio-8080-exec-2] INFO  com.dipanshu.BookManagerApi.service.BookmarkServiceImpl - START findAllBookmarksPaginated | page=0 | size=10 | sortBy=id | direction=asc
2026-03-28 09:07:42 [http-nio-8080-exec-2] INFO  com.dipanshu.BookManagerApi.service.BookmarkServiceImpl - SUCCESS findAllBookmarksPaginated | totalElements=12 | timeTaken=18ms
2026-03-28 09:07:42 [http-nio-8080-exec-10] INFO  com.dipanshu.BookManagerApi.security.JwtFilter - Authenticated user: asda
2026-03-28 09:07:42 [http-nio-8080-exec-10] INFO  com.dipanshu.BookManagerApi.service.BookmarkServiceImpl - START findAllBookmarksPaginated | page=0 | size=10 | sortBy=id | direction=asc
2026-03-28 09:07:42 [http-nio-8080-exec-10] INFO  com.dipanshu.BookManagerApi.service.BookmarkServiceImpl - SUCCESS findAllBookmarksPaginated | totalElements=12 | timeTaken=19ms
2026-03-28 09:07:54 [http-nio-8080-exec-5] INFO  com.dipanshu.BookManagerApi.security.JwtFilter - Authenticated user: asda
2026-03-28 09:07:54 [http-nio-8080-exec-5] INFO  com.dipanshu.BookManagerApi.service.BookmarkServiceImpl - START findAllBookmarksPaginated | page=0 | size=10 | sortBy=id | direction=asc
2026-03-28 09:07:54 [http-nio-8080-exec-5] INFO  com.dipanshu.BookManagerApi.service.BookmarkServiceImpl - SUCCESS findAllBookmarksPaginated | totalElements=12 | timeTaken=17ms
2026-03-28 09:07:54 [http-nio-8080-exec-4] INFO  com.dipanshu.BookManagerApi.security.JwtFilter - Authenticated user: asda
2026-03-28 09:07:54 [http-nio-8080-exec-4] INFO  com.dipanshu.BookManagerApi.service.BookmarkServiceImpl - START findAllBookmarksPaginated | page=0 | size=10 | sortBy=id | direction=asc
2026-03-28 09:07:54 [http-nio-8080-exec-4] INFO  com.dipanshu.BookManagerApi.service.BookmarkServiceImpl - SUCCESS findAllBookmarksPaginated | totalElements=12 | timeTaken=16ms
2026-03-28 09:09:15 [http-nio-8080-exec-8] INFO  com.dipanshu.BookManagerApi.security.JwtFilter - Authenticated user: asda
2026-03-28 09:09:15 [http-nio-8080-exec-8] INFO  com.dipanshu.BookManagerApi.service.BookmarkServiceImpl - START findAllBookmarksPaginated | page=0 | size=10 | sortBy=id | direction=asc
2026-03-28 09:09:15 [http-nio-8080-exec-8] INFO  com.dipanshu.BookManagerApi.service.BookmarkServiceImpl - SUCCESS findAllBookmarksPaginated | totalElements=12 | timeTaken=19ms
2026-03-28 09:09:15 [http-nio-8080-exec-9] INFO  com.dipanshu.BookManagerApi.security.JwtFilter - Authenticated user: asda
2026-03-28 09:09:15 [http-nio-8080-exec-9] INFO  com.dipanshu.BookManagerApi.service.BookmarkServiceImpl - START findAllBookmarksPaginated | page=0 | size=10 | sortBy=id | direction=asc
2026-03-28 09:09:15 [http-nio-8080-exec-9] INFO  com.dipanshu.BookManagerApi.service.BookmarkServiceImpl - SUCCESS findAllBookmarksPaginated | totalElements=12 | timeTaken=28ms
2026-03-28 09:09:54 [http-nio-8080-exec-3] INFO  com.dipanshu.BookManagerApi.security.JwtFilter - Authenticated user: asda
2026-03-28 09:09:54 [http-nio-8080-exec-3] INFO  com.dipanshu.BookManagerApi.service.BookmarkServiceImpl - START findAllBookmarksPaginated | page=0 | size=10 | sortBy=id | direction=asc
2026-03-28 09:09:54 [http-nio-8080-exec-3] INFO  com.dipanshu.BookManagerApi.service.BookmarkServiceImpl - SUCCESS findAllBookmarksPaginated | totalElements=12 | timeTaken=18ms
2026-03-28 09:09:54 [http-nio-8080-exec-1] INFO  com.dipanshu.BookManagerApi.security.JwtFilter - Authenticated user: asda
2026-03-28 09:09:54 [http-nio-8080-exec-1] INFO  com.dipanshu.BookManagerApi.service.BookmarkServiceImpl - START findAllBookmarksPaginated | page=0 | size=10 | sortBy=id | direction=asc
2026-03-28 09:09:54 [http-nio-8080-exec-1] INFO  com.dipanshu.BookManagerApi.service.BookmarkServiceImpl - SUCCESS findAllBookmarksPaginated | totalElements=12 | timeTaken=21ms
2026-03-28 09:10:27 [http-nio-8080-exec-5] INFO  com.dipanshu.BookManagerApi.security.JwtFilter - Authenticated user: asda
2026-03-28 09:10:27 [http-nio-8080-exec-5] INFO  com.dipanshu.BookManagerApi.service.BookmarkServiceImpl - START findAllBookmarksPaginated | page=0 | size=10 | sortBy=id | direction=asc
2026-03-28 09:10:27 [http-nio-8080-exec-5] INFO  com.dipanshu.BookManagerApi.service.BookmarkServiceImpl - SUCCESS findAllBookmarksPaginated | totalElements=12 | timeTaken=20ms
2026-03-28 09:10:27 [http-nio-8080-exec-4] INFO  com.dipanshu.BookManagerApi.security.JwtFilter - Authenticated user: asda
2026-03-28 09:10:27 [http-nio-8080-exec-4] INFO  com.dipanshu.BookManagerApi.service.BookmarkServiceImpl - START findAllBookmarksPaginated | page=0 | size=10 | sortBy=id | direction=asc
2026-03-28 09:10:27 [http-nio-8080-exec-4] INFO  com.dipanshu.BookManagerApi.service.BookmarkServiceImpl - SUCCESS findAllBookmarksPaginated | totalElements=12 | timeTaken=18ms
2026-03-28 09:12:44 [http-nio-8080-exec-6] INFO  com.dipanshu.BookManagerApi.security.JwtFilter - Authenticated user: asda
2026-03-28 09:12:44 [http-nio-8080-exec-6] INFO  com.dipanshu.BookManagerApi.service.BookmarkServiceImpl - START findAllBookmarksPaginated | page=0 | size=10 | sortBy=id | direction=asc
2026-03-28 09:12:44 [http-nio-8080-exec-6] INFO  com.dipanshu.BookManagerApi.service.BookmarkServiceImpl - SUCCESS findAllBookmarksPaginated | totalElements=12 | timeTaken=17ms
2026-03-28 09:12:44 [http-nio-8080-exec-7] INFO  com.dipanshu.BookManagerApi.security.JwtFilter - Authenticated user: asda
2026-03-28 09:12:44 [http-nio-8080-exec-7] INFO  com.dipanshu.BookManagerApi.service.BookmarkServiceImpl - START findAllBookmarksPaginated | page=0 | size=10 | sortBy=id | direction=asc
2026-03-28 09:12:44 [http-nio-8080-exec-7] INFO  com.dipanshu.BookManagerApi.service.BookmarkServiceImpl - SUCCESS findAllBookmarksPaginated | totalElements=12 | timeTaken=16ms
2026-03-28 09:12:48 [http-nio-8080-exec-2] INFO  com.dipanshu.BookManagerApi.security.JwtFilter - Authenticated user: asda
2026-03-28 09:12:48 [http-nio-8080-exec-2] INFO  com.dipanshu.BookManagerApi.service.BookmarkServiceImpl - START findAllBookmarksPaginated | page=0 | size=10 | sortBy=id | direction=asc
2026-03-28 09:12:48 [http-nio-8080-exec-2] INFO  com.dipanshu.BookManagerApi.service.BookmarkServiceImpl - SUCCESS findAllBookmarksPaginated | totalElements=12 | timeTaken=18ms
2026-03-28 09:12:48 [http-nio-8080-exec-10] INFO  com.dipanshu.BookManagerApi.security.JwtFilter - Authenticated user: asda
2026-03-28 09:12:48 [http-nio-8080-exec-10] INFO  com.dipanshu.BookManagerApi.service.BookmarkServiceImpl - START findAllBookmarksPaginated | page=0 | size=10 | sortBy=id | direction=asc
2026-03-28 09:12:48 [http-nio-8080-exec-10] INFO  com.dipanshu.BookManagerApi.service.BookmarkServiceImpl - SUCCESS findAllBookmarksPaginated | totalElements=12 | timeTaken=18ms
2026-03-28 09:14:22 [http-nio-8080-exec-5] INFO  com.dipanshu.BookManagerApi.security.JwtFilter - Authenticated user: asda
2026-03-28 09:14:22 [http-nio-8080-exec-5] INFO  com.dipanshu.BookManagerApi.service.BookmarkServiceImpl - START findAllBookmarksPaginated | page=0 | size=10 | sortBy=id | direction=asc
2026-03-28 09:14:22 [http-nio-8080-exec-5] INFO  com.dipanshu.BookManagerApi.service.BookmarkServiceImpl - SUCCESS findAllBookmarksPaginated | totalElements=12 | timeTaken=18ms
2026-03-28 09:14:22 [http-nio-8080-exec-4] INFO  com.dipanshu.BookManagerApi.security.JwtFilter - Authenticated user: asda
2026-03-28 09:14:22 [http-nio-8080-exec-4] INFO  com.dipanshu.BookManagerApi.service.BookmarkServiceImpl - START findAllBookmarksPaginated | page=0 | size=10 | sortBy=id | direction=asc
2026-03-28 09:14:22 [http-nio-8080-exec-4] INFO  com.dipanshu.BookManagerApi.service.BookmarkServiceImpl - SUCCESS findAllBookmarksPaginated | totalElements=12 | timeTaken=18ms
2026-03-28 09:16:15 [http-nio-8080-exec-6] INFO  com.dipanshu.BookManagerApi.security.JwtFilter - Authenticated user: asda
2026-03-28 09:16:15 [http-nio-8080-exec-6] INFO  com.dipanshu.BookManagerApi.service.BookmarkServiceImpl - START findAllBookmarksPaginated | page=0 | size=10 | sortBy=id | direction=asc
2026-03-28 09:16:15 [http-nio-8080-exec-6] INFO  com.dipanshu.BookManagerApi.service.BookmarkServiceImpl - SUCCESS findAllBookmarksPaginated | totalElements=12 | timeTaken=17ms
2026-03-28 09:16:15 [http-nio-8080-exec-7] INFO  com.dipanshu.BookManagerApi.security.JwtFilter - Authenticated user: asda
2026-03-28 09:16:15 [http-nio-8080-exec-7] INFO  com.dipanshu.BookManagerApi.service.BookmarkServiceImpl - START findAllBookmarksPaginated | page=0 | size=10 | sortBy=id | direction=asc
2026-03-28 09:16:15 [http-nio-8080-exec-7] INFO  com.dipanshu.BookManagerApi.service.BookmarkServiceImpl - SUCCESS findAllBookmarksPaginated | totalElements=12 | timeTaken=16ms
2026-03-28 09:21:19 [http-nio-8080-exec-9] WARN  org.hibernate.orm.jdbc.error - HHH000247: ErrorCode: 1048, SQLState: 23000
2026-03-28 09:21:19 [http-nio-8080-exec-9] WARN  org.hibernate.orm.jdbc.error - Column 'password' cannot be null
2026-03-28 09:21:19 [http-nio-8080-exec-9] ERROR com.dipanshu.BookManagerApi.exception.GlobalExceptionHandler - Unhandled exception occurred
org.springframework.dao.DataIntegrityViolationException: could not execute statement [Column 'password' cannot be null] [insert into users (password,role,username) values (?,?,?)]; SQL [insert into users (password,role,username) values (?,?,?)]; constraint [password]
	at org.springframework.orm.jpa.hibernate.HibernateExceptionTranslator.convertHibernateAccessException(HibernateExceptionTranslator.java:169)
	at org.springframework.orm.jpa.hibernate.HibernateExceptionTranslator.convertHibernateAccessException(HibernateExceptionTranslator.java:131)
	at org.springframework.orm.jpa.hibernate.HibernateExceptionTranslator.translateExceptionIfPossible(HibernateExceptionTranslator.java:105)
	at org.springframework.orm.jpa.vendor.HibernateJpaDialect.translateExceptionIfPossible(HibernateJpaDialect.java:223)
	at org.springframework.orm.jpa.AbstractEntityManagerFactoryBean.translateExceptionIfPossible(AbstractEntityManagerFactoryBean.java:576)
	at org.springframework.dao.support.ChainedPersistenceExceptionTranslator.translateExceptionIfPossible(ChainedPersistenceExceptionTranslator.java:61)
	at org.springframework.dao.support.DataAccessUtils.translateIfNecessary(DataAccessUtils.java:346)
	at org.springframework.dao.support.PersistenceExceptionTranslationInterceptor.invoke(PersistenceExceptionTranslationInterceptor.java:157)
	at org.springframework.aop.framework.ReflectiveMethodInvocation.proceed(ReflectiveMethodInvocation.java:179)
	at org.springframework.data.jpa.repository.support.CrudMethodMetadataPostProcessor$CrudMethodMetadataPopulatingMethodInterceptor.invoke(CrudMethodMetadataPostProcessor.java:166)
	at org.springframework.aop.framework.ReflectiveMethodInvocation.proceed(ReflectiveMethodInvocation.java:179)
	at org.springframework.aop.framework.JdkDynamicAopProxy.invoke(JdkDynamicAopProxy.java:222)
	at jdk.proxy4/jdk.proxy4.$Proxy155.save(Unknown Source)
	at com.dipanshu.BookManagerApi.service.AuthService.register(AuthService.java:118)
	at java.base/jdk.internal.reflect.DirectMethodHandleAccessor.invoke(DirectMethodHandleAccessor.java:104)
	at java.base/java.lang.reflect.Method.invoke(Method.java:565)
	at org.springframework.aop.support.AopUtils.invokeJoinpointUsingReflection(AopUtils.java:359)
	at org.springframework.aop.framework.ReflectiveMethodInvocation.invokeJoinpoint(ReflectiveMethodInvocation.java:190)
	at org.springframework.aop.framework.ReflectiveMethodInvocation.proceed(ReflectiveMethodInvocation.java:158)
	at org.springframework.transaction.interceptor.TransactionInterceptor$1.proceedWithInvocation(TransactionInterceptor.java:133)
	at org.springframework.transaction.interceptor.TransactionAspectSupport.invokeWithinTransaction(TransactionAspectSupport.java:371)
	at org.springframework.transaction.interceptor.TransactionInterceptor.invoke(TransactionInterceptor.java:130)
	at org.springframework.aop.framework.ReflectiveMethodInvocation.proceed(ReflectiveMethodInvocation.java:179)
	at org.springframework.aop.framework.CglibAopProxy$DynamicAdvisedInterceptor.intercept(CglibAopProxy.java:719)
	at com.dipanshu.BookManagerApi.service.AuthService$$SpringCGLIB$$0.register(<generated>)
	at com.dipanshu.BookManagerApi.controller.AuthController.register(AuthController.java:46)
	at java.base/jdk.internal.reflect.DirectMethodHandleAccessor.invoke(DirectMethodHandleAccessor.java:104)
	at java.base/java.lang.reflect.Method.invoke(Method.java:565)
	at org.springframework.web.method.support.InvocableHandlerMethod.doInvoke(InvocableHandlerMethod.java:252)
	at org.springframework.web.method.support.InvocableHandlerMethod.invokeForRequest(InvocableHandlerMethod.java:184)
	at org.springframework.web.servlet.mvc.method.annotation.ServletInvocableHandlerMethod.invokeAndHandle(ServletInvocableHandlerMethod.java:117)
	at org.springframework.web.servlet.mvc.method.annotation.RequestMappingHandlerAdapter.invokeHandlerMethod(RequestMappingHandlerAdapter.java:934)
	at org.springframework.web.servlet.mvc.method.annotation.RequestMappingHandlerAdapter.handleInternal(RequestMappingHandlerAdapter.java:853)
	at org.springframework.web.servlet.mvc.method.AbstractHandlerMethodAdapter.handle(AbstractHandlerMethodAdapter.java:86)
	at org.springframework.web.servlet.DispatcherServlet.doDispatch(DispatcherServlet.java:963)
	at org.springframework.web.servlet.DispatcherServlet.doService(DispatcherServlet.java:866)
	at org.springframework.web.servlet.FrameworkServlet.processRequest(FrameworkServlet.java:1000)
	at org.springframework.web.servlet.FrameworkServlet.doPost(FrameworkServlet.java:903)
	at jakarta.servlet.http.HttpServlet.service(HttpServlet.java:649)
	at org.springframework.web.servlet.FrameworkServlet.service(FrameworkServlet.java:874)
	at jakarta.servlet.http.HttpServlet.service(HttpServlet.java:710)
	at org.apache.catalina.core.ApplicationFilterChain.doFilter(ApplicationFilterChain.java:128)
	at org.apache.tomcat.websocket.server.WsFilter.doFilter(WsFilter.java:53)
	at org.apache.catalina.core.ApplicationFilterChain.doFilter(ApplicationFilterChain.java:107)
	at org.springframework.web.filter.OncePerRequestFilter.doFilter(OncePerRequestFilter.java:110)
	at org.apache.catalina.core.ApplicationFilterChain.doFilter(ApplicationFilterChain.java:107)
	at org.springframework.web.filter.CompositeFilter$VirtualFilterChain.doFilter(CompositeFilter.java:108)
	at org.springframework.security.web.FilterChainProxy.lambda$doFilterInternal$3(FilterChainProxy.java:235)
	at org.springframework.security.web.FilterChainProxy$VirtualFilterChain.doFilter(FilterChainProxy.java:371)
	at org.springframework.security.web.access.intercept.AuthorizationFilter.doFilter(AuthorizationFilter.java:101)
	at org.springframework.security.web.FilterChainProxy$VirtualFilterChain.doFilter(FilterChainProxy.java:380)
	at org.springframework.security.web.access.ExceptionTranslationFilter.doFilter(ExceptionTranslationFilter.java:126)
	at org.springframework.security.web.access.ExceptionTranslationFilter.doFilter(ExceptionTranslationFilter.java:120)
	at org.springframework.security.web.FilterChainProxy$VirtualFilterChain.doFilter(FilterChainProxy.java:380)
	at org.springframework.security.web.authentication.AnonymousAuthenticationFilter.doFilter(AnonymousAuthenticationFilter.java:100)
	at org.springframework.security.web.FilterChainProxy$VirtualFilterChain.doFilter(FilterChainProxy.java:380)
	at org.springframework.security.web.servletapi.SecurityContextHolderAwareRequestFilter.doFilter(SecurityContextHolderAwareRequestFilter.java:181)
	at org.springframework.security.web.FilterChainProxy$VirtualFilterChain.doFilter(FilterChainProxy.java:380)
	at org.springframework.security.web.savedrequest.RequestCacheAwareFilter.doFilter(RequestCacheAwareFilter.java:63)
	at org.springframework.security.web.FilterChainProxy$VirtualFilterChain.doFilter(FilterChainProxy.java:380)
	at com.dipanshu.BookManagerApi.security.JwtFilter.doFilterInternal(JwtFilter.java:42)
	at org.springframework.web.filter.OncePerRequestFilter.doFilter(OncePerRequestFilter.java:116)
	at org.springframework.security.web.FilterChainProxy$VirtualFilterChain.doFilter(FilterChainProxy.java:380)
	at org.springframework.security.web.authentication.logout.LogoutFilter.doFilter(LogoutFilter.java:110)
	at org.springframework.security.web.authentication.logout.LogoutFilter.doFilter(LogoutFilter.java:96)
	at org.springframework.security.web.FilterChainProxy$VirtualFilterChain.doFilter(FilterChainProxy.java:380)
	at org.springframework.security.web.header.HeaderWriterFilter.doHeadersAfter(HeaderWriterFilter.java:90)
	at org.springframework.security.web.header.HeaderWriterFilter.doFilterInternal(HeaderWriterFilter.java:75)
	at org.springframework.web.filter.OncePerRequestFilter.doFilter(OncePerRequestFilter.java:116)
	at org.springframework.security.web.FilterChainProxy$VirtualFilterChain.doFilter(FilterChainProxy.java:380)
	at org.springframework.security.web.context.SecurityContextHolderFilter.doFilter(SecurityContextHolderFilter.java:82)
	at org.springframework.security.web.context.SecurityContextHolderFilter.doFilter(SecurityContextHolderFilter.java:69)
	at org.springframework.security.web.FilterChainProxy$VirtualFilterChain.doFilter(FilterChainProxy.java:380)
	at org.springframework.security.web.context.request.async.WebAsyncManagerIntegrationFilter.doFilterInternal(WebAsyncManagerIntegrationFilter.java:62)
	at org.springframework.web.filter.OncePerRequestFilter.doFilter(OncePerRequestFilter.java:116)
	at org.springframework.security.web.FilterChainProxy$VirtualFilterChain.doFilter(FilterChainProxy.java:380)
	at org.springframework.security.web.session.DisableEncodeUrlFilter.doFilterInternal(DisableEncodeUrlFilter.java:42)
	at org.springframework.web.filter.OncePerRequestFilter.doFilter(OncePerRequestFilter.java:116)
	at org.springframework.security.web.FilterChainProxy$VirtualFilterChain.doFilter(FilterChainProxy.java:380)
	at org.springframework.security.web.FilterChainProxy.doFilterInternal(FilterChainProxy.java:237)
	at org.springframework.security.web.FilterChainProxy.doFilter(FilterChainProxy.java:195)
	at org.springframework.web.filter.CompositeFilter$VirtualFilterChain.doFilter(CompositeFilter.java:113)
	at org.springframework.web.filter.ServletRequestPathFilter.doFilter(ServletRequestPathFilter.java:52)
	at org.springframework.web.filter.CompositeFilter$VirtualFilterChain.doFilter(CompositeFilter.java:113)
	at org.springframework.web.filter.CompositeFilter.doFilter(CompositeFilter.java:74)
	at org.springframework.security.config.annotation.web.configuration.WebSecurityConfiguration$CompositeFilterChainProxy.doFilter(WebSecurityConfiguration.java:317)
	at org.springframework.web.filter.DelegatingFilterProxy.invokeDelegate(DelegatingFilterProxy.java:355)
	at org.springframework.web.filter.DelegatingFilterProxy.doFilter(DelegatingFilterProxy.java:272)
	at org.apache.catalina.core.ApplicationFilterChain.doFilter(ApplicationFilterChain.java:107)
	at org.springframework.web.filter.RequestContextFilter.doFilterInternal(RequestContextFilter.java:100)
	at org.springframework.web.filter.OncePerRequestFilter.doFilter(OncePerRequestFilter.java:116)
	at org.apache.catalina.core.ApplicationFilterChain.doFilter(ApplicationFilterChain.java:107)
	at org.springframework.web.filter.FormContentFilter.doFilterInternal(FormContentFilter.java:93)
	at org.springframework.web.filter.OncePerRequestFilter.doFilter(OncePerRequestFilter.java:116)
	at org.apache.catalina.core.ApplicationFilterChain.doFilter(ApplicationFilterChain.java:107)
	at org.springframework.web.filter.CharacterEncodingFilter.doFilterInternal(CharacterEncodingFilter.java:199)
	at org.springframework.web.filter.OncePerRequestFilter.doFilter(OncePerRequestFilter.java:116)
	at org.apache.catalina.core.ApplicationFilterChain.doFilter(ApplicationFilterChain.java:107)
	at org.apache.catalina.core.StandardWrapperValve.invoke(StandardWrapperValve.java:165)
	at org.apache.catalina.core.StandardContextValve.invoke(StandardContextValve.java:77)
	at org.apache.catalina.authenticator.AuthenticatorBase.invoke(AuthenticatorBase.java:492)
	at org.apache.catalina.core.StandardHostValve.invoke(StandardHostValve.java:113)
	at org.apache.catalina.valves.ErrorReportValve.invoke(ErrorReportValve.java:83)
	at org.apache.catalina.core.StandardEngineValve.invoke(StandardEngineValve.java:72)
	at org.apache.catalina.connector.CoyoteAdapter.service(CoyoteAdapter.java:341)
	at org.apache.coyote.http11.Http11Processor.service(Http11Processor.java:397)
	at org.apache.coyote.AbstractProcessorLight.process(AbstractProcessorLight.java:63)
	at org.apache.coyote.AbstractProtocol$ConnectionHandler.process(AbstractProtocol.java:903)
	at org.apache.tomcat.util.net.NioEndpoint$SocketProcessor.doRun(NioEndpoint.java:1779)
	at org.apache.tomcat.util.net.SocketProcessorBase.run(SocketProcessorBase.java:52)
	at org.apache.tomcat.util.threads.ThreadPoolExecutor.runWorker(ThreadPoolExecutor.java:946)
	at org.apache.tomcat.util.threads.ThreadPoolExecutor$Worker.run(ThreadPoolExecutor.java:480)
	at org.apache.tomcat.util.threads.TaskThread$WrappingRunnable.run(TaskThread.java:57)
	at java.base/java.lang.Thread.run(Thread.java:1474)
Caused by: org.hibernate.exception.ConstraintViolationException: could not execute statement [Column 'password' cannot be null] [insert into users (password,role,username) values (?,?,?)]
	at org.hibernate.dialect.MySQLDialect.lambda$buildSQLExceptionConversionDelegate$0(MySQLDialect.java:1273)
	at org.hibernate.exception.internal.StandardSQLExceptionConverter.convert(StandardSQLExceptionConverter.java:34)
	at org.hibernate.engine.jdbc.spi.SqlExceptionHelper.convert(SqlExceptionHelper.java:115)
	at org.hibernate.engine.jdbc.internal.ResultSetReturnImpl.executeUpdate(ResultSetReturnImpl.java:184)
	at org.hibernate.id.insert.GetGeneratedKeysDelegate.performMutation(GetGeneratedKeysDelegate.java:103)
	at org.hibernate.engine.jdbc.mutation.internal.MutationExecutorSingleNonBatched.performNonBatchedOperations(MutationExecutorSingleNonBatched.java:45)
	at org.hibernate.engine.jdbc.mutation.internal.AbstractMutationExecutor.execute(AbstractMutationExecutor.java:66)
	at org.hibernate.engine.jdbc.mutation.internal.AbstractMutationExecutor.execute(AbstractMutationExecutor.java:55)
	at org.hibernate.persister.entity.mutation.InsertCoordinatorStandard.doStaticInserts(InsertCoordinatorStandard.java:180)
	at org.hibernate.persister.entity.mutation.InsertCoordinatorStandard.coordinateInsert(InsertCoordinatorStandard.java:120)
	at org.hibernate.persister.entity.mutation.InsertCoordinatorStandard.insert(InsertCoordinatorStandard.java:84)
	at org.hibernate.action.internal.EntityIdentityInsertAction.execute(EntityIdentityInsertAction.java:85)
	at org.hibernate.engine.spi.ActionQueue.execute(ActionQueue.java:667)
	at org.hibernate.engine.spi.ActionQueue.addResolvedEntityInsertAction(ActionQueue.java:291)
	at org.hibernate.engine.spi.ActionQueue.addInsertAction(ActionQueue.java:270)
	at org.hibernate.engine.spi.ActionQueue.addAction(ActionQueue.java:322)
	at org.hibernate.event.internal.AbstractSaveEventListener.addInsertAction(AbstractSaveEventListener.java:371)
	at org.hibernate.event.internal.AbstractSaveEventListener.performSaveOrReplicate(AbstractSaveEventListener.java:285)
	at org.hibernate.event.internal.AbstractSaveEventListener.performSave(AbstractSaveEventListener.java:215)
	at org.hibernate.event.internal.AbstractSaveEventListener.saveWithGeneratedId(AbstractSaveEventListener.java:133)
	at org.hibernate.event.internal.DefaultPersistEventListener.entityIsTransient(DefaultPersistEventListener.java:145)
	at org.hibernate.event.internal.DefaultPersistEventListener.persist(DefaultPersistEventListener.java:89)
	at org.hibernate.event.internal.DefaultPersistEventListener.onPersist(DefaultPersistEventListener.java:73)
	at org.hibernate.event.internal.DefaultPersistEventListener.onPersist(DefaultPersistEventListener.java:49)
	at org.hibernate.event.service.internal.EventListenerGroupImpl.fireEventOnEachListener(EventListenerGroupImpl.java:138)
	at org.hibernate.internal.SessionImpl.firePersist(SessionImpl.java:689)
	at org.hibernate.internal.SessionImpl.persist(SessionImpl.java:672)
	at java.base/jdk.internal.reflect.DirectMethodHandleAccessor.invoke(DirectMethodHandleAccessor.java:104)
	at java.base/java.lang.reflect.Method.invoke(Method.java:565)
	at org.springframework.orm.jpa.ExtendedEntityManagerCreator$ExtendedEntityManagerInvocationHandler.invoke(ExtendedEntityManagerCreator.java:362)
	at jdk.proxy4/jdk.proxy4.$Proxy153.persist(Unknown Source)
	at java.base/jdk.internal.reflect.DirectMethodHandleAccessor.invoke(DirectMethodHandleAccessor.java:104)
	at java.base/java.lang.reflect.Method.invoke(Method.java:565)
	at org.springframework.orm.jpa.SharedEntityManagerCreator$SharedEntityHandlerInvocationHandler.invokeMethod(SharedEntityManagerCreator.java:240)
	at org.springframework.orm.jpa.SharedEntityManagerCreator$SharedEntityManagerInvocationHandler.invoke(SharedEntityManagerCreator.java:386)
	at jdk.proxy4/jdk.proxy4.$Proxy153.persist(Unknown Source)
	at org.springframework.data.jpa.repository.support.SimpleJpaRepository.save(SimpleJpaRepository.java:664)
	at java.base/jdk.internal.reflect.DirectMethodHandleAccessor.invoke(DirectMethodHandleAccessor.java:104)
	at java.base/java.lang.reflect.Method.invoke(Method.java:565)
	at org.springframework.aop.support.AopUtils.invokeJoinpointUsingReflection(AopUtils.java:359)
	at org.springframework.data.repository.core.support.RepositoryMethodInvoker$RepositoryFragmentMethodInvoker.lambda$new$0(RepositoryMethodInvoker.java:278)
	at org.springframework.data.repository.core.support.RepositoryMethodInvoker.doInvoke(RepositoryMethodInvoker.java:169)
	at org.springframework.data.repository.core.support.RepositoryMethodInvoker.invoke(RepositoryMethodInvoker.java:158)
	at org.springframework.data.repository.core.support.RepositoryComposition$RepositoryFragments.invoke(RepositoryComposition.java:545)
	at org.springframework.data.repository.core.support.RepositoryComposition.invoke(RepositoryComposition.java:290)
	at org.springframework.data.repository.core.support.RepositoryFactorySupport$ImplementationMethodExecutionInterceptor.invoke(RepositoryFactorySupport.java:690)
	at org.springframework.aop.framework.ReflectiveMethodInvocation.proceed(ReflectiveMethodInvocation.java:179)
	at org.springframework.data.repository.core.support.QueryExecutorMethodInterceptor.doInvoke(QueryExecutorMethodInterceptor.java:171)
	at org.springframework.data.repository.core.support.QueryExecutorMethodInterceptor.invoke(QueryExecutorMethodInterceptor.java:146)
	at org.springframework.aop.framework.ReflectiveMethodInvocation.proceed(ReflectiveMethodInvocation.java:179)
	at org.springframework.data.projection.DefaultMethodInvokingMethodInterceptor.invoke(DefaultMethodInvokingMethodInterceptor.java:69)
	at org.springframework.aop.framework.ReflectiveMethodInvocation.proceed(ReflectiveMethodInvocation.java:179)
	at org.springframework.transaction.interceptor.TransactionInterceptor$1.proceedWithInvocation(TransactionInterceptor.java:133)
	at org.springframework.transaction.interceptor.TransactionAspectSupport.invokeWithinTransaction(TransactionAspectSupport.java:371)
	at org.springframework.transaction.interceptor.TransactionInterceptor.invoke(TransactionInterceptor.java:130)
	at org.springframework.aop.framework.ReflectiveMethodInvocation.proceed(ReflectiveMethodInvocation.java:179)
	at org.springframework.dao.support.PersistenceExceptionTranslationInterceptor.invoke(PersistenceExceptionTranslationInterceptor.java:135)
	... 106 more
Caused by: java.sql.SQLIntegrityConstraintViolationException: Column 'password' cannot be null
	at com.mysql.cj.jdbc.exceptions.SQLError.createSQLException(SQLError.java:109)
	at com.mysql.cj.jdbc.exceptions.SQLExceptionsMapping.translateException(SQLExceptionsMapping.java:114)
	at com.mysql.cj.jdbc.ClientPreparedStatement.executeInternal(ClientPreparedStatement.java:988)
	at com.mysql.cj.jdbc.ClientPreparedStatement.executeUpdateInternal(ClientPreparedStatement.java:1166)
	at com.mysql.cj.jdbc.ClientPreparedStatement.executeUpdateInternal(ClientPreparedStatement.java:1101)
	at com.mysql.cj.jdbc.ClientPreparedStatement.executeLargeUpdate(ClientPreparedStatement.java:1448)
	at com.mysql.cj.jdbc.ClientPreparedStatement.executeUpdate(ClientPreparedStatement.java:1084)
	at com.zaxxer.hikari.pool.ProxyPreparedStatement.executeUpdate(ProxyPreparedStatement.java:61)
	at com.zaxxer.hikari.pool.HikariProxyPreparedStatement.executeUpdate(HikariProxyPreparedStatement.java)
	at org.hibernate.engine.jdbc.internal.ResultSetReturnImpl.executeUpdate(ResultSetReturnImpl.java:181)
	... 159 more
2026-03-28 09:21:19 [http-nio-8080-exec-9] WARN  org.springframework.web.servlet.mvc.method.annotation.ExceptionHandlerExceptionResolver - Resolved [org.springframework.dao.DataIntegrityViolationException: could not execute statement [Column 'password' cannot be null] [insert into users (password,role,username) values (?,?,?)]; SQL [insert into users (password,role,username) values (?,?,?)]; constraint [password]]
2026-03-28 09:21:48 [http-nio-8080-exec-10] ERROR com.dipanshu.BookManagerApi.exception.GlobalExceptionHandler - Unhandled exception occurred
org.springframework.http.converter.HttpMessageNotReadableException: JSON parse error: Unexpected character ('"' (code 34)): was expecting comma to separate Object entries
	at org.springframework.http.converter.AbstractJacksonHttpMessageConverter.readJavaType(AbstractJacksonHttpMessageConverter.java:363)
	at org.springframework.http.converter.AbstractJacksonHttpMessageConverter.read(AbstractJacksonHttpMessageConverter.java:319)
	at org.springframework.web.servlet.mvc.method.annotation.AbstractMessageConverterMethodArgumentResolver.readWithMessageConverters(AbstractMessageConverterMethodArgumentResolver.java:203)
	at org.springframework.web.servlet.mvc.method.annotation.RequestResponseBodyMethodProcessor.readWithMessageConverters(RequestResponseBodyMethodProcessor.java:181)
	at org.springframework.web.servlet.mvc.method.annotation.RequestResponseBodyMethodProcessor.resolveArgument(RequestResponseBodyMethodProcessor.java:156)
	at org.springframework.web.method.support.HandlerMethodArgumentResolverComposite.resolveArgument(HandlerMethodArgumentResolverComposite.java:122)
	at org.springframework.web.method.support.InvocableHandlerMethod.getMethodArgumentValues(InvocableHandlerMethod.java:224)
	at org.springframework.web.method.support.InvocableHandlerMethod.invokeForRequest(InvocableHandlerMethod.java:174)
	at org.springframework.web.servlet.mvc.method.annotation.ServletInvocableHandlerMethod.invokeAndHandle(ServletInvocableHandlerMethod.java:117)
	at org.springframework.web.servlet.mvc.method.annotation.RequestMappingHandlerAdapter.invokeHandlerMethod(RequestMappingHandlerAdapter.java:934)
	at org.springframework.web.servlet.mvc.method.annotation.RequestMappingHandlerAdapter.handleInternal(RequestMappingHandlerAdapter.java:853)
	at org.springframework.web.servlet.mvc.method.AbstractHandlerMethodAdapter.handle(AbstractHandlerMethodAdapter.java:86)
	at org.springframework.web.servlet.DispatcherServlet.doDispatch(DispatcherServlet.java:963)
	at org.springframework.web.servlet.DispatcherServlet.doService(DispatcherServlet.java:866)
	at org.springframework.web.servlet.FrameworkServlet.processRequest(FrameworkServlet.java:1000)
	at org.springframework.web.servlet.FrameworkServlet.doPost(FrameworkServlet.java:903)
	at jakarta.servlet.http.HttpServlet.service(HttpServlet.java:649)
	at org.springframework.web.servlet.FrameworkServlet.service(FrameworkServlet.java:874)
	at jakarta.servlet.http.HttpServlet.service(HttpServlet.java:710)
	at org.apache.catalina.core.ApplicationFilterChain.doFilter(ApplicationFilterChain.java:128)
	at org.apache.tomcat.websocket.server.WsFilter.doFilter(WsFilter.java:53)
	at org.apache.catalina.core.ApplicationFilterChain.doFilter(ApplicationFilterChain.java:107)
	at org.springframework.web.filter.OncePerRequestFilter.doFilter(OncePerRequestFilter.java:110)
	at org.apache.catalina.core.ApplicationFilterChain.doFilter(ApplicationFilterChain.java:107)
	at org.springframework.web.filter.CompositeFilter$VirtualFilterChain.doFilter(CompositeFilter.java:108)
	at org.springframework.security.web.FilterChainProxy.lambda$doFilterInternal$3(FilterChainProxy.java:235)
	at org.springframework.security.web.FilterChainProxy$VirtualFilterChain.doFilter(FilterChainProxy.java:371)
	at org.springframework.security.web.access.intercept.AuthorizationFilter.doFilter(AuthorizationFilter.java:101)
	at org.springframework.security.web.FilterChainProxy$VirtualFilterChain.doFilter(FilterChainProxy.java:380)
	at org.springframework.security.web.access.ExceptionTranslationFilter.doFilter(ExceptionTranslationFilter.java:126)
	at org.springframework.security.web.access.ExceptionTranslationFilter.doFilter(ExceptionTranslationFilter.java:120)
	at org.springframework.security.web.FilterChainProxy$VirtualFilterChain.doFilter(FilterChainProxy.java:380)
	at org.springframework.security.web.authentication.AnonymousAuthenticationFilter.doFilter(AnonymousAuthenticationFilter.java:100)
	at org.springframework.security.web.FilterChainProxy$VirtualFilterChain.doFilter(FilterChainProxy.java:380)
	at org.springframework.security.web.servletapi.SecurityContextHolderAwareRequestFilter.doFilter(SecurityContextHolderAwareRequestFilter.java:181)
	at org.springframework.security.web.FilterChainProxy$VirtualFilterChain.doFilter(FilterChainProxy.java:380)
	at org.springframework.security.web.savedrequest.RequestCacheAwareFilter.doFilter(RequestCacheAwareFilter.java:63)
	at org.springframework.security.web.FilterChainProxy$VirtualFilterChain.doFilter(FilterChainProxy.java:380)
	at com.dipanshu.BookManagerApi.security.JwtFilter.doFilterInternal(JwtFilter.java:42)
	at org.springframework.web.filter.OncePerRequestFilter.doFilter(OncePerRequestFilter.java:116)
	at org.springframework.security.web.FilterChainProxy$VirtualFilterChain.doFilter(FilterChainProxy.java:380)
	at org.springframework.security.web.authentication.logout.LogoutFilter.doFilter(LogoutFilter.java:110)
	at org.springframework.security.web.authentication.logout.LogoutFilter.doFilter(LogoutFilter.java:96)
	at org.springframework.security.web.FilterChainProxy$VirtualFilterChain.doFilter(FilterChainProxy.java:380)
	at org.springframework.security.web.header.HeaderWriterFilter.doHeadersAfter(HeaderWriterFilter.java:90)
	at org.springframework.security.web.header.HeaderWriterFilter.doFilterInternal(HeaderWriterFilter.java:75)
	at org.springframework.web.filter.OncePerRequestFilter.doFilter(OncePerRequestFilter.java:116)
	at org.springframework.security.web.FilterChainProxy$VirtualFilterChain.doFilter(FilterChainProxy.java:380)
	at org.springframework.security.web.context.SecurityContextHolderFilter.doFilter(SecurityContextHolderFilter.java:82)
	at org.springframework.security.web.context.SecurityContextHolderFilter.doFilter(SecurityContextHolderFilter.java:69)
	at org.springframework.security.web.FilterChainProxy$VirtualFilterChain.doFilter(FilterChainProxy.java:380)
	at org.springframework.security.web.context.request.async.WebAsyncManagerIntegrationFilter.doFilterInternal(WebAsyncManagerIntegrationFilter.java:62)
	at org.springframework.web.filter.OncePerRequestFilter.doFilter(OncePerRequestFilter.java:116)
	at org.springframework.security.web.FilterChainProxy$VirtualFilterChain.doFilter(FilterChainProxy.java:380)
	at org.springframework.security.web.session.DisableEncodeUrlFilter.doFilterInternal(DisableEncodeUrlFilter.java:42)
	at org.springframework.web.filter.OncePerRequestFilter.doFilter(OncePerRequestFilter.java:116)
	at org.springframework.security.web.FilterChainProxy$VirtualFilterChain.doFilter(FilterChainProxy.java:380)
	at org.springframework.security.web.FilterChainProxy.doFilterInternal(FilterChainProxy.java:237)
	at org.springframework.security.web.FilterChainProxy.doFilter(FilterChainProxy.java:195)
	at org.springframework.web.filter.CompositeFilter$VirtualFilterChain.doFilter(CompositeFilter.java:113)
	at org.springframework.web.filter.ServletRequestPathFilter.doFilter(ServletRequestPathFilter.java:52)
	at org.springframework.web.filter.CompositeFilter$VirtualFilterChain.doFilter(CompositeFilter.java:113)
	at org.springframework.web.filter.CompositeFilter.doFilter(CompositeFilter.java:74)
	at org.springframework.security.config.annotation.web.configuration.WebSecurityConfiguration$CompositeFilterChainProxy.doFilter(WebSecurityConfiguration.java:317)
	at org.springframework.web.filter.DelegatingFilterProxy.invokeDelegate(DelegatingFilterProxy.java:355)
	at org.springframework.web.filter.DelegatingFilterProxy.doFilter(DelegatingFilterProxy.java:272)
	at org.apache.catalina.core.ApplicationFilterChain.doFilter(ApplicationFilterChain.java:107)
	at org.springframework.web.filter.RequestContextFilter.doFilterInternal(RequestContextFilter.java:100)
	at org.springframework.web.filter.OncePerRequestFilter.doFilter(OncePerRequestFilter.java:116)
	at org.apache.catalina.core.ApplicationFilterChain.doFilter(ApplicationFilterChain.java:107)
	at org.springframework.web.filter.FormContentFilter.doFilterInternal(FormContentFilter.java:93)
	at org.springframework.web.filter.OncePerRequestFilter.doFilter(OncePerRequestFilter.java:116)
	at org.apache.catalina.core.ApplicationFilterChain.doFilter(ApplicationFilterChain.java:107)
	at org.springframework.web.filter.CharacterEncodingFilter.doFilterInternal(CharacterEncodingFilter.java:199)
	at org.springframework.web.filter.OncePerRequestFilter.doFilter(OncePerRequestFilter.java:116)
	at org.apache.catalina.core.ApplicationFilterChain.doFilter(ApplicationFilterChain.java:107)
	at org.apache.catalina.core.StandardWrapperValve.invoke(StandardWrapperValve.java:165)
	at org.apache.catalina.core.StandardContextValve.invoke(StandardContextValve.java:77)
	at org.apache.catalina.authenticator.AuthenticatorBase.invoke(AuthenticatorBase.java:492)
	at org.apache.catalina.core.StandardHostValve.invoke(StandardHostValve.java:113)
	at org.apache.catalina.valves.ErrorReportValve.invoke(ErrorReportValve.java:83)
	at org.apache.catalina.core.StandardEngineValve.invoke(StandardEngineValve.java:72)
	at org.apache.catalina.connector.CoyoteAdapter.service(CoyoteAdapter.java:341)
	at org.apache.coyote.http11.Http11Processor.service(Http11Processor.java:397)
	at org.apache.coyote.AbstractProcessorLight.process(AbstractProcessorLight.java:63)
	at org.apache.coyote.AbstractProtocol$ConnectionHandler.process(AbstractProtocol.java:903)
	at org.apache.tomcat.util.net.NioEndpoint$SocketProcessor.doRun(NioEndpoint.java:1779)
	at org.apache.tomcat.util.net.SocketProcessorBase.run(SocketProcessorBase.java:52)
	at org.apache.tomcat.util.threads.ThreadPoolExecutor.runWorker(ThreadPoolExecutor.java:946)
	at org.apache.tomcat.util.threads.ThreadPoolExecutor$Worker.run(ThreadPoolExecutor.java:480)
	at org.apache.tomcat.util.threads.TaskThread$WrappingRunnable.run(TaskThread.java:57)
	at java.base/java.lang.Thread.run(Thread.java:1474)
Caused by: tools.jackson.core.exc.StreamReadException: Unexpected character ('"' (code 34)): was expecting comma to separate Object entries
 at [Source: REDACTED (`StreamReadFeature.INCLUDE_SOURCE_IN_LOCATION` disabled); byte offset: #39]
	at tools.jackson.core.JsonParser._constructReadException(JsonParser.java:1800)
	at tools.jackson.core.base.ParserMinimalBase._reportUnexpectedChar(ParserMinimalBase.java:1049)
	at tools.jackson.core.json.UTF8StreamJsonParser.nextNameMatch(UTF8StreamJsonParser.java:1126)
	at tools.jackson.databind.deser.bean.BeanDeserializer.deserializeFromObject(BeanDeserializer.java:528)
	at tools.jackson.databind.deser.bean.BeanDeserializer.deserialize(BeanDeserializer.java:200)
	at tools.jackson.databind.deser.DeserializationContextExt.readRootValue(DeserializationContextExt.java:265)
	at tools.jackson.databind.ObjectReader._bindAndClose(ObjectReader.java:1646)
	at tools.jackson.databind.ObjectReader.readValue(ObjectReader.java:1171)
	at org.springframework.http.converter.AbstractJacksonHttpMessageConverter.readJavaType(AbstractJacksonHttpMessageConverter.java:352)
	... 91 more
2026-03-28 09:21:48 [http-nio-8080-exec-10] WARN  org.springframework.web.servlet.mvc.method.annotation.ExceptionHandlerExceptionResolver - Resolved [org.springframework.http.converter.HttpMessageNotReadableException: JSON parse error: Unexpected character ('"' (code 34)): was expecting comma to separate Object entries]
2026-03-28 09:22:18 [http-nio-8080-exec-1] INFO  com.dipanshu.BookManagerApi.security.JwtFilter - Authenticated user: asda
2026-03-28 09:22:18 [http-nio-8080-exec-1] INFO  com.dipanshu.BookManagerApi.service.BookmarkServiceImpl - START findAllBookmarksPaginated | page=0 | size=10 | sortBy=id | direction=asc
2026-03-28 09:22:18 [http-nio-8080-exec-1] INFO  com.dipanshu.BookManagerApi.service.BookmarkServiceImpl - SUCCESS findAllBookmarksPaginated | totalElements=12 | timeTaken=19ms
2026-03-28 09:22:18 [http-nio-8080-exec-3] INFO  com.dipanshu.BookManagerApi.security.JwtFilter - Authenticated user: asda
2026-03-28 09:22:18 [http-nio-8080-exec-3] INFO  com.dipanshu.BookManagerApi.service.BookmarkServiceImpl - START findAllBookmarksPaginated | page=0 | size=10 | sortBy=id | direction=asc
2026-03-28 09:22:18 [http-nio-8080-exec-3] INFO  com.dipanshu.BookManagerApi.service.BookmarkServiceImpl - SUCCESS findAllBookmarksPaginated | totalElements=12 | timeTaken=19ms
2026-03-28 09:22:22 [http-nio-8080-exec-6] INFO  com.dipanshu.BookManagerApi.security.JwtFilter - Authenticated user: asda
2026-03-28 09:22:22 [http-nio-8080-exec-6] INFO  com.dipanshu.BookManagerApi.service.BookmarkServiceImpl - START findAllBookmarksPaginated | page=0 | size=10 | sortBy=id | direction=asc
2026-03-28 09:22:22 [http-nio-8080-exec-6] INFO  com.dipanshu.BookManagerApi.service.BookmarkServiceImpl - SUCCESS findAllBookmarksPaginated | totalElements=12 | timeTaken=19ms
2026-03-28 09:22:22 [http-nio-8080-exec-7] INFO  com.dipanshu.BookManagerApi.security.JwtFilter - Authenticated user: asda
2026-03-28 09:22:22 [http-nio-8080-exec-7] INFO  com.dipanshu.BookManagerApi.service.BookmarkServiceImpl - START findAllBookmarksPaginated | page=0 | size=10 | sortBy=id | direction=asc
2026-03-28 09:22:22 [http-nio-8080-exec-7] INFO  com.dipanshu.BookManagerApi.service.BookmarkServiceImpl - SUCCESS findAllBookmarksPaginated | totalElements=12 | timeTaken=20ms
2026-03-28 09:24:32 [http-nio-8080-exec-8] INFO  com.dipanshu.BookManagerApi.security.JwtFilter - Authenticated user: asda
2026-03-28 09:24:32 [http-nio-8080-exec-8] INFO  com.dipanshu.BookManagerApi.service.BookmarkServiceImpl - START findAllBookmarksPaginated | page=0 | size=10 | sortBy=id | direction=asc
2026-03-28 09:24:32 [http-nio-8080-exec-8] INFO  com.dipanshu.BookManagerApi.service.BookmarkServiceImpl - SUCCESS findAllBookmarksPaginated | totalElements=12 | timeTaken=18ms
2026-03-28 09:24:32 [http-nio-8080-exec-9] INFO  com.dipanshu.BookManagerApi.security.JwtFilter - Authenticated user: asda
2026-03-28 09:24:32 [http-nio-8080-exec-9] INFO  com.dipanshu.BookManagerApi.service.BookmarkServiceImpl - START findAllBookmarksPaginated | page=0 | size=10 | sortBy=id | direction=asc
2026-03-28 09:24:32 [http-nio-8080-exec-9] INFO  com.dipanshu.BookManagerApi.service.BookmarkServiceImpl - SUCCESS findAllBookmarksPaginated | totalElements=12 | timeTaken=16ms
2026-03-28 09:24:41 [http-nio-8080-exec-1] INFO  com.dipanshu.BookManagerApi.security.JwtFilter - Authenticated user: asda
2026-03-28 09:24:41 [http-nio-8080-exec-1] INFO  com.dipanshu.BookManagerApi.service.BookmarkServiceImpl - START findAllBookmarksPaginated | page=0 | size=10 | sortBy=id | direction=asc
2026-03-28 09:24:41 [http-nio-8080-exec-1] INFO  com.dipanshu.BookManagerApi.service.BookmarkServiceImpl - SUCCESS findAllBookmarksPaginated | totalElements=12 | timeTaken=18ms
2026-03-28 09:24:41 [http-nio-8080-exec-3] INFO  com.dipanshu.BookManagerApi.security.JwtFilter - Authenticated user: asda
2026-03-28 09:24:41 [http-nio-8080-exec-3] INFO  com.dipanshu.BookManagerApi.service.BookmarkServiceImpl - START findAllBookmarksPaginated | page=0 | size=10 | sortBy=id | direction=asc
2026-03-28 09:24:41 [http-nio-8080-exec-3] INFO  com.dipanshu.BookManagerApi.service.BookmarkServiceImpl - SUCCESS findAllBookmarksPaginated | totalElements=12 | timeTaken=19ms
2026-03-28 09:24:44 [http-nio-8080-exec-6] INFO  com.dipanshu.BookManagerApi.security.JwtFilter - Authenticated user: asda
2026-03-28 09:24:44 [http-nio-8080-exec-6] INFO  com.dipanshu.BookManagerApi.service.BookmarkServiceImpl - START findAllBookmarksPaginated | page=0 | size=10 | sortBy=id | direction=asc
2026-03-28 09:24:44 [http-nio-8080-exec-6] INFO  com.dipanshu.BookManagerApi.service.BookmarkServiceImpl - SUCCESS findAllBookmarksPaginated | totalElements=12 | timeTaken=20ms
2026-03-28 09:24:44 [http-nio-8080-exec-7] INFO  com.dipanshu.BookManagerApi.security.JwtFilter - Authenticated user: asda
2026-03-28 09:24:44 [http-nio-8080-exec-7] INFO  com.dipanshu.BookManagerApi.service.BookmarkServiceImpl - START findAllBookmarksPaginated | page=0 | size=10 | sortBy=id | direction=asc
2026-03-28 09:24:44 [http-nio-8080-exec-7] INFO  com.dipanshu.BookManagerApi.service.BookmarkServiceImpl - SUCCESS findAllBookmarksPaginated | totalElements=12 | timeTaken=21ms
2026-03-28 09:25:02 [http-nio-8080-exec-8] INFO  com.dipanshu.BookManagerApi.security.JwtFilter - Authenticated user: asda
2026-03-28 09:25:02 [http-nio-8080-exec-8] INFO  com.dipanshu.BookManagerApi.service.BookmarkServiceImpl - START findAllBookmarksPaginated | page=0 | size=10 | sortBy=id | direction=asc
2026-03-28 09:25:02 [http-nio-8080-exec-8] INFO  com.dipanshu.BookManagerApi.service.BookmarkServiceImpl - SUCCESS findAllBookmarksPaginated | totalElements=12 | timeTaken=20ms
2026-03-28 09:25:02 [http-nio-8080-exec-9] INFO  com.dipanshu.BookManagerApi.security.JwtFilter - Authenticated user: asda
2026-03-28 09:25:02 [http-nio-8080-exec-9] INFO  com.dipanshu.BookManagerApi.service.BookmarkServiceImpl - START findAllBookmarksPaginated | page=0 | size=10 | sortBy=id | direction=asc
2026-03-28 09:25:02 [http-nio-8080-exec-9] INFO  com.dipanshu.BookManagerApi.service.BookmarkServiceImpl - SUCCESS findAllBookmarksPaginated | totalElements=12 | timeTaken=27ms
2026-03-28 09:25:42 [http-nio-8080-exec-2] INFO  com.dipanshu.BookManagerApi.security.JwtFilter - Authenticated user: asda
2026-03-28 09:25:42 [http-nio-8080-exec-2] INFO  com.dipanshu.BookManagerApi.service.BookmarkServiceImpl - START findAllBookmarksPaginated | page=0 | size=10 | sortBy=id | direction=asc
2026-03-28 09:25:42 [http-nio-8080-exec-2] INFO  com.dipanshu.BookManagerApi.service.BookmarkServiceImpl - SUCCESS findAllBookmarksPaginated | totalElements=12 | timeTaken=18ms
2026-03-28 09:25:42 [http-nio-8080-exec-10] INFO  com.dipanshu.BookManagerApi.security.JwtFilter - Authenticated user: asda
2026-03-28 09:25:42 [http-nio-8080-exec-10] INFO  com.dipanshu.BookManagerApi.service.BookmarkServiceImpl - START findAllBookmarksPaginated | page=0 | size=10 | sortBy=id | direction=asc
2026-03-28 09:25:42 [http-nio-8080-exec-10] INFO  com.dipanshu.BookManagerApi.service.BookmarkServiceImpl - SUCCESS findAllBookmarksPaginated | totalElements=12 | timeTaken=19ms
2026-03-28 09:26:11 [http-nio-8080-exec-1] INFO  com.dipanshu.BookManagerApi.security.JwtFilter - Authenticated user: asda
2026-03-28 09:26:11 [http-nio-8080-exec-1] INFO  com.dipanshu.BookManagerApi.service.BookmarkServiceImpl - START findAllBookmarksPaginated | page=0 | size=10 | sortBy=id | direction=asc
2026-03-28 09:26:11 [http-nio-8080-exec-1] INFO  com.dipanshu.BookManagerApi.service.BookmarkServiceImpl - SUCCESS findAllBookmarksPaginated | totalElements=12 | timeTaken=17ms
2026-03-28 09:26:11 [http-nio-8080-exec-3] INFO  com.dipanshu.BookManagerApi.security.JwtFilter - Authenticated user: asda
2026-03-28 09:26:11 [http-nio-8080-exec-3] INFO  com.dipanshu.BookManagerApi.service.BookmarkServiceImpl - START findAllBookmarksPaginated | page=0 | size=10 | sortBy=id | direction=asc
2026-03-28 09:26:11 [http-nio-8080-exec-3] INFO  com.dipanshu.BookManagerApi.service.BookmarkServiceImpl - SUCCESS findAllBookmarksPaginated | totalElements=12 | timeTaken=16ms
2026-03-28 10:27:06 [HikariPool-1:housekeeper] WARN  com.zaxxer.hikari.pool.HikariPool - HikariPool-1 - Thread starvation or clock leap detected (housekeeper delta=25m25s942ms526µs900ns).
2026-03-28 10:34:40 [File Watcher] INFO  org.springframework.boot.devtools.autoconfigure.LocalDevToolsAutoConfiguration$RestartingClassPathChangeChangedEventListener - Restarting due to 34 class path changes (0 additions, 33 deletions, 1 modification)
2026-03-28 10:34:40 [Thread-1] INFO  org.springframework.boot.tomcat.GracefulShutdown - Commencing graceful shutdown. Waiting for active requests to complete
2026-03-28 10:34:40 [tomcat-shutdown] INFO  org.apache.coyote.http11.Http11NioProtocol - Pausing ProtocolHandler ["http-nio-8080"]
2026-03-28 10:34:40 [tomcat-shutdown] INFO  org.springframework.boot.tomcat.GracefulShutdown - Graceful shutdown complete
2026-03-28 10:34:40 [Thread-1] INFO  org.apache.coyote.http11.Http11NioProtocol - Stopping ProtocolHandler ["http-nio-8080"]
2026-03-28 10:34:40 [Thread-1] INFO  org.springframework.orm.jpa.LocalContainerEntityManagerFactoryBean - Closing JPA EntityManagerFactory for persistence unit 'default'
2026-03-28 10:34:40 [Thread-1] INFO  com.zaxxer.hikari.HikariDataSource - HikariPool-1 - Shutdown initiated...
2026-03-28 10:34:40 [Thread-1] INFO  com.zaxxer.hikari.HikariDataSource - HikariPool-1 - Shutdown completed.
2026-03-28 10:34:40 [restartedMain] INFO  com.dipanshu.BookManagerApi.BookManagerApiApplication - Starting BookManagerApiApplication using Java 25.0.1 with PID 21104 (X:\BookManagerApiv2\target\classes started by Pc in X:\BookManagerApiv2)
2026-03-28 10:34:40 [restartedMain] DEBUG com.dipanshu.BookManagerApi.BookManagerApiApplication - Running with Spring Boot v4.0.3, Spring v7.0.5
2026-03-28 10:34:40 [restartedMain] INFO  com.dipanshu.BookManagerApi.BookManagerApiApplication - No active profile set, falling back to 1 default profile: "default"
2026-03-28 10:34:40 [restartedMain] INFO  org.springframework.data.repository.config.RepositoryConfigurationDelegate - Bootstrapping Spring Data JPA repositories in DEFAULT mode.
2026-03-28 10:34:40 [restartedMain] INFO  org.springframework.data.repository.config.RepositoryConfigurationDelegate - Finished Spring Data repository scanning in 1 ms. Found 0 JPA repository interfaces.
2026-03-28 10:34:40 [restartedMain] INFO  org.springframework.boot.tomcat.TomcatWebServer - Tomcat initialized with port 8080 (http)
2026-03-28 10:34:40 [restartedMain] INFO  org.apache.coyote.http11.Http11NioProtocol - Initializing ProtocolHandler ["http-nio-8080"]
2026-03-28 10:34:40 [restartedMain] INFO  org.apache.catalina.core.StandardService - Starting service [Tomcat]
2026-03-28 10:34:40 [restartedMain] INFO  org.apache.catalina.core.StandardEngine - Starting Servlet engine: [Apache Tomcat/11.0.18]
2026-03-28 10:34:40 [restartedMain] INFO  org.springframework.boot.web.context.servlet.WebApplicationContextInitializer - Root WebApplicationContext: initialization completed in 466 ms
2026-03-28 10:34:40 [restartedMain] WARN  org.springframework.boot.web.server.servlet.context.AnnotationConfigServletWebServerApplicationContext - Exception encountered during context initialization - cancelling refresh attempt: org.springframework.beans.factory.BeanCreationException: Error creating bean with name 'entityManagerFactory' defined in class path resource [org/springframework/boot/hibernate/autoconfigure/HibernateJpaConfiguration.class]: Failed to initialize dependency 'inMemoryDatabaseShutdownExecutor' of LoadTimeWeaverAware bean 'entityManagerFactory': Error creating bean with name 'inMemoryDatabaseShutdownExecutor' defined in class path resource [org/springframework/boot/devtools/autoconfigure/DevToolsDataSourceAutoConfiguration.class]: Unsatisfied dependency expressed through method 'inMemoryDatabaseShutdownExecutor' parameter 0: Error creating bean with name 'dataSource' defined in class path resource [org/springframework/boot/jdbc/autoconfigure/DataSourceConfiguration$Hikari.class]: Failed to instantiate [com.zaxxer.hikari.HikariDataSource]: Factory method 'dataSource' threw exception with message: 'url' must start with "jdbc"
2026-03-28 10:34:40 [restartedMain] INFO  org.apache.catalina.core.StandardService - Stopping service [Tomcat]
2026-03-28 10:34:40 [restartedMain] INFO  org.springframework.boot.autoconfigure.logging.ConditionEvaluationReportLogger - 

Error starting ApplicationContext. To display the condition evaluation report re-run your application with 'debug' enabled.
2026-03-28 10:34:40 [restartedMain] ERROR org.springframework.boot.SpringApplication - Application run failed
org.springframework.beans.factory.BeanCreationException: Error creating bean with name 'entityManagerFactory' defined in class path resource [org/springframework/boot/hibernate/autoconfigure/HibernateJpaConfiguration.class]: Failed to initialize dependency 'inMemoryDatabaseShutdownExecutor' of LoadTimeWeaverAware bean 'entityManagerFactory': Error creating bean with name 'inMemoryDatabaseShutdownExecutor' defined in class path resource [org/springframework/boot/devtools/autoconfigure/DevToolsDataSourceAutoConfiguration.class]: Unsatisfied dependency expressed through method 'inMemoryDatabaseShutdownExecutor' parameter 0: Error creating bean with name 'dataSource' defined in class path resource [org/springframework/boot/jdbc/autoconfigure/DataSourceConfiguration$Hikari.class]: Failed to instantiate [com.zaxxer.hikari.HikariDataSource]: Factory method 'dataSource' threw exception with message: 'url' must start with "jdbc"
	at org.springframework.beans.factory.support.AbstractBeanFactory.doGetBean(AbstractBeanFactory.java:322)
	at org.springframework.beans.factory.support.AbstractBeanFactory.getBean(AbstractBeanFactory.java:201)
	at org.springframework.context.support.AbstractApplicationContext.finishBeanFactoryInitialization(AbstractApplicationContext.java:977)
	at org.springframework.context.support.AbstractApplicationContext.refresh(AbstractApplicationContext.java:621)
	at org.springframework.boot.web.server.servlet.context.ServletWebServerApplicationContext.refresh(ServletWebServerApplicationContext.java:143)
	at org.springframework.boot.SpringApplication.refresh(SpringApplication.java:756)
	at org.springframework.boot.SpringApplication.refreshContext(SpringApplication.java:445)
	at org.springframework.boot.SpringApplication.run(SpringApplication.java:321)
	at org.springframework.boot.SpringApplication.run(SpringApplication.java:1365)
	at org.springframework.boot.SpringApplication.run(SpringApplication.java:1354)
	at com.dipanshu.BookManagerApi.BookManagerApiApplication.main(BookManagerApiApplication.java:12)
	at java.base/jdk.internal.reflect.DirectMethodHandleAccessor.invoke(DirectMethodHandleAccessor.java:104)
	at java.base/java.lang.reflect.Method.invoke(Method.java:565)
	at org.springframework.boot.devtools.restart.RestartLauncher.run(RestartLauncher.java:52)
Caused by: org.springframework.beans.factory.UnsatisfiedDependencyException: Error creating bean with name 'inMemoryDatabaseShutdownExecutor' defined in class path resource [org/springframework/boot/devtools/autoconfigure/DevToolsDataSourceAutoConfiguration.class]: Unsatisfied dependency expressed through method 'inMemoryDatabaseShutdownExecutor' parameter 0: Error creating bean with name 'dataSource' defined in class path resource [org/springframework/boot/jdbc/autoconfigure/DataSourceConfiguration$Hikari.class]: Failed to instantiate [com.zaxxer.hikari.HikariDataSource]: Factory method 'dataSource' threw exception with message: 'url' must start with "jdbc"
	at org.springframework.beans.factory.support.ConstructorResolver.createArgumentArray(ConstructorResolver.java:804)
	at org.springframework.beans.factory.support.ConstructorResolver.instantiateUsingFactoryMethod(ConstructorResolver.java:546)
	at org.springframework.beans.factory.support.AbstractAutowireCapableBeanFactory.instantiateUsingFactoryMethod(AbstractAutowireCapableBeanFactory.java:1362)
	at org.springframework.beans.factory.support.AbstractAutowireCapableBeanFactory.createBeanInstance(AbstractAutowireCapableBeanFactory.java:1194)
	at org.springframework.beans.factory.support.AbstractAutowireCapableBeanFactory.doCreateBean(AbstractAutowireCapableBeanFactory.java:565)
	at org.springframework.beans.factory.support.AbstractAutowireCapableBeanFactory.createBean(AbstractAutowireCapableBeanFactory.java:525)
	at org.springframework.beans.factory.support.AbstractBeanFactory.lambda$doGetBean$0(AbstractBeanFactory.java:333)
	at org.springframework.beans.factory.support.DefaultSingletonBeanRegistry.getSingleton(DefaultSingletonBeanRegistry.java:371)
	at org.springframework.beans.factory.support.AbstractBeanFactory.doGetBean(AbstractBeanFactory.java:331)
	at org.springframework.beans.factory.support.AbstractBeanFactory.getBean(AbstractBeanFactory.java:196)
	at org.springframework.beans.factory.support.AbstractBeanFactory.doGetBean(AbstractBeanFactory.java:309)
	... 13 more
Caused by: org.springframework.beans.factory.BeanCreationException: Error creating bean with name 'dataSource' defined in class path resource [org/springframework/boot/jdbc/autoconfigure/DataSourceConfiguration$Hikari.class]: Failed to instantiate [com.zaxxer.hikari.HikariDataSource]: Factory method 'dataSource' threw exception with message: 'url' must start with "jdbc"
	at org.springframework.beans.factory.support.ConstructorResolver.instantiate(ConstructorResolver.java:657)
	at org.springframework.beans.factory.support.ConstructorResolver.instantiateUsingFactoryMethod(ConstructorResolver.java:645)
	at org.springframework.beans.factory.support.AbstractAutowireCapableBeanFactory.instantiateUsingFactoryMethod(AbstractAutowireCapableBeanFactory.java:1362)
	at org.springframework.beans.factory.support.AbstractAutowireCapableBeanFactory.createBeanInstance(AbstractAutowireCapableBeanFactory.java:1194)
	at org.springframework.beans.factory.support.AbstractAutowireCapableBeanFactory.doCreateBean(AbstractAutowireCapableBeanFactory.java:565)
	at org.springframework.beans.factory.support.AbstractAutowireCapableBeanFactory.createBean(AbstractAutowireCapableBeanFactory.java:525)
	at org.springframework.beans.factory.support.AbstractBeanFactory.lambda$doGetBean$0(AbstractBeanFactory.java:333)
	at org.springframework.beans.factory.support.DefaultSingletonBeanRegistry.getSingleton(DefaultSingletonBeanRegistry.java:371)
	at org.springframework.beans.factory.support.AbstractBeanFactory.doGetBean(AbstractBeanFactory.java:331)
	at org.springframework.beans.factory.support.AbstractBeanFactory.getBean(AbstractBeanFactory.java:201)
	at org.springframework.beans.factory.support.DefaultListableBeanFactory.resolveBean(DefaultListableBeanFactory.java:1225)
	at org.springframework.beans.factory.support.DefaultListableBeanFactory.doResolveDependency(DefaultListableBeanFactory.java:1704)
	at org.springframework.beans.factory.support.DefaultListableBeanFactory.resolveDependency(DefaultListableBeanFactory.java:1651)
	at org.springframework.beans.factory.support.ConstructorResolver.resolveAutowiredArgument(ConstructorResolver.java:912)
	at org.springframework.beans.factory.support.ConstructorResolver.createArgumentArray(ConstructorResolver.java:791)
	... 23 more
Caused by: org.springframework.beans.BeanInstantiationException: Failed to instantiate [com.zaxxer.hikari.HikariDataSource]: Factory method 'dataSource' threw exception with message: 'url' must start with "jdbc"
	at org.springframework.beans.factory.support.SimpleInstantiationStrategy.lambda$instantiate$0(SimpleInstantiationStrategy.java:183)
	at org.springframework.beans.factory.support.SimpleInstantiationStrategy.instantiateWithFactoryMethod(SimpleInstantiationStrategy.java:72)
	at org.springframework.beans.factory.support.SimpleInstantiationStrategy.instantiate(SimpleInstantiationStrategy.java:152)
	at org.springframework.beans.factory.support.ConstructorResolver.instantiate(ConstructorResolver.java:653)
	... 37 more
Caused by: java.lang.IllegalArgumentException: 'url' must start with "jdbc"
	at org.springframework.util.Assert.isTrue(Assert.java:117)
	at org.springframework.boot.jdbc.DatabaseDriver.fromJdbcUrl(DatabaseDriver.java:314)
	at org.springframework.boot.jdbc.autoconfigure.DataSourceProperties.findDriverClassName(DataSourceProperties.java:193)
	at org.springframework.boot.jdbc.autoconfigure.DataSourceProperties.determineDriverClassName(DataSourceProperties.java:177)
	at org.springframework.boot.jdbc.autoconfigure.PropertiesJdbcConnectionDetails.getDriverClassName(PropertiesJdbcConnectionDetails.java:51)
	at org.springframework.boot.jdbc.autoconfigure.DataSourceConfiguration.createDataSource(DataSourceConfiguration.java:63)
	at org.springframework.boot.jdbc.autoconfigure.DataSourceConfiguration$Hikari.dataSource(DataSourceConfiguration.java:128)
	at java.base/jdk.internal.reflect.DirectMethodHandleAccessor.invoke(DirectMethodHandleAccessor.java:104)
	at java.base/java.lang.reflect.Method.invoke(Method.java:565)
	at org.springframework.beans.factory.support.SimpleInstantiationStrategy.lambda$instantiate$0(SimpleInstantiationStrategy.java:155)
	... 40 more
2026-03-28 10:34:44 [restartedMain] INFO  com.dipanshu.BookManagerApi.BookManagerApiApplication - Starting BookManagerApiApplication using Java 25.0.1 with PID 21104 (X:\BookManagerApiv2\target\classes started by Pc in X:\BookManagerApiv2)
2026-03-28 10:34:44 [restartedMain] DEBUG com.dipanshu.BookManagerApi.BookManagerApiApplication - Running with Spring Boot v4.0.3, Spring v7.0.5
2026-03-28 10:34:44 [restartedMain] INFO  com.dipanshu.BookManagerApi.BookManagerApiApplication - No active profile set, falling back to 1 default profile: "default"
2026-03-28 10:34:44 [restartedMain] INFO  org.springframework.data.repository.config.RepositoryConfigurationDelegate - Bootstrapping Spring Data JPA repositories in DEFAULT mode.
2026-03-28 10:34:44 [restartedMain] INFO  org.springframework.data.repository.config.RepositoryConfigurationDelegate - Finished Spring Data repository scanning in 15 ms. Found 4 JPA repository interfaces.
2026-03-28 10:34:45 [restartedMain] INFO  org.springframework.boot.tomcat.TomcatWebServer - Tomcat initialized with port 8080 (http)
2026-03-28 10:34:45 [restartedMain] INFO  org.apache.coyote.http11.Http11NioProtocol - Initializing ProtocolHandler ["http-nio-8080"]
2026-03-28 10:34:45 [restartedMain] INFO  org.apache.catalina.core.StandardService - Starting service [Tomcat]
2026-03-28 10:34:45 [restartedMain] INFO  org.apache.catalina.core.StandardEngine - Starting Servlet engine: [Apache Tomcat/11.0.18]
2026-03-28 10:34:45 [restartedMain] INFO  org.springframework.boot.web.context.servlet.WebApplicationContextInitializer - Root WebApplicationContext: initialization completed in 407 ms
2026-03-28 10:34:45 [restartedMain] ERROR org.springframework.boot.tomcat.servlet.DeferredServletContainerInitializers - Error starting Tomcat context. Exception: org.springframework.beans.factory.UnsatisfiedDependencyException. Message: Error creating bean with name 'jwtFilter' defined in file [X:\BookManagerApiv2\target\classes\com\dipanshu\BookManagerApi\security\JwtFilter.class]: Unsatisfied dependency expressed through constructor parameter 0: Error creating bean with name 'jwtUtil': Injection of autowired dependencies failed
2026-03-28 10:34:45 [restartedMain] INFO  org.apache.catalina.core.StandardService - Stopping service [Tomcat]
2026-03-28 10:34:45 [restartedMain] WARN  org.springframework.boot.web.server.servlet.context.AnnotationConfigServletWebServerApplicationContext - Exception encountered during context initialization - cancelling refresh attempt: org.springframework.context.ApplicationContextException: Unable to start web server
2026-03-28 10:34:45 [restartedMain] INFO  org.springframework.boot.autoconfigure.logging.ConditionEvaluationReportLogger - 

Error starting ApplicationContext. To display the condition evaluation report re-run your application with 'debug' enabled.
2026-03-28 10:34:45 [restartedMain] ERROR org.springframework.boot.SpringApplication - Application run failed
org.springframework.context.ApplicationContextException: Unable to start web server
	at org.springframework.boot.web.server.servlet.context.ServletWebServerApplicationContext.onRefresh(ServletWebServerApplicationContext.java:167)
	at org.springframework.context.support.AbstractApplicationContext.refresh(AbstractApplicationContext.java:615)
	at org.springframework.boot.web.server.servlet.context.ServletWebServerApplicationContext.refresh(ServletWebServerApplicationContext.java:143)
	at org.springframework.boot.SpringApplication.refresh(SpringApplication.java:756)
	at org.springframework.boot.SpringApplication.refreshContext(SpringApplication.java:445)
	at org.springframework.boot.SpringApplication.run(SpringApplication.java:321)
	at org.springframework.boot.SpringApplication.run(SpringApplication.java:1365)
	at org.springframework.boot.SpringApplication.run(SpringApplication.java:1354)
	at com.dipanshu.BookManagerApi.BookManagerApiApplication.main(BookManagerApiApplication.java:12)
	at java.base/jdk.internal.reflect.DirectMethodHandleAccessor.invoke(DirectMethodHandleAccessor.java:104)
	at java.base/java.lang.reflect.Method.invoke(Method.java:565)
	at org.springframework.boot.devtools.restart.RestartLauncher.run(RestartLauncher.java:52)
Caused by: org.springframework.boot.web.server.WebServerException: Unable to start embedded Tomcat
	at org.springframework.boot.tomcat.TomcatWebServer.initialize(TomcatWebServer.java:150)
	at org.springframework.boot.tomcat.TomcatWebServer.<init>(TomcatWebServer.java:110)
	at org.springframework.boot.tomcat.servlet.TomcatServletWebServerFactory.getTomcatWebServer(TomcatServletWebServerFactory.java:408)
	at org.springframework.boot.tomcat.servlet.TomcatServletWebServerFactory.getWebServer(TomcatServletWebServerFactory.java:166)
	at org.springframework.boot.web.server.servlet.context.ServletWebServerApplicationContext.createWebServer(ServletWebServerApplicationContext.java:190)
	at org.springframework.boot.web.server.servlet.context.ServletWebServerApplicationContext.onRefresh(ServletWebServerApplicationContext.java:164)
	... 11 more
Caused by: org.springframework.beans.factory.UnsatisfiedDependencyException: Error creating bean with name 'jwtFilter' defined in file [X:\BookManagerApiv2\target\classes\com\dipanshu\BookManagerApi\security\JwtFilter.class]: Unsatisfied dependency expressed through constructor parameter 0: Error creating bean with name 'jwtUtil': Injection of autowired dependencies failed
	at org.springframework.beans.factory.support.ConstructorResolver.createArgumentArray(ConstructorResolver.java:804)
	at org.springframework.beans.factory.support.ConstructorResolver.autowireConstructor(ConstructorResolver.java:240)
	at org.springframework.beans.factory.support.AbstractAutowireCapableBeanFactory.autowireConstructor(AbstractAutowireCapableBeanFactory.java:1382)
	at org.springframework.beans.factory.support.AbstractAutowireCapableBeanFactory.createBeanInstance(AbstractAutowireCapableBeanFactory.java:1221)
	at org.springframework.beans.factory.support.AbstractAutowireCapableBeanFactory.doCreateBean(AbstractAutowireCapableBeanFactory.java:565)
	at org.springframework.beans.factory.support.AbstractAutowireCapableBeanFactory.createBean(AbstractAutowireCapableBeanFactory.java:525)
	at org.springframework.beans.factory.support.AbstractBeanFactory.lambda$doGetBean$0(AbstractBeanFactory.java:333)
	at org.springframework.beans.factory.support.DefaultSingletonBeanRegistry.getSingleton(DefaultSingletonBeanRegistry.java:371)
	at org.springframework.beans.factory.support.AbstractBeanFactory.doGetBean(AbstractBeanFactory.java:331)
	at org.springframework.beans.factory.support.AbstractBeanFactory.getBean(AbstractBeanFactory.java:201)
	at org.springframework.boot.web.servlet.ServletContextInitializerBeans.getOrderedBeansOfType(ServletContextInitializerBeans.java:231)
	at org.springframework.boot.web.servlet.ServletContextInitializerBeans.addAsRegistrationBean(ServletContextInitializerBeans.java:185)
	at org.springframework.boot.web.servlet.ServletContextInitializerBeans.addAsRegistrationBean(ServletContextInitializerBeans.java:180)
	at org.springframework.boot.web.servlet.ServletContextInitializerBeans.addAdaptableBeans(ServletContextInitializerBeans.java:165)
	at org.springframework.boot.web.servlet.ServletContextInitializerBeans.<init>(ServletContextInitializerBeans.java:97)
	at org.springframework.boot.web.context.servlet.WebApplicationContextInitializer.initialize(WebApplicationContextInitializer.java:53)
	at org.springframework.boot.tomcat.servlet.DeferredServletContainerInitializers.onStartup(DeferredServletContainerInitializers.java:55)
	at org.apache.catalina.core.StandardContext.startInternal(StandardContext.java:4416)
	at org.apache.catalina.util.LifecycleBase.start(LifecycleBase.java:164)
	at org.apache.catalina.core.ContainerBase$StartChild.call(ContainerBase.java:1162)
	at org.apache.catalina.core.ContainerBase$StartChild.call(ContainerBase.java:1158)
	at java.base/java.util.concurrent.FutureTask.run(FutureTask.java:328)
	at org.apache.tomcat.util.threads.InlineExecutorService.execute(InlineExecutorService.java:81)
	at java.base/java.util.concurrent.AbstractExecutorService.submit(AbstractExecutorService.java:149)
	at org.apache.catalina.core.ContainerBase.startInternal(ContainerBase.java:714)
	at org.apache.catalina.core.StandardHost.startInternal(StandardHost.java:780)
	at org.apache.catalina.util.LifecycleBase.start(LifecycleBase.java:164)
	at org.apache.catalina.core.ContainerBase$StartChild.call(ContainerBase.java:1162)
	at org.apache.catalina.core.ContainerBase$StartChild.call(ContainerBase.java:1158)
	at java.base/java.util.concurrent.FutureTask.run(FutureTask.java:328)
	at org.apache.tomcat.util.threads.InlineExecutorService.execute(InlineExecutorService.java:81)
	at java.base/java.util.concurrent.AbstractExecutorService.submit(AbstractExecutorService.java:149)
	at org.apache.catalina.core.ContainerBase.startInternal(ContainerBase.java:714)
	at org.apache.catalina.core.StandardEngine.startInternal(StandardEngine.java:201)
	at org.apache.catalina.util.LifecycleBase.start(LifecycleBase.java:164)
	at org.apache.catalina.core.StandardService.startInternal(StandardService.java:410)
	at org.apache.catalina.util.LifecycleBase.start(LifecycleBase.java:164)
	at org.apache.catalina.core.StandardServer.startInternal(StandardServer.java:864)
	at org.apache.catalina.util.LifecycleBase.start(LifecycleBase.java:164)
	at org.apache.catalina.startup.Tomcat.start(Tomcat.java:435)
	at org.springframework.boot.tomcat.TomcatWebServer.initialize(TomcatWebServer.java:131)
	... 16 more
Caused by: org.springframework.beans.factory.BeanCreationException: Error creating bean with name 'jwtUtil': Injection of autowired dependencies failed
	at org.springframework.beans.factory.annotation.AutowiredAnnotationBeanPostProcessor.postProcessProperties(AutowiredAnnotationBeanPostProcessor.java:499)
	at org.springframework.beans.factory.support.AbstractAutowireCapableBeanFactory.populateBean(AbstractAutowireCapableBeanFactory.java:1446)
	at org.springframework.beans.factory.support.AbstractAutowireCapableBeanFactory.doCreateBean(AbstractAutowireCapableBeanFactory.java:602)
	at org.springframework.beans.factory.support.AbstractAutowireCapableBeanFactory.createBean(AbstractAutowireCapableBeanFactory.java:525)
	at org.springframework.beans.factory.support.AbstractBeanFactory.lambda$doGetBean$0(AbstractBeanFactory.java:333)
	at org.springframework.beans.factory.support.DefaultSingletonBeanRegistry.getSingleton(DefaultSingletonBeanRegistry.java:371)
	at org.springframework.beans.factory.support.AbstractBeanFactory.doGetBean(AbstractBeanFactory.java:331)
	at org.springframework.beans.factory.support.AbstractBeanFactory.getBean(AbstractBeanFactory.java:201)
	at org.springframework.beans.factory.support.DefaultListableBeanFactory.resolveBean(DefaultListableBeanFactory.java:1225)
	at org.springframework.beans.factory.support.DefaultListableBeanFactory.doResolveDependency(DefaultListableBeanFactory.java:1704)
	at org.springframework.beans.factory.support.DefaultListableBeanFactory.resolveDependency(DefaultListableBeanFactory.java:1651)
	at org.springframework.beans.factory.support.ConstructorResolver.resolveAutowiredArgument(ConstructorResolver.java:912)
	at org.springframework.beans.factory.support.ConstructorResolver.createArgumentArray(ConstructorResolver.java:791)
	... 56 more
Caused by: org.springframework.util.PlaceholderResolutionException: Could not resolve placeholder 'JWT_SECRET' in value "${JWT_SECRET}" <-- "${jwt.secret}"
	at org.springframework.util.PlaceholderResolutionException.withValue(PlaceholderResolutionException.java:81)
	at org.springframework.util.PlaceholderParser$ParsedValue.resolve(PlaceholderParser.java:296)
	at org.springframework.util.PlaceholderParser.replacePlaceholders(PlaceholderParser.java:129)
	at org.springframework.util.PropertyPlaceholderHelper.replacePlaceholders(PropertyPlaceholderHelper.java:96)
	at org.springframework.core.env.AbstractPropertyResolver.doResolvePlaceholders(AbstractPropertyResolver.java:286)
	at org.springframework.core.env.AbstractPropertyResolver.resolveRequiredPlaceholders(AbstractPropertyResolver.java:257)
	at org.springframework.context.support.PropertySourcesPlaceholderConfigurer.lambda$processProperties$0(PropertySourcesPlaceholderConfigurer.java:184)
	at org.springframework.beans.factory.support.AbstractBeanFactory.resolveEmbeddedValue(AbstractBeanFactory.java:959)
	at org.springframework.beans.factory.support.DefaultListableBeanFactory.doResolveDependency(DefaultListableBeanFactory.java:1672)
	at org.springframework.beans.factory.support.DefaultListableBeanFactory.resolveDependency(DefaultListableBeanFactory.java:1651)
	at org.springframework.beans.factory.annotation.AutowiredAnnotationBeanPostProcessor$AutowiredFieldElement.resolveFieldValue(AutowiredAnnotationBeanPostProcessor.java:764)
	at org.springframework.beans.factory.annotation.AutowiredAnnotationBeanPostProcessor$AutowiredFieldElement.inject(AutowiredAnnotationBeanPostProcessor.java:748)
	at org.springframework.beans.factory.annotation.InjectionMetadata.inject(InjectionMetadata.java:146)
	at org.springframework.beans.factory.annotation.AutowiredAnnotationBeanPostProcessor.postProcessProperties(AutowiredAnnotationBeanPostProcessor.java:493)
	... 68 more
2026-03-28 10:34:47 [main] INFO  org.springframework.test.context.support.AnnotationConfigContextLoaderUtils - Could not detect default configuration classes for test class [com.dipanshu.BookManagerApi.BookManagerApiApplicationTests]: BookManagerApiApplicationTests does not declare any static, non-private, non-final, nested classes annotated with @Configuration.
2026-03-28 10:34:47 [main] INFO  org.springframework.boot.test.context.SpringBootTestContextBootstrapper - Found @SpringBootConfiguration com.dipanshu.BookManagerApi.BookManagerApiApplication for test class com.dipanshu.BookManagerApi.BookManagerApiApplicationTests
2026-03-28 10:34:47 [main] INFO  org.springframework.boot.devtools.restart.RestartApplicationListener - Restart disabled due to context in which it is running
2026-03-28 10:34:47 [background-preinit] INFO  org.hibernate.validator.internal.util.Version - HV000001: Hibernate Validator 9.0.1.Final
2026-03-28 10:34:47 [main] INFO  com.dipanshu.BookManagerApi.BookManagerApiApplicationTests - Starting BookManagerApiApplicationTests using Java 25.0.1 with PID 3724 (started by Pc in X:\BookManagerApiv2)
2026-03-28 10:34:47 [main] DEBUG com.dipanshu.BookManagerApi.BookManagerApiApplicationTests - Running with Spring Boot v4.0.3, Spring v7.0.5
2026-03-28 10:34:47 [main] INFO  com.dipanshu.BookManagerApi.BookManagerApiApplicationTests - No active profile set, falling back to 1 default profile: "default"
2026-03-28 10:34:48 [main] INFO  org.springframework.data.repository.config.RepositoryConfigurationDelegate - Bootstrapping Spring Data JPA repositories in DEFAULT mode.
2026-03-28 10:34:48 [main] INFO  org.springframework.data.repository.config.RepositoryConfigurationDelegate - Finished Spring Data repository scanning in 53 ms. Found 4 JPA repository interfaces.
2026-03-28 10:34:49 [main] WARN  org.springframework.web.context.support.GenericWebApplicationContext - Exception encountered during context initialization - cancelling refresh attempt: org.springframework.beans.factory.BeanCreationException: Error creating bean with name 'entityManagerFactory' defined in class path resource [org/springframework/boot/hibernate/autoconfigure/HibernateJpaConfiguration.class]: Failed to initialize dependency 'dataSourceScriptDatabaseInitializer' of LoadTimeWeaverAware bean 'entityManagerFactory': Error creating bean with name 'dataSourceScriptDatabaseInitializer' defined in class path resource [org/springframework/boot/jdbc/autoconfigure/DataSourceInitializationAutoConfiguration.class]: Unsatisfied dependency expressed through method 'dataSourceScriptDatabaseInitializer' parameter 0: Error creating bean with name 'dataSource' defined in class path resource [org/springframework/boot/jdbc/autoconfigure/DataSourceConfiguration$Hikari.class]: Failed to instantiate [com.zaxxer.hikari.HikariDataSource]: Factory method 'dataSource' threw exception with message: 'url' must start with "jdbc"
2026-03-28 10:34:49 [main] INFO  org.springframework.boot.autoconfigure.logging.ConditionEvaluationReportLogger - 

Error starting ApplicationContext. To display the condition evaluation report re-run your application with 'debug' enabled.
2026-03-28 10:34:49 [main] ERROR org.springframework.boot.SpringApplication - Application run failed
org.springframework.beans.factory.BeanCreationException: Error creating bean with name 'entityManagerFactory' defined in class path resource [org/springframework/boot/hibernate/autoconfigure/HibernateJpaConfiguration.class]: Failed to initialize dependency 'dataSourceScriptDatabaseInitializer' of LoadTimeWeaverAware bean 'entityManagerFactory': Error creating bean with name 'dataSourceScriptDatabaseInitializer' defined in class path resource [org/springframework/boot/jdbc/autoconfigure/DataSourceInitializationAutoConfiguration.class]: Unsatisfied dependency expressed through method 'dataSourceScriptDatabaseInitializer' parameter 0: Error creating bean with name 'dataSource' defined in class path resource [org/springframework/boot/jdbc/autoconfigure/DataSourceConfiguration$Hikari.class]: Failed to instantiate [com.zaxxer.hikari.HikariDataSource]: Factory method 'dataSource' threw exception with message: 'url' must start with "jdbc"
	at org.springframework.beans.factory.support.AbstractBeanFactory.doGetBean(AbstractBeanFactory.java:322)
	at org.springframework.beans.factory.support.AbstractBeanFactory.getBean(AbstractBeanFactory.java:201)
	at org.springframework.context.support.AbstractApplicationContext.finishBeanFactoryInitialization(AbstractApplicationContext.java:977)
	at org.springframework.context.support.AbstractApplicationContext.refresh(AbstractApplicationContext.java:621)
	at org.springframework.boot.SpringApplication.refresh(SpringApplication.java:756)
	at org.springframework.boot.SpringApplication.refreshContext(SpringApplication.java:445)
	at org.springframework.boot.SpringApplication.run(SpringApplication.java:321)
	at org.springframework.boot.test.context.SpringBootContextLoader.lambda$loadContext$2(SpringBootContextLoader.java:156)
	at org.springframework.util.function.ThrowingSupplier.get(ThrowingSupplier.java:58)
	at org.springframework.util.function.ThrowingSupplier.get(ThrowingSupplier.java:46)
	at org.springframework.boot.SpringApplication.withHook(SpringApplication.java:1465)
	at org.springframework.boot.test.context.SpringBootContextLoader$ContextLoaderHook.run(SpringBootContextLoader.java:605)
	at org.springframework.boot.test.context.SpringBootContextLoader.loadContext(SpringBootContextLoader.java:156)
	at org.springframework.boot.test.context.SpringBootContextLoader.loadContext(SpringBootContextLoader.java:115)
	at org.springframework.test.context.cache.DefaultCacheAwareContextLoaderDelegate.loadContextInternal(DefaultCacheAwareContextLoaderDelegate.java:247)
	at org.springframework.test.context.cache.DefaultCacheAwareContextLoaderDelegate.lambda$loadContext$0(DefaultCacheAwareContextLoaderDelegate.java:167)
	at org.springframework.test.context.cache.DefaultContextCache.put(DefaultContextCache.java:214)
	at org.springframework.test.context.cache.DefaultCacheAwareContextLoaderDelegate.loadContext(DefaultCacheAwareContextLoaderDelegate.java:160)
	at org.springframework.test.context.support.DefaultTestContext.getApplicationContext(DefaultTestContext.java:128)
	at org.springframework.test.context.web.ServletTestExecutionListener.setUpRequestContextIfNecessary(ServletTestExecutionListener.java:200)
	at org.springframework.test.context.web.ServletTestExecutionListener.prepareTestInstance(ServletTestExecutionListener.java:139)
	at org.springframework.test.context.TestContextManager.prepareTestInstance(TestContextManager.java:260)
	at org.springframework.test.context.junit.jupiter.SpringExtension.postProcessTestInstance(SpringExtension.java:210)
	at org.junit.jupiter.engine.descriptor.ClassBasedTestDescriptor.lambda$invokeTestInstancePostProcessors$1(ClassBasedTestDescriptor.java:423)
	at org.junit.jupiter.engine.descriptor.ClassBasedTestDescriptor.executeAndMaskThrowable(ClassBasedTestDescriptor.java:428)
	at org.junit.jupiter.engine.descriptor.ClassBasedTestDescriptor.lambda$invokeTestInstancePostProcessors$0(ClassBasedTestDescriptor.java:422)
	at java.base/java.util.stream.ForEachOps$ForEachOp$OfRef.accept(ForEachOps.java:186)
	at java.base/java.util.stream.ReferencePipeline$3$1.accept(ReferencePipeline.java:214)
	at java.base/java.util.stream.ReferencePipeline$2$1.accept(ReferencePipeline.java:197)
	at java.base/java.util.stream.ReferencePipeline$3$1.accept(ReferencePipeline.java:214)
	at java.base/java.util.ArrayList$ArrayListSpliterator.forEachRemaining(ArrayList.java:1716)
	at java.base/java.util.stream.AbstractPipeline.copyInto(AbstractPipeline.java:570)
	at java.base/java.util.stream.AbstractPipeline.wrapAndCopyInto(AbstractPipeline.java:560)
	at java.base/java.util.stream.ForEachOps$ForEachOp.evaluateSequential(ForEachOps.java:153)
	at java.base/java.util.stream.ForEachOps$ForEachOp$OfRef.evaluateSequential(ForEachOps.java:176)
	at java.base/java.util.stream.AbstractPipeline.evaluate(AbstractPipeline.java:265)
	at java.base/java.util.stream.ReferencePipeline.forEach(ReferencePipeline.java:632)
	at org.junit.jupiter.engine.descriptor.ClassBasedTestDescriptor.invokeTestInstancePostProcessors(ClassBasedTestDescriptor.java:422)
	at org.junit.jupiter.engine.descriptor.ClassBasedTestDescriptor.lambda$instantiateAndPostProcessTestInstance$0(ClassBasedTestDescriptor.java:334)
	at org.junit.platform.engine.support.hierarchical.ThrowableCollector.execute(ThrowableCollector.java:74)
	at org.junit.jupiter.engine.descriptor.ClassBasedTestDescriptor.instantiateAndPostProcessTestInstance(ClassBasedTestDescriptor.java:333)
	at org.junit.jupiter.engine.descriptor.ClassBasedTestDescriptor.lambda$testInstancesProvider$1(ClassBasedTestDescriptor.java:322)
	at java.base/java.util.Optional.orElseGet(Optional.java:364)
	at org.junit.jupiter.engine.descriptor.ClassBasedTestDescriptor.lambda$testInstancesProvider$0(ClassBasedTestDescriptor.java:321)
	at org.junit.jupiter.engine.execution.TestInstancesProvider.getTestInstances(TestInstancesProvider.java:27)
	at org.junit.jupiter.engine.descriptor.TestMethodTestDescriptor.lambda$prepare$0(TestMethodTestDescriptor.java:127)
	at org.junit.platform.engine.support.hierarchical.ThrowableCollector.execute(ThrowableCollector.java:74)
	at org.junit.jupiter.engine.descriptor.TestMethodTestDescriptor.prepare(TestMethodTestDescriptor.java:126)
	at org.junit.jupiter.engine.descriptor.TestMethodTestDescriptor.prepare(TestMethodTestDescriptor.java:70)
	at org.junit.platform.engine.support.hierarchical.NodeTestTask.lambda$prepare$0(NodeTestTask.java:144)
	at org.junit.platform.engine.support.hierarchical.ThrowableCollector.execute(ThrowableCollector.java:74)
	at org.junit.platform.engine.support.hierarchical.NodeTestTask.prepare(NodeTestTask.java:144)
	at org.junit.platform.engine.support.hierarchical.NodeTestTask.execute(NodeTestTask.java:110)
	at java.base/java.util.ArrayList.forEach(ArrayList.java:1604)
	at org.junit.platform.engine.support.hierarchical.SameThreadHierarchicalTestExecutorService.invokeAll(SameThreadHierarchicalTestExecutorService.java:42)
	at org.junit.platform.engine.support.hierarchical.NodeTestTask.lambda$executeRecursively$2(NodeTestTask.java:180)
	at org.junit.platform.engine.support.hierarchical.ThrowableCollector.execute(ThrowableCollector.java:74)
	at org.junit.platform.engine.support.hierarchical.NodeTestTask.lambda$executeRecursively$1(NodeTestTask.java:166)
	at org.junit.platform.engine.support.hierarchical.Node.around(Node.java:138)
	at org.junit.platform.engine.support.hierarchical.NodeTestTask.lambda$executeRecursively$0(NodeTestTask.java:164)
	at org.junit.platform.engine.support.hierarchical.ThrowableCollector.execute(ThrowableCollector.java:74)
	at org.junit.platform.engine.support.hierarchical.NodeTestTask.executeRecursively(NodeTestTask.java:163)
	at org.junit.platform.engine.support.hierarchical.NodeTestTask.execute(NodeTestTask.java:116)
	at java.base/java.util.ArrayList.forEach(ArrayList.java:1604)
	at org.junit.platform.engine.support.hierarchical.SameThreadHierarchicalTestExecutorService.invokeAll(SameThreadHierarchicalTestExecutorService.java:42)
	at org.junit.platform.engine.support.hierarchical.NodeTestTask.lambda$executeRecursively$2(NodeTestTask.java:180)
	at org.junit.platform.engine.support.hierarchical.ThrowableCollector.execute(ThrowableCollector.java:74)
	at org.junit.platform.engine.support.hierarchical.NodeTestTask.lambda$executeRecursively$1(NodeTestTask.java:166)
	at org.junit.platform.engine.support.hierarchical.Node.around(Node.java:138)
	at org.junit.platform.engine.support.hierarchical.NodeTestTask.lambda$executeRecursively$0(NodeTestTask.java:164)
	at org.junit.platform.engine.support.hierarchical.ThrowableCollector.execute(ThrowableCollector.java:74)
	at org.junit.platform.engine.support.hierarchical.NodeTestTask.executeRecursively(NodeTestTask.java:163)
	at org.junit.platform.engine.support.hierarchical.NodeTestTask.execute(NodeTestTask.java:116)
	at org.junit.platform.engine.support.hierarchical.SameThreadHierarchicalTestExecutorService.submit(SameThreadHierarchicalTestExecutorService.java:36)
	at org.junit.platform.engine.support.hierarchical.HierarchicalTestExecutor.execute(HierarchicalTestExecutor.java:52)
	at org.junit.platform.engine.support.hierarchical.HierarchicalTestEngine.execute(HierarchicalTestEngine.java:58)
	at org.junit.platform.launcher.core.EngineExecutionOrchestrator.executeEngine(EngineExecutionOrchestrator.java:246)
	at org.junit.platform.launcher.core.EngineExecutionOrchestrator.failOrExecuteEngine(EngineExecutionOrchestrator.java:218)
	at org.junit.platform.launcher.core.EngineExecutionOrchestrator.execute(EngineExecutionOrchestrator.java:179)
	at org.junit.platform.launcher.core.EngineExecutionOrchestrator.execute(EngineExecutionOrchestrator.java:108)
	at org.junit.platform.launcher.core.EngineExecutionOrchestrator.lambda$execute$0(EngineExecutionOrchestrator.java:66)
	at org.junit.platform.launcher.core.EngineExecutionOrchestrator.withInterceptedStreams(EngineExecutionOrchestrator.java:157)
	at org.junit.platform.launcher.core.EngineExecutionOrchestrator.execute(EngineExecutionOrchestrator.java:65)
	at org.junit.platform.launcher.core.DefaultLauncher.execute(DefaultLauncher.java:125)
	at org.junit.platform.launcher.core.DefaultLauncher.execute(DefaultLauncher.java:114)
	at org.junit.platform.launcher.core.DelegatingLauncher.execute(DelegatingLauncher.java:58)
	at org.junit.platform.launcher.core.InterceptingLauncher.lambda$execute$2(InterceptingLauncher.java:57)
	at org.junit.platform.launcher.core.ClasspathAlignmentCheckingLauncherInterceptor.intercept(ClasspathAlignmentCheckingLauncherInterceptor.java:25)
	at org.junit.platform.launcher.core.InterceptingLauncher.execute(InterceptingLauncher.java:56)
	at org.junit.platform.launcher.core.DelegatingLauncher.execute(DelegatingLauncher.java:58)
	at java.base/jdk.internal.reflect.DirectMethodHandleAccessor.invoke(DirectMethodHandleAccessor.java:104)
	at java.base/java.lang.reflect.Method.invoke(Method.java:565)
	at org.apache.maven.surefire.api.util.ReflectionUtils.invokeMethodWithArray(ReflectionUtils.java:125)
	at org.apache.maven.surefire.junitplatform.LauncherAdapter.executeWithCancellationToken(LauncherAdapter.java:68)
	at org.apache.maven.surefire.junitplatform.LauncherAdapter.execute(LauncherAdapter.java:54)
	at org.apache.maven.surefire.junitplatform.JUnitPlatformProvider.execute(JUnitPlatformProvider.java:203)
	at org.apache.maven.surefire.junitplatform.JUnitPlatformProvider.invokeAllTests(JUnitPlatformProvider.java:168)
	at org.apache.maven.surefire.junitplatform.JUnitPlatformProvider.invoke(JUnitPlatformProvider.java:136)
	at org.apache.maven.surefire.booter.ForkedBooter.runSuitesInProcess(ForkedBooter.java:385)
	at org.apache.maven.surefire.booter.ForkedBooter.execute(ForkedBooter.java:162)
	at org.apache.maven.surefire.booter.ForkedBooter.run(ForkedBooter.java:507)
	at org.apache.maven.surefire.booter.ForkedBooter.main(ForkedBooter.java:495)
Caused by: org.springframework.beans.factory.UnsatisfiedDependencyException: Error creating bean with name 'dataSourceScriptDatabaseInitializer' defined in class path resource [org/springframework/boot/jdbc/autoconfigure/DataSourceInitializationAutoConfiguration.class]: Unsatisfied dependency expressed through method 'dataSourceScriptDatabaseInitializer' parameter 0: Error creating bean with name 'dataSource' defined in class path resource [org/springframework/boot/jdbc/autoconfigure/DataSourceConfiguration$Hikari.class]: Failed to instantiate [com.zaxxer.hikari.HikariDataSource]: Factory method 'dataSource' threw exception with message: 'url' must start with "jdbc"
	at org.springframework.beans.factory.support.ConstructorResolver.createArgumentArray(ConstructorResolver.java:804)
	at org.springframework.beans.factory.support.ConstructorResolver.instantiateUsingFactoryMethod(ConstructorResolver.java:546)
	at org.springframework.beans.factory.support.AbstractAutowireCapableBeanFactory.instantiateUsingFactoryMethod(AbstractAutowireCapableBeanFactory.java:1362)
	at org.springframework.beans.factory.support.AbstractAutowireCapableBeanFactory.createBeanInstance(AbstractAutowireCapableBeanFactory.java:1194)
	at org.springframework.beans.factory.support.AbstractAutowireCapableBeanFactory.doCreateBean(AbstractAutowireCapableBeanFactory.java:565)
	at org.springframework.beans.factory.support.AbstractAutowireCapableBeanFactory.createBean(AbstractAutowireCapableBeanFactory.java:525)
	at org.springframework.beans.factory.support.AbstractBeanFactory.lambda$doGetBean$0(AbstractBeanFactory.java:333)
	at org.springframework.beans.factory.support.DefaultSingletonBeanRegistry.getSingleton(DefaultSingletonBeanRegistry.java:371)
	at org.springframework.beans.factory.support.AbstractBeanFactory.doGetBean(AbstractBeanFactory.java:331)
	at org.springframework.beans.factory.support.AbstractBeanFactory.getBean(AbstractBeanFactory.java:196)
	at org.springframework.beans.factory.support.AbstractBeanFactory.doGetBean(AbstractBeanFactory.java:309)
	... 101 more
Caused by: org.springframework.beans.factory.BeanCreationException: Error creating bean with name 'dataSource' defined in class path resource [org/springframework/boot/jdbc/autoconfigure/DataSourceConfiguration$Hikari.class]: Failed to instantiate [com.zaxxer.hikari.HikariDataSource]: Factory method 'dataSource' threw exception with message: 'url' must start with "jdbc"
	at org.springframework.beans.factory.support.ConstructorResolver.instantiate(ConstructorResolver.java:657)
	at org.springframework.beans.factory.support.ConstructorResolver.instantiateUsingFactoryMethod(ConstructorResolver.java:645)
	at org.springframework.beans.factory.support.AbstractAutowireCapableBeanFactory.instantiateUsingFactoryMethod(AbstractAutowireCapableBeanFactory.java:1362)
	at org.springframework.beans.factory.support.AbstractAutowireCapableBeanFactory.createBeanInstance(AbstractAutowireCapableBeanFactory.java:1194)
	at org.springframework.beans.factory.support.AbstractAutowireCapableBeanFactory.doCreateBean(AbstractAutowireCapableBeanFactory.java:565)
	at org.springframework.beans.factory.support.AbstractAutowireCapableBeanFactory.createBean(AbstractAutowireCapableBeanFactory.java:525)
	at org.springframework.beans.factory.support.AbstractBeanFactory.lambda$doGetBean$0(AbstractBeanFactory.java:333)
	at org.springframework.beans.factory.support.DefaultSingletonBeanRegistry.getSingleton(DefaultSingletonBeanRegistry.java:371)
	at org.springframework.beans.factory.support.AbstractBeanFactory.doGetBean(AbstractBeanFactory.java:331)
	at org.springframework.beans.factory.support.AbstractBeanFactory.getBean(AbstractBeanFactory.java:201)
	at org.springframework.beans.factory.support.DefaultListableBeanFactory.resolveBean(DefaultListableBeanFactory.java:1225)
	at org.springframework.beans.factory.support.DefaultListableBeanFactory.doResolveDependency(DefaultListableBeanFactory.java:1704)
	at org.springframework.beans.factory.support.DefaultListableBeanFactory.resolveDependency(DefaultListableBeanFactory.java:1651)
	at org.springframework.beans.factory.support.ConstructorResolver.resolveAutowiredArgument(ConstructorResolver.java:912)
	at org.springframework.beans.factory.support.ConstructorResolver.createArgumentArray(ConstructorResolver.java:791)
	... 111 more
Caused by: org.springframework.beans.BeanInstantiationException: Failed to instantiate [com.zaxxer.hikari.HikariDataSource]: Factory method 'dataSource' threw exception with message: 'url' must start with "jdbc"
	at org.springframework.beans.factory.support.SimpleInstantiationStrategy.lambda$instantiate$0(SimpleInstantiationStrategy.java:183)
	at org.springframework.beans.factory.support.SimpleInstantiationStrategy.instantiateWithFactoryMethod(SimpleInstantiationStrategy.java:72)
	at org.springframework.beans.factory.support.SimpleInstantiationStrategy.instantiate(SimpleInstantiationStrategy.java:152)
	at org.springframework.beans.factory.support.ConstructorResolver.instantiate(ConstructorResolver.java:653)
	... 125 more
Caused by: java.lang.IllegalArgumentException: 'url' must start with "jdbc"
	at org.springframework.util.Assert.isTrue(Assert.java:117)
	at org.springframework.boot.jdbc.DatabaseDriver.fromJdbcUrl(DatabaseDriver.java:314)
	at org.springframework.boot.jdbc.autoconfigure.DataSourceProperties.findDriverClassName(DataSourceProperties.java:193)
	at org.springframework.boot.jdbc.autoconfigure.DataSourceProperties.determineDriverClassName(DataSourceProperties.java:177)
	at org.springframework.boot.jdbc.autoconfigure.PropertiesJdbcConnectionDetails.getDriverClassName(PropertiesJdbcConnectionDetails.java:51)
	at org.springframework.boot.jdbc.autoconfigure.DataSourceConfiguration.createDataSource(DataSourceConfiguration.java:63)
	at org.springframework.boot.jdbc.autoconfigure.DataSourceConfiguration$Hikari.dataSource(DataSourceConfiguration.java:128)
	at java.base/jdk.internal.reflect.DirectMethodHandleAccessor.invoke(DirectMethodHandleAccessor.java:104)
	at java.base/java.lang.reflect.Method.invoke(Method.java:565)
	at org.springframework.beans.factory.support.SimpleInstantiationStrategy.lambda$instantiate$0(SimpleInstantiationStrategy.java:155)
	... 128 more
2026-03-28 10:34:49 [main] WARN  org.springframework.test.context.TestContextManager - Caught exception while allowing TestExecutionListener [org.springframework.test.context.web.ServletTestExecutionListener] to prepare test instance [com.dipanshu.BookManagerApi.BookManagerApiApplicationTests@7254838]
java.lang.IllegalStateException: Failed to load ApplicationContext for [WebMergedContextConfiguration@13234ac9 testClass = com.dipanshu.BookManagerApi.BookManagerApiApplicationTests, locations = [], classes = [com.dipanshu.BookManagerApi.BookManagerApiApplication], contextInitializerClasses = [], activeProfiles = [], propertySourceDescriptors = [], propertySourceProperties = ["org.springframework.boot.test.context.SpringBootTestContextBootstrapper=true"], contextCustomizers = [org.springframework.boot.test.context.PropertyMappingContextCustomizer@0, org.springframework.boot.test.context.filter.ExcludeFilterContextCustomizer@2228db21, org.springframework.boot.test.json.DuplicateJsonObjectContextCustomizerFactory$DuplicateJsonObjectContextCustomizer@7e0b9178, org.springframework.boot.test.autoconfigure.OnFailureConditionReportContextCustomizerFactory$OnFailureConditionReportContextCustomizer@408a247c, org.springframework.test.context.support.DynamicPropertiesContextCustomizer@0, org.springframework.boot.webmvc.test.autoconfigure.WebDriverContextCustomizer@294bdeb4, org.springframework.boot.web.server.context.SpringBootTestRandomPortContextCustomizer@77bb0ab5, org.springframework.boot.test.context.SpringBootTestAnnotation@e9e38531], resourceBasePath = "src/main/webapp", contextLoader = org.springframework.boot.test.context.SpringBootContextLoader, parent = null]
	at org.springframework.test.context.cache.DefaultCacheAwareContextLoaderDelegate.lambda$loadContext$0(DefaultCacheAwareContextLoaderDelegate.java:195)
	at org.springframework.test.context.cache.DefaultContextCache.put(DefaultContextCache.java:214)
	at org.springframework.test.context.cache.DefaultCacheAwareContextLoaderDelegate.loadContext(DefaultCacheAwareContextLoaderDelegate.java:160)
	at org.springframework.test.context.support.DefaultTestContext.getApplicationContext(DefaultTestContext.java:128)
	at org.springframework.test.context.web.ServletTestExecutionListener.setUpRequestContextIfNecessary(ServletTestExecutionListener.java:200)
	at org.springframework.test.context.web.ServletTestExecutionListener.prepareTestInstance(ServletTestExecutionListener.java:139)
	at org.springframework.test.context.TestContextManager.prepareTestInstance(TestContextManager.java:260)
	at org.springframework.test.context.junit.jupiter.SpringExtension.postProcessTestInstance(SpringExtension.java:210)
	at org.junit.jupiter.engine.descriptor.ClassBasedTestDescriptor.lambda$invokeTestInstancePostProcessors$1(ClassBasedTestDescriptor.java:423)
	at org.junit.jupiter.engine.descriptor.ClassBasedTestDescriptor.executeAndMaskThrowable(ClassBasedTestDescriptor.java:428)
	at org.junit.jupiter.engine.descriptor.ClassBasedTestDescriptor.lambda$invokeTestInstancePostProcessors$0(ClassBasedTestDescriptor.java:422)
	at java.base/java.util.stream.ForEachOps$ForEachOp$OfRef.accept(ForEachOps.java:186)
	at java.base/java.util.stream.ReferencePipeline$3$1.accept(ReferencePipeline.java:214)
	at java.base/java.util.stream.ReferencePipeline$2$1.accept(ReferencePipeline.java:197)
	at java.base/java.util.stream.ReferencePipeline$3$1.accept(ReferencePipeline.java:214)
	at java.base/java.util.ArrayList$ArrayListSpliterator.forEachRemaining(ArrayList.java:1716)
	at java.base/java.util.stream.AbstractPipeline.copyInto(AbstractPipeline.java:570)
	at java.base/java.util.stream.AbstractPipeline.wrapAndCopyInto(AbstractPipeline.java:560)
	at java.base/java.util.stream.ForEachOps$ForEachOp.evaluateSequential(ForEachOps.java:153)
	at java.base/java.util.stream.ForEachOps$ForEachOp$OfRef.evaluateSequential(ForEachOps.java:176)
	at java.base/java.util.stream.AbstractPipeline.evaluate(AbstractPipeline.java:265)
	at java.base/java.util.stream.ReferencePipeline.forEach(ReferencePipeline.java:632)
	at org.junit.jupiter.engine.descriptor.ClassBasedTestDescriptor.invokeTestInstancePostProcessors(ClassBasedTestDescriptor.java:422)
	at org.junit.jupiter.engine.descriptor.ClassBasedTestDescriptor.lambda$instantiateAndPostProcessTestInstance$0(ClassBasedTestDescriptor.java:334)
	at org.junit.platform.engine.support.hierarchical.ThrowableCollector.execute(ThrowableCollector.java:74)
	at org.junit.jupiter.engine.descriptor.ClassBasedTestDescriptor.instantiateAndPostProcessTestInstance(ClassBasedTestDescriptor.java:333)
	at org.junit.jupiter.engine.descriptor.ClassBasedTestDescriptor.lambda$testInstancesProvider$1(ClassBasedTestDescriptor.java:322)
	at java.base/java.util.Optional.orElseGet(Optional.java:364)
	at org.junit.jupiter.engine.descriptor.ClassBasedTestDescriptor.lambda$testInstancesProvider$0(ClassBasedTestDescriptor.java:321)
	at org.junit.jupiter.engine.execution.TestInstancesProvider.getTestInstances(TestInstancesProvider.java:27)
	at org.junit.jupiter.engine.descriptor.TestMethodTestDescriptor.lambda$prepare$0(TestMethodTestDescriptor.java:127)
	at org.junit.platform.engine.support.hierarchical.ThrowableCollector.execute(ThrowableCollector.java:74)
	at org.junit.jupiter.engine.descriptor.TestMethodTestDescriptor.prepare(TestMethodTestDescriptor.java:126)
	at org.junit.jupiter.engine.descriptor.TestMethodTestDescriptor.prepare(TestMethodTestDescriptor.java:70)
	at org.junit.platform.engine.support.hierarchical.NodeTestTask.lambda$prepare$0(NodeTestTask.java:144)
	at org.junit.platform.engine.support.hierarchical.ThrowableCollector.execute(ThrowableCollector.java:74)
	at org.junit.platform.engine.support.hierarchical.NodeTestTask.prepare(NodeTestTask.java:144)
	at org.junit.platform.engine.support.hierarchical.NodeTestTask.execute(NodeTestTask.java:110)
	at java.base/java.util.ArrayList.forEach(ArrayList.java:1604)
	at org.junit.platform.engine.support.hierarchical.SameThreadHierarchicalTestExecutorService.invokeAll(SameThreadHierarchicalTestExecutorService.java:42)
	at org.junit.platform.engine.support.hierarchical.NodeTestTask.lambda$executeRecursively$2(NodeTestTask.java:180)
	at org.junit.platform.engine.support.hierarchical.ThrowableCollector.execute(ThrowableCollector.java:74)
	at org.junit.platform.engine.support.hierarchical.NodeTestTask.lambda$executeRecursively$1(NodeTestTask.java:166)
	at org.junit.platform.engine.support.hierarchical.Node.around(Node.java:138)
	at org.junit.platform.engine.support.hierarchical.NodeTestTask.lambda$executeRecursively$0(NodeTestTask.java:164)
	at org.junit.platform.engine.support.hierarchical.ThrowableCollector.execute(ThrowableCollector.java:74)
	at org.junit.platform.engine.support.hierarchical.NodeTestTask.executeRecursively(NodeTestTask.java:163)
	at org.junit.platform.engine.support.hierarchical.NodeTestTask.execute(NodeTestTask.java:116)
	at java.base/java.util.ArrayList.forEach(ArrayList.java:1604)
	at org.junit.platform.engine.support.hierarchical.SameThreadHierarchicalTestExecutorService.invokeAll(SameThreadHierarchicalTestExecutorService.java:42)
	at org.junit.platform.engine.support.hierarchical.NodeTestTask.lambda$executeRecursively$2(NodeTestTask.java:180)
	at org.junit.platform.engine.support.hierarchical.ThrowableCollector.execute(ThrowableCollector.java:74)
	at org.junit.platform.engine.support.hierarchical.NodeTestTask.lambda$executeRecursively$1(NodeTestTask.java:166)
	at org.junit.platform.engine.support.hierarchical.Node.around(Node.java:138)
	at org.junit.platform.engine.support.hierarchical.NodeTestTask.lambda$executeRecursively$0(NodeTestTask.java:164)
	at org.junit.platform.engine.support.hierarchical.ThrowableCollector.execute(ThrowableCollector.java:74)
	at org.junit.platform.engine.support.hierarchical.NodeTestTask.executeRecursively(NodeTestTask.java:163)
	at org.junit.platform.engine.support.hierarchical.NodeTestTask.execute(NodeTestTask.java:116)
	at org.junit.platform.engine.support.hierarchical.SameThreadHierarchicalTestExecutorService.submit(SameThreadHierarchicalTestExecutorService.java:36)
	at org.junit.platform.engine.support.hierarchical.HierarchicalTestExecutor.execute(HierarchicalTestExecutor.java:52)
	at org.junit.platform.engine.support.hierarchical.HierarchicalTestEngine.execute(HierarchicalTestEngine.java:58)
	at org.junit.platform.launcher.core.EngineExecutionOrchestrator.executeEngine(EngineExecutionOrchestrator.java:246)
	at org.junit.platform.launcher.core.EngineExecutionOrchestrator.failOrExecuteEngine(EngineExecutionOrchestrator.java:218)
	at org.junit.platform.launcher.core.EngineExecutionOrchestrator.execute(EngineExecutionOrchestrator.java:179)
	at org.junit.platform.launcher.core.EngineExecutionOrchestrator.execute(EngineExecutionOrchestrator.java:108)
	at org.junit.platform.launcher.core.EngineExecutionOrchestrator.lambda$execute$0(EngineExecutionOrchestrator.java:66)
	at org.junit.platform.launcher.core.EngineExecutionOrchestrator.withInterceptedStreams(EngineExecutionOrchestrator.java:157)
	at org.junit.platform.launcher.core.EngineExecutionOrchestrator.execute(EngineExecutionOrchestrator.java:65)
	at org.junit.platform.launcher.core.DefaultLauncher.execute(DefaultLauncher.java:125)
	at org.junit.platform.launcher.core.DefaultLauncher.execute(DefaultLauncher.java:114)
	at org.junit.platform.launcher.core.DelegatingLauncher.execute(DelegatingLauncher.java:58)
	at org.junit.platform.launcher.core.InterceptingLauncher.lambda$execute$2(InterceptingLauncher.java:57)
	at org.junit.platform.launcher.core.ClasspathAlignmentCheckingLauncherInterceptor.intercept(ClasspathAlignmentCheckingLauncherInterceptor.java:25)
	at org.junit.platform.launcher.core.InterceptingLauncher.execute(InterceptingLauncher.java:56)
	at org.junit.platform.launcher.core.DelegatingLauncher.execute(DelegatingLauncher.java:58)
	at java.base/jdk.internal.reflect.DirectMethodHandleAccessor.invoke(DirectMethodHandleAccessor.java:104)
	at java.base/java.lang.reflect.Method.invoke(Method.java:565)
	at org.apache.maven.surefire.api.util.ReflectionUtils.invokeMethodWithArray(ReflectionUtils.java:125)
	at org.apache.maven.surefire.junitplatform.LauncherAdapter.executeWithCancellationToken(LauncherAdapter.java:68)
	at org.apache.maven.surefire.junitplatform.LauncherAdapter.execute(LauncherAdapter.java:54)
	at org.apache.maven.surefire.junitplatform.JUnitPlatformProvider.execute(JUnitPlatformProvider.java:203)
	at org.apache.maven.surefire.junitplatform.JUnitPlatformProvider.invokeAllTests(JUnitPlatformProvider.java:168)
	at org.apache.maven.surefire.junitplatform.JUnitPlatformProvider.invoke(JUnitPlatformProvider.java:136)
	at org.apache.maven.surefire.booter.ForkedBooter.runSuitesInProcess(ForkedBooter.java:385)
	at org.apache.maven.surefire.booter.ForkedBooter.execute(ForkedBooter.java:162)
	at org.apache.maven.surefire.booter.ForkedBooter.run(ForkedBooter.java:507)
	at org.apache.maven.surefire.booter.ForkedBooter.main(ForkedBooter.java:495)
Caused by: org.springframework.beans.factory.BeanCreationException: Error creating bean with name 'entityManagerFactory' defined in class path resource [org/springframework/boot/hibernate/autoconfigure/HibernateJpaConfiguration.class]: Failed to initialize dependency 'dataSourceScriptDatabaseInitializer' of LoadTimeWeaverAware bean 'entityManagerFactory': Error creating bean with name 'dataSourceScriptDatabaseInitializer' defined in class path resource [org/springframework/boot/jdbc/autoconfigure/DataSourceInitializationAutoConfiguration.class]: Unsatisfied dependency expressed through method 'dataSourceScriptDatabaseInitializer' parameter 0: Error creating bean with name 'dataSource' defined in class path resource [org/springframework/boot/jdbc/autoconfigure/DataSourceConfiguration$Hikari.class]: Failed to instantiate [com.zaxxer.hikari.HikariDataSource]: Factory method 'dataSource' threw exception with message: 'url' must start with "jdbc"
	at org.springframework.beans.factory.support.AbstractBeanFactory.doGetBean(AbstractBeanFactory.java:322)
	at org.springframework.beans.factory.support.AbstractBeanFactory.getBean(AbstractBeanFactory.java:201)
	at org.springframework.context.support.AbstractApplicationContext.finishBeanFactoryInitialization(AbstractApplicationContext.java:977)
	at org.springframework.context.support.AbstractApplicationContext.refresh(AbstractApplicationContext.java:621)
	at org.springframework.boot.SpringApplication.refresh(SpringApplication.java:756)
	at org.springframework.boot.SpringApplication.refreshContext(SpringApplication.java:445)
	at org.springframework.boot.SpringApplication.run(SpringApplication.java:321)
	at org.springframework.boot.test.context.SpringBootContextLoader.lambda$loadContext$2(SpringBootContextLoader.java:156)
	at org.springframework.util.function.ThrowingSupplier.get(ThrowingSupplier.java:58)
	at org.springframework.util.function.ThrowingSupplier.get(ThrowingSupplier.java:46)
	at org.springframework.boot.SpringApplication.withHook(SpringApplication.java:1465)
	at org.springframework.boot.test.context.SpringBootContextLoader$ContextLoaderHook.run(SpringBootContextLoader.java:605)
	at org.springframework.boot.test.context.SpringBootContextLoader.loadContext(SpringBootContextLoader.java:156)
	at org.springframework.boot.test.context.SpringBootContextLoader.loadContext(SpringBootContextLoader.java:115)
	at org.springframework.test.context.cache.DefaultCacheAwareContextLoaderDelegate.loadContextInternal(DefaultCacheAwareContextLoaderDelegate.java:247)
	at org.springframework.test.context.cache.DefaultCacheAwareContextLoaderDelegate.lambda$loadContext$0(DefaultCacheAwareContextLoaderDelegate.java:167)
	... 86 more
Caused by: org.springframework.beans.factory.UnsatisfiedDependencyException: Error creating bean with name 'dataSourceScriptDatabaseInitializer' defined in class path resource [org/springframework/boot/jdbc/autoconfigure/DataSourceInitializationAutoConfiguration.class]: Unsatisfied dependency expressed through method 'dataSourceScriptDatabaseInitializer' parameter 0: Error creating bean with name 'dataSource' defined in class path resource [org/springframework/boot/jdbc/autoconfigure/DataSourceConfiguration$Hikari.class]: Failed to instantiate [com.zaxxer.hikari.HikariDataSource]: Factory method 'dataSource' threw exception with message: 'url' must start with "jdbc"
	at org.springframework.beans.factory.support.ConstructorResolver.createArgumentArray(ConstructorResolver.java:804)
	at org.springframework.beans.factory.support.ConstructorResolver.instantiateUsingFactoryMethod(ConstructorResolver.java:546)
	at org.springframework.beans.factory.support.AbstractAutowireCapableBeanFactory.instantiateUsingFactoryMethod(AbstractAutowireCapableBeanFactory.java:1362)
	at org.springframework.beans.factory.support.AbstractAutowireCapableBeanFactory.createBeanInstance(AbstractAutowireCapableBeanFactory.java:1194)
	at org.springframework.beans.factory.support.AbstractAutowireCapableBeanFactory.doCreateBean(AbstractAutowireCapableBeanFactory.java:565)
	at org.springframework.beans.factory.support.AbstractAutowireCapableBeanFactory.createBean(AbstractAutowireCapableBeanFactory.java:525)
	at org.springframework.beans.factory.support.AbstractBeanFactory.lambda$doGetBean$0(AbstractBeanFactory.java:333)
	at org.springframework.beans.factory.support.DefaultSingletonBeanRegistry.getSingleton(DefaultSingletonBeanRegistry.java:371)
	at org.springframework.beans.factory.support.AbstractBeanFactory.doGetBean(AbstractBeanFactory.java:331)
	at org.springframework.beans.factory.support.AbstractBeanFactory.getBean(AbstractBeanFactory.java:196)
	at org.springframework.beans.factory.support.AbstractBeanFactory.doGetBean(AbstractBeanFactory.java:309)
	... 101 more
Caused by: org.springframework.beans.factory.BeanCreationException: Error creating bean with name 'dataSource' defined in class path resource [org/springframework/boot/jdbc/autoconfigure/DataSourceConfiguration$Hikari.class]: Failed to instantiate [com.zaxxer.hikari.HikariDataSource]: Factory method 'dataSource' threw exception with message: 'url' must start with "jdbc"
	at org.springframework.beans.factory.support.ConstructorResolver.instantiate(ConstructorResolver.java:657)
	at org.springframework.beans.factory.support.ConstructorResolver.instantiateUsingFactoryMethod(ConstructorResolver.java:645)
	at org.springframework.beans.factory.support.AbstractAutowireCapableBeanFactory.instantiateUsingFactoryMethod(AbstractAutowireCapableBeanFactory.java:1362)
	at org.springframework.beans.factory.support.AbstractAutowireCapableBeanFactory.createBeanInstance(AbstractAutowireCapableBeanFactory.java:1194)
	at org.springframework.beans.factory.support.AbstractAutowireCapableBeanFactory.doCreateBean(AbstractAutowireCapableBeanFactory.java:565)
	at org.springframework.beans.factory.support.AbstractAutowireCapableBeanFactory.createBean(AbstractAutowireCapableBeanFactory.java:525)
	at org.springframework.beans.factory.support.AbstractBeanFactory.lambda$doGetBean$0(AbstractBeanFactory.java:333)
	at org.springframework.beans.factory.support.DefaultSingletonBeanRegistry.getSingleton(DefaultSingletonBeanRegistry.java:371)
	at org.springframework.beans.factory.support.AbstractBeanFactory.doGetBean(AbstractBeanFactory.java:331)
	at org.springframework.beans.factory.support.AbstractBeanFactory.getBean(AbstractBeanFactory.java:201)
	at org.springframework.beans.factory.support.DefaultListableBeanFactory.resolveBean(DefaultListableBeanFactory.java:1225)
	at org.springframework.beans.factory.support.DefaultListableBeanFactory.doResolveDependency(DefaultListableBeanFactory.java:1704)
	at org.springframework.beans.factory.support.DefaultListableBeanFactory.resolveDependency(DefaultListableBeanFactory.java:1651)
	at org.springframework.beans.factory.support.ConstructorResolver.resolveAutowiredArgument(ConstructorResolver.java:912)
	at org.springframework.beans.factory.support.ConstructorResolver.createArgumentArray(ConstructorResolver.java:791)
	... 111 more
Caused by: org.springframework.beans.BeanInstantiationException: Failed to instantiate [com.zaxxer.hikari.HikariDataSource]: Factory method 'dataSource' threw exception with message: 'url' must start with "jdbc"
	at org.springframework.beans.factory.support.SimpleInstantiationStrategy.lambda$instantiate$0(SimpleInstantiationStrategy.java:183)
	at org.springframework.beans.factory.support.SimpleInstantiationStrategy.instantiateWithFactoryMethod(SimpleInstantiationStrategy.java:72)
	at org.springframework.beans.factory.support.SimpleInstantiationStrategy.instantiate(SimpleInstantiationStrategy.java:152)
	at org.springframework.beans.factory.support.ConstructorResolver.instantiate(ConstructorResolver.java:653)
	... 125 more
Caused by: java.lang.IllegalArgumentException: 'url' must start with "jdbc"
	at org.springframework.util.Assert.isTrue(Assert.java:117)
	at org.springframework.boot.jdbc.DatabaseDriver.fromJdbcUrl(DatabaseDriver.java:314)
	at org.springframework.boot.jdbc.autoconfigure.DataSourceProperties.findDriverClassName(DataSourceProperties.java:193)
	at org.springframework.boot.jdbc.autoconfigure.DataSourceProperties.determineDriverClassName(DataSourceProperties.java:177)
	at org.springframework.boot.jdbc.autoconfigure.PropertiesJdbcConnectionDetails.getDriverClassName(PropertiesJdbcConnectionDetails.java:51)
	at org.springframework.boot.jdbc.autoconfigure.DataSourceConfiguration.createDataSource(DataSourceConfiguration.java:63)
	at org.springframework.boot.jdbc.autoconfigure.DataSourceConfiguration$Hikari.dataSource(DataSourceConfiguration.java:128)
	at java.base/jdk.internal.reflect.DirectMethodHandleAccessor.invoke(DirectMethodHandleAccessor.java:104)
	at java.base/java.lang.reflect.Method.invoke(Method.java:565)
	at org.springframework.beans.factory.support.SimpleInstantiationStrategy.lambda$instantiate$0(SimpleInstantiationStrategy.java:155)
	... 128 more
2026-03-28 10:35:19 [main] INFO  org.springframework.test.context.support.AnnotationConfigContextLoaderUtils - Could not detect default configuration classes for test class [com.dipanshu.BookManagerApi.BookManagerApiApplicationTests]: BookManagerApiApplicationTests does not declare any static, non-private, non-final, nested classes annotated with @Configuration.
2026-03-28 10:35:20 [main] INFO  org.springframework.boot.test.context.SpringBootTestContextBootstrapper - Found @SpringBootConfiguration com.dipanshu.BookManagerApi.BookManagerApiApplication for test class com.dipanshu.BookManagerApi.BookManagerApiApplicationTests
2026-03-28 10:35:20 [main] INFO  org.springframework.boot.devtools.restart.RestartApplicationListener - Restart disabled due to context in which it is running
2026-03-28 10:35:20 [background-preinit] INFO  org.hibernate.validator.internal.util.Version - HV000001: Hibernate Validator 9.0.1.Final
2026-03-28 10:35:20 [main] INFO  com.dipanshu.BookManagerApi.BookManagerApiApplicationTests - Starting BookManagerApiApplicationTests using Java 25.0.1 with PID 20684 (started by Pc in X:\BookManagerApiv2)
2026-03-28 10:35:20 [main] DEBUG com.dipanshu.BookManagerApi.BookManagerApiApplicationTests - Running with Spring Boot v4.0.3, Spring v7.0.5
2026-03-28 10:35:20 [main] INFO  com.dipanshu.BookManagerApi.BookManagerApiApplicationTests - No active profile set, falling back to 1 default profile: "default"
2026-03-28 10:35:21 [main] INFO  org.springframework.data.repository.config.RepositoryConfigurationDelegate - Bootstrapping Spring Data JPA repositories in DEFAULT mode.
2026-03-28 10:35:21 [main] INFO  org.springframework.data.repository.config.RepositoryConfigurationDelegate - Finished Spring Data repository scanning in 50 ms. Found 4 JPA repository interfaces.
2026-03-28 10:35:21 [main] WARN  org.springframework.web.context.support.GenericWebApplicationContext - Exception encountered during context initialization - cancelling refresh attempt: org.springframework.beans.factory.BeanCreationException: Error creating bean with name 'entityManagerFactory' defined in class path resource [org/springframework/boot/hibernate/autoconfigure/HibernateJpaConfiguration.class]: Failed to initialize dependency 'dataSourceScriptDatabaseInitializer' of LoadTimeWeaverAware bean 'entityManagerFactory': Error creating bean with name 'dataSourceScriptDatabaseInitializer' defined in class path resource [org/springframework/boot/jdbc/autoconfigure/DataSourceInitializationAutoConfiguration.class]: Unsatisfied dependency expressed through method 'dataSourceScriptDatabaseInitializer' parameter 0: Error creating bean with name 'dataSource' defined in class path resource [org/springframework/boot/jdbc/autoconfigure/DataSourceConfiguration$Hikari.class]: Failed to instantiate [com.zaxxer.hikari.HikariDataSource]: Factory method 'dataSource' threw exception with message: 'url' must start with "jdbc"
2026-03-28 10:35:21 [main] INFO  org.springframework.boot.autoconfigure.logging.ConditionEvaluationReportLogger - 

Error starting ApplicationContext. To display the condition evaluation report re-run your application with 'debug' enabled.
2026-03-28 10:35:21 [main] ERROR org.springframework.boot.SpringApplication - Application run failed
org.springframework.beans.factory.BeanCreationException: Error creating bean with name 'entityManagerFactory' defined in class path resource [org/springframework/boot/hibernate/autoconfigure/HibernateJpaConfiguration.class]: Failed to initialize dependency 'dataSourceScriptDatabaseInitializer' of LoadTimeWeaverAware bean 'entityManagerFactory': Error creating bean with name 'dataSourceScriptDatabaseInitializer' defined in class path resource [org/springframework/boot/jdbc/autoconfigure/DataSourceInitializationAutoConfiguration.class]: Unsatisfied dependency expressed through method 'dataSourceScriptDatabaseInitializer' parameter 0: Error creating bean with name 'dataSource' defined in class path resource [org/springframework/boot/jdbc/autoconfigure/DataSourceConfiguration$Hikari.class]: Failed to instantiate [com.zaxxer.hikari.HikariDataSource]: Factory method 'dataSource' threw exception with message: 'url' must start with "jdbc"
	at org.springframework.beans.factory.support.AbstractBeanFactory.doGetBean(AbstractBeanFactory.java:322)
	at org.springframework.beans.factory.support.AbstractBeanFactory.getBean(AbstractBeanFactory.java:201)
	at org.springframework.context.support.AbstractApplicationContext.finishBeanFactoryInitialization(AbstractApplicationContext.java:977)
	at org.springframework.context.support.AbstractApplicationContext.refresh(AbstractApplicationContext.java:621)
	at org.springframework.boot.SpringApplication.refresh(SpringApplication.java:756)
	at org.springframework.boot.SpringApplication.refreshContext(SpringApplication.java:445)
	at org.springframework.boot.SpringApplication.run(SpringApplication.java:321)
	at org.springframework.boot.test.context.SpringBootContextLoader.lambda$loadContext$2(SpringBootContextLoader.java:156)
	at org.springframework.util.function.ThrowingSupplier.get(ThrowingSupplier.java:58)
	at org.springframework.util.function.ThrowingSupplier.get(ThrowingSupplier.java:46)
	at org.springframework.boot.SpringApplication.withHook(SpringApplication.java:1465)
	at org.springframework.boot.test.context.SpringBootContextLoader$ContextLoaderHook.run(SpringBootContextLoader.java:605)
	at org.springframework.boot.test.context.SpringBootContextLoader.loadContext(SpringBootContextLoader.java:156)
	at org.springframework.boot.test.context.SpringBootContextLoader.loadContext(SpringBootContextLoader.java:115)
	at org.springframework.test.context.cache.DefaultCacheAwareContextLoaderDelegate.loadContextInternal(DefaultCacheAwareContextLoaderDelegate.java:247)
	at org.springframework.test.context.cache.DefaultCacheAwareContextLoaderDelegate.lambda$loadContext$0(DefaultCacheAwareContextLoaderDelegate.java:167)
	at org.springframework.test.context.cache.DefaultContextCache.put(DefaultContextCache.java:214)
	at org.springframework.test.context.cache.DefaultCacheAwareContextLoaderDelegate.loadContext(DefaultCacheAwareContextLoaderDelegate.java:160)
	at org.springframework.test.context.support.DefaultTestContext.getApplicationContext(DefaultTestContext.java:128)
	at org.springframework.test.context.web.ServletTestExecutionListener.setUpRequestContextIfNecessary(ServletTestExecutionListener.java:200)
	at org.springframework.test.context.web.ServletTestExecutionListener.prepareTestInstance(ServletTestExecutionListener.java:139)
	at org.springframework.test.context.TestContextManager.prepareTestInstance(TestContextManager.java:260)
	at org.springframework.test.context.junit.jupiter.SpringExtension.postProcessTestInstance(SpringExtension.java:210)
	at org.junit.jupiter.engine.descriptor.ClassBasedTestDescriptor.lambda$invokeTestInstancePostProcessors$1(ClassBasedTestDescriptor.java:423)
	at org.junit.jupiter.engine.descriptor.ClassBasedTestDescriptor.executeAndMaskThrowable(ClassBasedTestDescriptor.java:428)
	at org.junit.jupiter.engine.descriptor.ClassBasedTestDescriptor.lambda$invokeTestInstancePostProcessors$0(ClassBasedTestDescriptor.java:422)
	at java.base/java.util.stream.ForEachOps$ForEachOp$OfRef.accept(ForEachOps.java:186)
	at java.base/java.util.stream.ReferencePipeline$3$1.accept(ReferencePipeline.java:214)
	at java.base/java.util.stream.ReferencePipeline$2$1.accept(ReferencePipeline.java:197)
	at java.base/java.util.stream.ReferencePipeline$3$1.accept(ReferencePipeline.java:214)
	at java.base/java.util.ArrayList$ArrayListSpliterator.forEachRemaining(ArrayList.java:1716)
	at java.base/java.util.stream.AbstractPipeline.copyInto(AbstractPipeline.java:570)
	at java.base/java.util.stream.AbstractPipeline.wrapAndCopyInto(AbstractPipeline.java:560)
	at java.base/java.util.stream.ForEachOps$ForEachOp.evaluateSequential(ForEachOps.java:153)
	at java.base/java.util.stream.ForEachOps$ForEachOp$OfRef.evaluateSequential(ForEachOps.java:176)
	at java.base/java.util.stream.AbstractPipeline.evaluate(AbstractPipeline.java:265)
	at java.base/java.util.stream.ReferencePipeline.forEach(ReferencePipeline.java:632)
	at org.junit.jupiter.engine.descriptor.ClassBasedTestDescriptor.invokeTestInstancePostProcessors(ClassBasedTestDescriptor.java:422)
	at org.junit.jupiter.engine.descriptor.ClassBasedTestDescriptor.lambda$instantiateAndPostProcessTestInstance$0(ClassBasedTestDescriptor.java:334)
	at org.junit.platform.engine.support.hierarchical.ThrowableCollector.execute(ThrowableCollector.java:74)
	at org.junit.jupiter.engine.descriptor.ClassBasedTestDescriptor.instantiateAndPostProcessTestInstance(ClassBasedTestDescriptor.java:333)
	at org.junit.jupiter.engine.descriptor.ClassBasedTestDescriptor.lambda$testInstancesProvider$1(ClassBasedTestDescriptor.java:322)
	at java.base/java.util.Optional.orElseGet(Optional.java:364)
	at org.junit.jupiter.engine.descriptor.ClassBasedTestDescriptor.lambda$testInstancesProvider$0(ClassBasedTestDescriptor.java:321)
	at org.junit.jupiter.engine.execution.TestInstancesProvider.getTestInstances(TestInstancesProvider.java:27)
	at org.junit.jupiter.engine.descriptor.TestMethodTestDescriptor.lambda$prepare$0(TestMethodTestDescriptor.java:127)
	at org.junit.platform.engine.support.hierarchical.ThrowableCollector.execute(ThrowableCollector.java:74)
	at org.junit.jupiter.engine.descriptor.TestMethodTestDescriptor.prepare(TestMethodTestDescriptor.java:126)
	at org.junit.jupiter.engine.descriptor.TestMethodTestDescriptor.prepare(TestMethodTestDescriptor.java:70)
	at org.junit.platform.engine.support.hierarchical.NodeTestTask.lambda$prepare$0(NodeTestTask.java:144)
	at org.junit.platform.engine.support.hierarchical.ThrowableCollector.execute(ThrowableCollector.java:74)
	at org.junit.platform.engine.support.hierarchical.NodeTestTask.prepare(NodeTestTask.java:144)
	at org.junit.platform.engine.support.hierarchical.NodeTestTask.execute(NodeTestTask.java:110)
	at java.base/java.util.ArrayList.forEach(ArrayList.java:1604)
	at org.junit.platform.engine.support.hierarchical.SameThreadHierarchicalTestExecutorService.invokeAll(SameThreadHierarchicalTestExecutorService.java:42)
	at org.junit.platform.engine.support.hierarchical.NodeTestTask.lambda$executeRecursively$2(NodeTestTask.java:180)
	at org.junit.platform.engine.support.hierarchical.ThrowableCollector.execute(ThrowableCollector.java:74)
	at org.junit.platform.engine.support.hierarchical.NodeTestTask.lambda$executeRecursively$1(NodeTestTask.java:166)
	at org.junit.platform.engine.support.hierarchical.Node.around(Node.java:138)
	at org.junit.platform.engine.support.hierarchical.NodeTestTask.lambda$executeRecursively$0(NodeTestTask.java:164)
	at org.junit.platform.engine.support.hierarchical.ThrowableCollector.execute(ThrowableCollector.java:74)
	at org.junit.platform.engine.support.hierarchical.NodeTestTask.executeRecursively(NodeTestTask.java:163)
	at org.junit.platform.engine.support.hierarchical.NodeTestTask.execute(NodeTestTask.java:116)
	at java.base/java.util.ArrayList.forEach(ArrayList.java:1604)
	at org.junit.platform.engine.support.hierarchical.SameThreadHierarchicalTestExecutorService.invokeAll(SameThreadHierarchicalTestExecutorService.java:42)
	at org.junit.platform.engine.support.hierarchical.NodeTestTask.lambda$executeRecursively$2(NodeTestTask.java:180)
	at org.junit.platform.engine.support.hierarchical.ThrowableCollector.execute(ThrowableCollector.java:74)
	at org.junit.platform.engine.support.hierarchical.NodeTestTask.lambda$executeRecursively$1(NodeTestTask.java:166)
	at org.junit.platform.engine.support.hierarchical.Node.around(Node.java:138)
	at org.junit.platform.engine.support.hierarchical.NodeTestTask.lambda$executeRecursively$0(NodeTestTask.java:164)
	at org.junit.platform.engine.support.hierarchical.ThrowableCollector.execute(ThrowableCollector.java:74)
	at org.junit.platform.engine.support.hierarchical.NodeTestTask.executeRecursively(NodeTestTask.java:163)
	at org.junit.platform.engine.support.hierarchical.NodeTestTask.execute(NodeTestTask.java:116)
	at org.junit.platform.engine.support.hierarchical.SameThreadHierarchicalTestExecutorService.submit(SameThreadHierarchicalTestExecutorService.java:36)
	at org.junit.platform.engine.support.hierarchical.HierarchicalTestExecutor.execute(HierarchicalTestExecutor.java:52)
	at org.junit.platform.engine.support.hierarchical.HierarchicalTestEngine.execute(HierarchicalTestEngine.java:58)
	at org.junit.platform.launcher.core.EngineExecutionOrchestrator.executeEngine(EngineExecutionOrchestrator.java:246)
	at org.junit.platform.launcher.core.EngineExecutionOrchestrator.failOrExecuteEngine(EngineExecutionOrchestrator.java:218)
	at org.junit.platform.launcher.core.EngineExecutionOrchestrator.execute(EngineExecutionOrchestrator.java:179)
	at org.junit.platform.launcher.core.EngineExecutionOrchestrator.execute(EngineExecutionOrchestrator.java:108)
	at org.junit.platform.launcher.core.EngineExecutionOrchestrator.lambda$execute$0(EngineExecutionOrchestrator.java:66)
	at org.junit.platform.launcher.core.EngineExecutionOrchestrator.withInterceptedStreams(EngineExecutionOrchestrator.java:157)
	at org.junit.platform.launcher.core.EngineExecutionOrchestrator.execute(EngineExecutionOrchestrator.java:65)
	at org.junit.platform.launcher.core.DefaultLauncher.execute(DefaultLauncher.java:125)
	at org.junit.platform.launcher.core.DefaultLauncher.execute(DefaultLauncher.java:114)
	at org.junit.platform.launcher.core.DelegatingLauncher.execute(DelegatingLauncher.java:58)
	at org.junit.platform.launcher.core.InterceptingLauncher.lambda$execute$2(InterceptingLauncher.java:57)
	at org.junit.platform.launcher.core.ClasspathAlignmentCheckingLauncherInterceptor.intercept(ClasspathAlignmentCheckingLauncherInterceptor.java:25)
	at org.junit.platform.launcher.core.InterceptingLauncher.execute(InterceptingLauncher.java:56)
	at org.junit.platform.launcher.core.DelegatingLauncher.execute(DelegatingLauncher.java:58)
	at java.base/jdk.internal.reflect.DirectMethodHandleAccessor.invoke(DirectMethodHandleAccessor.java:104)
	at java.base/java.lang.reflect.Method.invoke(Method.java:565)
	at org.apache.maven.surefire.api.util.ReflectionUtils.invokeMethodWithArray(ReflectionUtils.java:125)
	at org.apache.maven.surefire.junitplatform.LauncherAdapter.executeWithCancellationToken(LauncherAdapter.java:68)
	at org.apache.maven.surefire.junitplatform.LauncherAdapter.execute(LauncherAdapter.java:54)
	at org.apache.maven.surefire.junitplatform.JUnitPlatformProvider.execute(JUnitPlatformProvider.java:203)
	at org.apache.maven.surefire.junitplatform.JUnitPlatformProvider.invokeAllTests(JUnitPlatformProvider.java:168)
	at org.apache.maven.surefire.junitplatform.JUnitPlatformProvider.invoke(JUnitPlatformProvider.java:136)
	at org.apache.maven.surefire.booter.ForkedBooter.runSuitesInProcess(ForkedBooter.java:385)
	at org.apache.maven.surefire.booter.ForkedBooter.execute(ForkedBooter.java:162)
	at org.apache.maven.surefire.booter.ForkedBooter.run(ForkedBooter.java:507)
	at org.apache.maven.surefire.booter.ForkedBooter.main(ForkedBooter.java:495)
Caused by: org.springframework.beans.factory.UnsatisfiedDependencyException: Error creating bean with name 'dataSourceScriptDatabaseInitializer' defined in class path resource [org/springframework/boot/jdbc/autoconfigure/DataSourceInitializationAutoConfiguration.class]: Unsatisfied dependency expressed through method 'dataSourceScriptDatabaseInitializer' parameter 0: Error creating bean with name 'dataSource' defined in class path resource [org/springframework/boot/jdbc/autoconfigure/DataSourceConfiguration$Hikari.class]: Failed to instantiate [com.zaxxer.hikari.HikariDataSource]: Factory method 'dataSource' threw exception with message: 'url' must start with "jdbc"
	at org.springframework.beans.factory.support.ConstructorResolver.createArgumentArray(ConstructorResolver.java:804)
	at org.springframework.beans.factory.support.ConstructorResolver.instantiateUsingFactoryMethod(ConstructorResolver.java:546)
	at org.springframework.beans.factory.support.AbstractAutowireCapableBeanFactory.instantiateUsingFactoryMethod(AbstractAutowireCapableBeanFactory.java:1362)
	at org.springframework.beans.factory.support.AbstractAutowireCapableBeanFactory.createBeanInstance(AbstractAutowireCapableBeanFactory.java:1194)
	at org.springframework.beans.factory.support.AbstractAutowireCapableBeanFactory.doCreateBean(AbstractAutowireCapableBeanFactory.java:565)
	at org.springframework.beans.factory.support.AbstractAutowireCapableBeanFactory.createBean(AbstractAutowireCapableBeanFactory.java:525)
	at org.springframework.beans.factory.support.AbstractBeanFactory.lambda$doGetBean$0(AbstractBeanFactory.java:333)
	at org.springframework.beans.factory.support.DefaultSingletonBeanRegistry.getSingleton(DefaultSingletonBeanRegistry.java:371)
	at org.springframework.beans.factory.support.AbstractBeanFactory.doGetBean(AbstractBeanFactory.java:331)
	at org.springframework.beans.factory.support.AbstractBeanFactory.getBean(AbstractBeanFactory.java:196)
	at org.springframework.beans.factory.support.AbstractBeanFactory.doGetBean(AbstractBeanFactory.java:309)
	... 101 more
Caused by: org.springframework.beans.factory.BeanCreationException: Error creating bean with name 'dataSource' defined in class path resource [org/springframework/boot/jdbc/autoconfigure/DataSourceConfiguration$Hikari.class]: Failed to instantiate [com.zaxxer.hikari.HikariDataSource]: Factory method 'dataSource' threw exception with message: 'url' must start with "jdbc"
	at org.springframework.beans.factory.support.ConstructorResolver.instantiate(ConstructorResolver.java:657)
	at org.springframework.beans.factory.support.ConstructorResolver.instantiateUsingFactoryMethod(ConstructorResolver.java:645)
	at org.springframework.beans.factory.support.AbstractAutowireCapableBeanFactory.instantiateUsingFactoryMethod(AbstractAutowireCapableBeanFactory.java:1362)
	at org.springframework.beans.factory.support.AbstractAutowireCapableBeanFactory.createBeanInstance(AbstractAutowireCapableBeanFactory.java:1194)
	at org.springframework.beans.factory.support.AbstractAutowireCapableBeanFactory.doCreateBean(AbstractAutowireCapableBeanFactory.java:565)
	at org.springframework.beans.factory.support.AbstractAutowireCapableBeanFactory.createBean(AbstractAutowireCapableBeanFactory.java:525)
	at org.springframework.beans.factory.support.AbstractBeanFactory.lambda$doGetBean$0(AbstractBeanFactory.java:333)
	at org.springframework.beans.factory.support.DefaultSingletonBeanRegistry.getSingleton(DefaultSingletonBeanRegistry.java:371)
	at org.springframework.beans.factory.support.AbstractBeanFactory.doGetBean(AbstractBeanFactory.java:331)
	at org.springframework.beans.factory.support.AbstractBeanFactory.getBean(AbstractBeanFactory.java:201)
	at org.springframework.beans.factory.support.DefaultListableBeanFactory.resolveBean(DefaultListableBeanFactory.java:1225)
	at org.springframework.beans.factory.support.DefaultListableBeanFactory.doResolveDependency(DefaultListableBeanFactory.java:1704)
	at org.springframework.beans.factory.support.DefaultListableBeanFactory.resolveDependency(DefaultListableBeanFactory.java:1651)
	at org.springframework.beans.factory.support.ConstructorResolver.resolveAutowiredArgument(ConstructorResolver.java:912)
	at org.springframework.beans.factory.support.ConstructorResolver.createArgumentArray(ConstructorResolver.java:791)
	... 111 more
Caused by: org.springframework.beans.BeanInstantiationException: Failed to instantiate [com.zaxxer.hikari.HikariDataSource]: Factory method 'dataSource' threw exception with message: 'url' must start with "jdbc"
	at org.springframework.beans.factory.support.SimpleInstantiationStrategy.lambda$instantiate$0(SimpleInstantiationStrategy.java:183)
	at org.springframework.beans.factory.support.SimpleInstantiationStrategy.instantiateWithFactoryMethod(SimpleInstantiationStrategy.java:72)
	at org.springframework.beans.factory.support.SimpleInstantiationStrategy.instantiate(SimpleInstantiationStrategy.java:152)
	at org.springframework.beans.factory.support.ConstructorResolver.instantiate(ConstructorResolver.java:653)
	... 125 more
Caused by: java.lang.IllegalArgumentException: 'url' must start with "jdbc"
	at org.springframework.util.Assert.isTrue(Assert.java:117)
	at org.springframework.boot.jdbc.DatabaseDriver.fromJdbcUrl(DatabaseDriver.java:314)
	at org.springframework.boot.jdbc.autoconfigure.DataSourceProperties.findDriverClassName(DataSourceProperties.java:193)
	at org.springframework.boot.jdbc.autoconfigure.DataSourceProperties.determineDriverClassName(DataSourceProperties.java:177)
	at org.springframework.boot.jdbc.autoconfigure.PropertiesJdbcConnectionDetails.getDriverClassName(PropertiesJdbcConnectionDetails.java:51)
	at org.springframework.boot.jdbc.autoconfigure.DataSourceConfiguration.createDataSource(DataSourceConfiguration.java:63)
	at org.springframework.boot.jdbc.autoconfigure.DataSourceConfiguration$Hikari.dataSource(DataSourceConfiguration.java:128)
	at java.base/jdk.internal.reflect.DirectMethodHandleAccessor.invoke(DirectMethodHandleAccessor.java:104)
	at java.base/java.lang.reflect.Method.invoke(Method.java:565)
	at org.springframework.beans.factory.support.SimpleInstantiationStrategy.lambda$instantiate$0(SimpleInstantiationStrategy.java:155)
	... 128 more
2026-03-28 10:35:21 [main] WARN  org.springframework.test.context.TestContextManager - Caught exception while allowing TestExecutionListener [org.springframework.test.context.web.ServletTestExecutionListener] to prepare test instance [com.dipanshu.BookManagerApi.BookManagerApiApplicationTests@7254838]
java.lang.IllegalStateException: Failed to load ApplicationContext for [WebMergedContextConfiguration@13234ac9 testClass = com.dipanshu.BookManagerApi.BookManagerApiApplicationTests, locations = [], classes = [com.dipanshu.BookManagerApi.BookManagerApiApplication], contextInitializerClasses = [], activeProfiles = [], propertySourceDescriptors = [], propertySourceProperties = ["org.springframework.boot.test.context.SpringBootTestContextBootstrapper=true"], contextCustomizers = [org.springframework.boot.test.context.PropertyMappingContextCustomizer@0, org.springframework.boot.test.context.filter.ExcludeFilterContextCustomizer@2228db21, org.springframework.boot.test.json.DuplicateJsonObjectContextCustomizerFactory$DuplicateJsonObjectContextCustomizer@7e0b9178, org.springframework.boot.test.autoconfigure.OnFailureConditionReportContextCustomizerFactory$OnFailureConditionReportContextCustomizer@408a247c, org.springframework.test.context.support.DynamicPropertiesContextCustomizer@0, org.springframework.boot.webmvc.test.autoconfigure.WebDriverContextCustomizer@294bdeb4, org.springframework.boot.web.server.context.SpringBootTestRandomPortContextCustomizer@77bb0ab5, org.springframework.boot.test.context.SpringBootTestAnnotation@e9e38531], resourceBasePath = "src/main/webapp", contextLoader = org.springframework.boot.test.context.SpringBootContextLoader, parent = null]
	at org.springframework.test.context.cache.DefaultCacheAwareContextLoaderDelegate.lambda$loadContext$0(DefaultCacheAwareContextLoaderDelegate.java:195)
	at org.springframework.test.context.cache.DefaultContextCache.put(DefaultContextCache.java:214)
	at org.springframework.test.context.cache.DefaultCacheAwareContextLoaderDelegate.loadContext(DefaultCacheAwareContextLoaderDelegate.java:160)
	at org.springframework.test.context.support.DefaultTestContext.getApplicationContext(DefaultTestContext.java:128)
	at org.springframework.test.context.web.ServletTestExecutionListener.setUpRequestContextIfNecessary(ServletTestExecutionListener.java:200)
	at org.springframework.test.context.web.ServletTestExecutionListener.prepareTestInstance(ServletTestExecutionListener.java:139)
	at org.springframework.test.context.TestContextManager.prepareTestInstance(TestContextManager.java:260)
	at org.springframework.test.context.junit.jupiter.SpringExtension.postProcessTestInstance(SpringExtension.java:210)
	at org.junit.jupiter.engine.descriptor.ClassBasedTestDescriptor.lambda$invokeTestInstancePostProcessors$1(ClassBasedTestDescriptor.java:423)
	at org.junit.jupiter.engine.descriptor.ClassBasedTestDescriptor.executeAndMaskThrowable(ClassBasedTestDescriptor.java:428)
	at org.junit.jupiter.engine.descriptor.ClassBasedTestDescriptor.lambda$invokeTestInstancePostProcessors$0(ClassBasedTestDescriptor.java:422)
	at java.base/java.util.stream.ForEachOps$ForEachOp$OfRef.accept(ForEachOps.java:186)
	at java.base/java.util.stream.ReferencePipeline$3$1.accept(ReferencePipeline.java:214)
	at java.base/java.util.stream.ReferencePipeline$2$1.accept(ReferencePipeline.java:197)
	at java.base/java.util.stream.ReferencePipeline$3$1.accept(ReferencePipeline.java:214)
	at java.base/java.util.ArrayList$ArrayListSpliterator.forEachRemaining(ArrayList.java:1716)
	at java.base/java.util.stream.AbstractPipeline.copyInto(AbstractPipeline.java:570)
	at java.base/java.util.stream.AbstractPipeline.wrapAndCopyInto(AbstractPipeline.java:560)
	at java.base/java.util.stream.ForEachOps$ForEachOp.evaluateSequential(ForEachOps.java:153)
	at java.base/java.util.stream.ForEachOps$ForEachOp$OfRef.evaluateSequential(ForEachOps.java:176)
	at java.base/java.util.stream.AbstractPipeline.evaluate(AbstractPipeline.java:265)
	at java.base/java.util.stream.ReferencePipeline.forEach(ReferencePipeline.java:632)
	at org.junit.jupiter.engine.descriptor.ClassBasedTestDescriptor.invokeTestInstancePostProcessors(ClassBasedTestDescriptor.java:422)
	at org.junit.jupiter.engine.descriptor.ClassBasedTestDescriptor.lambda$instantiateAndPostProcessTestInstance$0(ClassBasedTestDescriptor.java:334)
	at org.junit.platform.engine.support.hierarchical.ThrowableCollector.execute(ThrowableCollector.java:74)
	at org.junit.jupiter.engine.descriptor.ClassBasedTestDescriptor.instantiateAndPostProcessTestInstance(ClassBasedTestDescriptor.java:333)
	at org.junit.jupiter.engine.descriptor.ClassBasedTestDescriptor.lambda$testInstancesProvider$1(ClassBasedTestDescriptor.java:322)
	at java.base/java.util.Optional.orElseGet(Optional.java:364)
	at org.junit.jupiter.engine.descriptor.ClassBasedTestDescriptor.lambda$testInstancesProvider$0(ClassBasedTestDescriptor.java:321)
	at org.junit.jupiter.engine.execution.TestInstancesProvider.getTestInstances(TestInstancesProvider.java:27)
	at org.junit.jupiter.engine.descriptor.TestMethodTestDescriptor.lambda$prepare$0(TestMethodTestDescriptor.java:127)
	at org.junit.platform.engine.support.hierarchical.ThrowableCollector.execute(ThrowableCollector.java:74)
	at org.junit.jupiter.engine.descriptor.TestMethodTestDescriptor.prepare(TestMethodTestDescriptor.java:126)
	at org.junit.jupiter.engine.descriptor.TestMethodTestDescriptor.prepare(TestMethodTestDescriptor.java:70)
	at org.junit.platform.engine.support.hierarchical.NodeTestTask.lambda$prepare$0(NodeTestTask.java:144)
	at org.junit.platform.engine.support.hierarchical.ThrowableCollector.execute(ThrowableCollector.java:74)
	at org.junit.platform.engine.support.hierarchical.NodeTestTask.prepare(NodeTestTask.java:144)
	at org.junit.platform.engine.support.hierarchical.NodeTestTask.execute(NodeTestTask.java:110)
	at java.base/java.util.ArrayList.forEach(ArrayList.java:1604)
	at org.junit.platform.engine.support.hierarchical.SameThreadHierarchicalTestExecutorService.invokeAll(SameThreadHierarchicalTestExecutorService.java:42)
	at org.junit.platform.engine.support.hierarchical.NodeTestTask.lambda$executeRecursively$2(NodeTestTask.java:180)
	at org.junit.platform.engine.support.hierarchical.ThrowableCollector.execute(ThrowableCollector.java:74)
	at org.junit.platform.engine.support.hierarchical.NodeTestTask.lambda$executeRecursively$1(NodeTestTask.java:166)
	at org.junit.platform.engine.support.hierarchical.Node.around(Node.java:138)
	at org.junit.platform.engine.support.hierarchical.NodeTestTask.lambda$executeRecursively$0(NodeTestTask.java:164)
	at org.junit.platform.engine.support.hierarchical.ThrowableCollector.execute(ThrowableCollector.java:74)
	at org.junit.platform.engine.support.hierarchical.NodeTestTask.executeRecursively(NodeTestTask.java:163)
	at org.junit.platform.engine.support.hierarchical.NodeTestTask.execute(NodeTestTask.java:116)
	at java.base/java.util.ArrayList.forEach(ArrayList.java:1604)
	at org.junit.platform.engine.support.hierarchical.SameThreadHierarchicalTestExecutorService.invokeAll(SameThreadHierarchicalTestExecutorService.java:42)
	at org.junit.platform.engine.support.hierarchical.NodeTestTask.lambda$executeRecursively$2(NodeTestTask.java:180)
	at org.junit.platform.engine.support.hierarchical.ThrowableCollector.execute(ThrowableCollector.java:74)
	at org.junit.platform.engine.support.hierarchical.NodeTestTask.lambda$executeRecursively$1(NodeTestTask.java:166)
	at org.junit.platform.engine.support.hierarchical.Node.around(Node.java:138)
	at org.junit.platform.engine.support.hierarchical.NodeTestTask.lambda$executeRecursively$0(NodeTestTask.java:164)
	at org.junit.platform.engine.support.hierarchical.ThrowableCollector.execute(ThrowableCollector.java:74)
	at org.junit.platform.engine.support.hierarchical.NodeTestTask.executeRecursively(NodeTestTask.java:163)
	at org.junit.platform.engine.support.hierarchical.NodeTestTask.execute(NodeTestTask.java:116)
	at org.junit.platform.engine.support.hierarchical.SameThreadHierarchicalTestExecutorService.submit(SameThreadHierarchicalTestExecutorService.java:36)
	at org.junit.platform.engine.support.hierarchical.HierarchicalTestExecutor.execute(HierarchicalTestExecutor.java:52)
	at org.junit.platform.engine.support.hierarchical.HierarchicalTestEngine.execute(HierarchicalTestEngine.java:58)
	at org.junit.platform.launcher.core.EngineExecutionOrchestrator.executeEngine(EngineExecutionOrchestrator.java:246)
	at org.junit.platform.launcher.core.EngineExecutionOrchestrator.failOrExecuteEngine(EngineExecutionOrchestrator.java:218)
	at org.junit.platform.launcher.core.EngineExecutionOrchestrator.execute(EngineExecutionOrchestrator.java:179)
	at org.junit.platform.launcher.core.EngineExecutionOrchestrator.execute(EngineExecutionOrchestrator.java:108)
	at org.junit.platform.launcher.core.EngineExecutionOrchestrator.lambda$execute$0(EngineExecutionOrchestrator.java:66)
	at org.junit.platform.launcher.core.EngineExecutionOrchestrator.withInterceptedStreams(EngineExecutionOrchestrator.java:157)
	at org.junit.platform.launcher.core.EngineExecutionOrchestrator.execute(EngineExecutionOrchestrator.java:65)
	at org.junit.platform.launcher.core.DefaultLauncher.execute(DefaultLauncher.java:125)
	at org.junit.platform.launcher.core.DefaultLauncher.execute(DefaultLauncher.java:114)
	at org.junit.platform.launcher.core.DelegatingLauncher.execute(DelegatingLauncher.java:58)
	at org.junit.platform.launcher.core.InterceptingLauncher.lambda$execute$2(InterceptingLauncher.java:57)
	at org.junit.platform.launcher.core.ClasspathAlignmentCheckingLauncherInterceptor.intercept(ClasspathAlignmentCheckingLauncherInterceptor.java:25)
	at org.junit.platform.launcher.core.InterceptingLauncher.execute(InterceptingLauncher.java:56)
	at org.junit.platform.launcher.core.DelegatingLauncher.execute(DelegatingLauncher.java:58)
	at java.base/jdk.internal.reflect.DirectMethodHandleAccessor.invoke(DirectMethodHandleAccessor.java:104)
	at java.base/java.lang.reflect.Method.invoke(Method.java:565)
	at org.apache.maven.surefire.api.util.ReflectionUtils.invokeMethodWithArray(ReflectionUtils.java:125)
	at org.apache.maven.surefire.junitplatform.LauncherAdapter.executeWithCancellationToken(LauncherAdapter.java:68)
	at org.apache.maven.surefire.junitplatform.LauncherAdapter.execute(LauncherAdapter.java:54)
	at org.apache.maven.surefire.junitplatform.JUnitPlatformProvider.execute(JUnitPlatformProvider.java:203)
	at org.apache.maven.surefire.junitplatform.JUnitPlatformProvider.invokeAllTests(JUnitPlatformProvider.java:168)
	at org.apache.maven.surefire.junitplatform.JUnitPlatformProvider.invoke(JUnitPlatformProvider.java:136)
	at org.apache.maven.surefire.booter.ForkedBooter.runSuitesInProcess(ForkedBooter.java:385)
	at org.apache.maven.surefire.booter.ForkedBooter.execute(ForkedBooter.java:162)
	at org.apache.maven.surefire.booter.ForkedBooter.run(ForkedBooter.java:507)
	at org.apache.maven.surefire.booter.ForkedBooter.main(ForkedBooter.java:495)
Caused by: org.springframework.beans.factory.BeanCreationException: Error creating bean with name 'entityManagerFactory' defined in class path resource [org/springframework/boot/hibernate/autoconfigure/HibernateJpaConfiguration.class]: Failed to initialize dependency 'dataSourceScriptDatabaseInitializer' of LoadTimeWeaverAware bean 'entityManagerFactory': Error creating bean with name 'dataSourceScriptDatabaseInitializer' defined in class path resource [org/springframework/boot/jdbc/autoconfigure/DataSourceInitializationAutoConfiguration.class]: Unsatisfied dependency expressed through method 'dataSourceScriptDatabaseInitializer' parameter 0: Error creating bean with name 'dataSource' defined in class path resource [org/springframework/boot/jdbc/autoconfigure/DataSourceConfiguration$Hikari.class]: Failed to instantiate [com.zaxxer.hikari.HikariDataSource]: Factory method 'dataSource' threw exception with message: 'url' must start with "jdbc"
	at org.springframework.beans.factory.support.AbstractBeanFactory.doGetBean(AbstractBeanFactory.java:322)
	at org.springframework.beans.factory.support.AbstractBeanFactory.getBean(AbstractBeanFactory.java:201)
	at org.springframework.context.support.AbstractApplicationContext.finishBeanFactoryInitialization(AbstractApplicationContext.java:977)
	at org.springframework.context.support.AbstractApplicationContext.refresh(AbstractApplicationContext.java:621)
	at org.springframework.boot.SpringApplication.refresh(SpringApplication.java:756)
	at org.springframework.boot.SpringApplication.refreshContext(SpringApplication.java:445)
	at org.springframework.boot.SpringApplication.run(SpringApplication.java:321)
	at org.springframework.boot.test.context.SpringBootContextLoader.lambda$loadContext$2(SpringBootContextLoader.java:156)
	at org.springframework.util.function.ThrowingSupplier.get(ThrowingSupplier.java:58)
	at org.springframework.util.function.ThrowingSupplier.get(ThrowingSupplier.java:46)
	at org.springframework.boot.SpringApplication.withHook(SpringApplication.java:1465)
	at org.springframework.boot.test.context.SpringBootContextLoader$ContextLoaderHook.run(SpringBootContextLoader.java:605)
	at org.springframework.boot.test.context.SpringBootContextLoader.loadContext(SpringBootContextLoader.java:156)
	at org.springframework.boot.test.context.SpringBootContextLoader.loadContext(SpringBootContextLoader.java:115)
	at org.springframework.test.context.cache.DefaultCacheAwareContextLoaderDelegate.loadContextInternal(DefaultCacheAwareContextLoaderDelegate.java:247)
	at org.springframework.test.context.cache.DefaultCacheAwareContextLoaderDelegate.lambda$loadContext$0(DefaultCacheAwareContextLoaderDelegate.java:167)
	... 86 more
Caused by: org.springframework.beans.factory.UnsatisfiedDependencyException: Error creating bean with name 'dataSourceScriptDatabaseInitializer' defined in class path resource [org/springframework/boot/jdbc/autoconfigure/DataSourceInitializationAutoConfiguration.class]: Unsatisfied dependency expressed through method 'dataSourceScriptDatabaseInitializer' parameter 0: Error creating bean with name 'dataSource' defined in class path resource [org/springframework/boot/jdbc/autoconfigure/DataSourceConfiguration$Hikari.class]: Failed to instantiate [com.zaxxer.hikari.HikariDataSource]: Factory method 'dataSource' threw exception with message: 'url' must start with "jdbc"
	at org.springframework.beans.factory.support.ConstructorResolver.createArgumentArray(ConstructorResolver.java:804)
	at org.springframework.beans.factory.support.ConstructorResolver.instantiateUsingFactoryMethod(ConstructorResolver.java:546)
	at org.springframework.beans.factory.support.AbstractAutowireCapableBeanFactory.instantiateUsingFactoryMethod(AbstractAutowireCapableBeanFactory.java:1362)
	at org.springframework.beans.factory.support.AbstractAutowireCapableBeanFactory.createBeanInstance(AbstractAutowireCapableBeanFactory.java:1194)
	at org.springframework.beans.factory.support.AbstractAutowireCapableBeanFactory.doCreateBean(AbstractAutowireCapableBeanFactory.java:565)
	at org.springframework.beans.factory.support.AbstractAutowireCapableBeanFactory.createBean(AbstractAutowireCapableBeanFactory.java:525)
	at org.springframework.beans.factory.support.AbstractBeanFactory.lambda$doGetBean$0(AbstractBeanFactory.java:333)
	at org.springframework.beans.factory.support.DefaultSingletonBeanRegistry.getSingleton(DefaultSingletonBeanRegistry.java:371)
	at org.springframework.beans.factory.support.AbstractBeanFactory.doGetBean(AbstractBeanFactory.java:331)
	at org.springframework.beans.factory.support.AbstractBeanFactory.getBean(AbstractBeanFactory.java:196)
	at org.springframework.beans.factory.support.AbstractBeanFactory.doGetBean(AbstractBeanFactory.java:309)
	... 101 more
Caused by: org.springframework.beans.factory.BeanCreationException: Error creating bean with name 'dataSource' defined in class path resource [org/springframework/boot/jdbc/autoconfigure/DataSourceConfiguration$Hikari.class]: Failed to instantiate [com.zaxxer.hikari.HikariDataSource]: Factory method 'dataSource' threw exception with message: 'url' must start with "jdbc"
	at org.springframework.beans.factory.support.ConstructorResolver.instantiate(ConstructorResolver.java:657)
	at org.springframework.beans.factory.support.ConstructorResolver.instantiateUsingFactoryMethod(ConstructorResolver.java:645)
	at org.springframework.beans.factory.support.AbstractAutowireCapableBeanFactory.instantiateUsingFactoryMethod(AbstractAutowireCapableBeanFactory.java:1362)
	at org.springframework.beans.factory.support.AbstractAutowireCapableBeanFactory.createBeanInstance(AbstractAutowireCapableBeanFactory.java:1194)
	at org.springframework.beans.factory.support.AbstractAutowireCapableBeanFactory.doCreateBean(AbstractAutowireCapableBeanFactory.java:565)
	at org.springframework.beans.factory.support.AbstractAutowireCapableBeanFactory.createBean(AbstractAutowireCapableBeanFactory.java:525)
	at org.springframework.beans.factory.support.AbstractBeanFactory.lambda$doGetBean$0(AbstractBeanFactory.java:333)
	at org.springframework.beans.factory.support.DefaultSingletonBeanRegistry.getSingleton(DefaultSingletonBeanRegistry.java:371)
	at org.springframework.beans.factory.support.AbstractBeanFactory.doGetBean(AbstractBeanFactory.java:331)
	at org.springframework.beans.factory.support.AbstractBeanFactory.getBean(AbstractBeanFactory.java:201)
	at org.springframework.beans.factory.support.DefaultListableBeanFactory.resolveBean(DefaultListableBeanFactory.java:1225)
	at org.springframework.beans.factory.support.DefaultListableBeanFactory.doResolveDependency(DefaultListableBeanFactory.java:1704)
	at org.springframework.beans.factory.support.DefaultListableBeanFactory.resolveDependency(DefaultListableBeanFactory.java:1651)
	at org.springframework.beans.factory.support.ConstructorResolver.resolveAutowiredArgument(ConstructorResolver.java:912)
	at org.springframework.beans.factory.support.ConstructorResolver.createArgumentArray(ConstructorResolver.java:791)
	... 111 more
Caused by: org.springframework.beans.BeanInstantiationException: Failed to instantiate [com.zaxxer.hikari.HikariDataSource]: Factory method 'dataSource' threw exception with message: 'url' must start with "jdbc"
	at org.springframework.beans.factory.support.SimpleInstantiationStrategy.lambda$instantiate$0(SimpleInstantiationStrategy.java:183)
	at org.springframework.beans.factory.support.SimpleInstantiationStrategy.instantiateWithFactoryMethod(SimpleInstantiationStrategy.java:72)
	at org.springframework.beans.factory.support.SimpleInstantiationStrategy.instantiate(SimpleInstantiationStrategy.java:152)
	at org.springframework.beans.factory.support.ConstructorResolver.instantiate(ConstructorResolver.java:653)
	... 125 more
Caused by: java.lang.IllegalArgumentException: 'url' must start with "jdbc"
	at org.springframework.util.Assert.isTrue(Assert.java:117)
	at org.springframework.boot.jdbc.DatabaseDriver.fromJdbcUrl(DatabaseDriver.java:314)
	at org.springframework.boot.jdbc.autoconfigure.DataSourceProperties.findDriverClassName(DataSourceProperties.java:193)
	at org.springframework.boot.jdbc.autoconfigure.DataSourceProperties.determineDriverClassName(DataSourceProperties.java:177)
	at org.springframework.boot.jdbc.autoconfigure.PropertiesJdbcConnectionDetails.getDriverClassName(PropertiesJdbcConnectionDetails.java:51)
	at org.springframework.boot.jdbc.autoconfigure.DataSourceConfiguration.createDataSource(DataSourceConfiguration.java:63)
	at org.springframework.boot.jdbc.autoconfigure.DataSourceConfiguration$Hikari.dataSource(DataSourceConfiguration.java:128)
	at java.base/jdk.internal.reflect.DirectMethodHandleAccessor.invoke(DirectMethodHandleAccessor.java:104)
	at java.base/java.lang.reflect.Method.invoke(Method.java:565)
	at org.springframework.beans.factory.support.SimpleInstantiationStrategy.lambda$instantiate$0(SimpleInstantiationStrategy.java:155)
	... 128 more
2026-03-28 10:41:15 [restartedMain] INFO  com.dipanshu.BookManagerApi.BookManagerApiApplication - Starting BookManagerApiApplication using Java 25.0.1 with PID 21104 (X:\BookManagerApiv2\target\classes started by Pc in X:\BookManagerApiv2)
2026-03-28 10:41:15 [restartedMain] DEBUG com.dipanshu.BookManagerApi.BookManagerApiApplication - Running with Spring Boot v4.0.3, Spring v7.0.5
2026-03-28 10:41:15 [restartedMain] INFO  com.dipanshu.BookManagerApi.BookManagerApiApplication - No active profile set, falling back to 1 default profile: "default"
2026-03-28 10:41:15 [restartedMain] INFO  org.springframework.data.repository.config.RepositoryConfigurationDelegate - Bootstrapping Spring Data JPA repositories in DEFAULT mode.
2026-03-28 10:41:15 [restartedMain] INFO  org.springframework.data.repository.config.RepositoryConfigurationDelegate - Finished Spring Data repository scanning in 1 ms. Found 0 JPA repository interfaces.
2026-03-28 10:41:15 [restartedMain] INFO  org.springframework.boot.tomcat.TomcatWebServer - Tomcat initialized with port 8080 (http)
2026-03-28 10:41:15 [restartedMain] INFO  org.apache.coyote.http11.Http11NioProtocol - Initializing ProtocolHandler ["http-nio-8080"]
2026-03-28 10:41:15 [restartedMain] INFO  org.apache.catalina.core.StandardService - Starting service [Tomcat]
2026-03-28 10:41:15 [restartedMain] INFO  org.apache.catalina.core.StandardEngine - Starting Servlet engine: [Apache Tomcat/11.0.18]
2026-03-28 10:41:15 [restartedMain] INFO  org.springframework.boot.web.context.servlet.WebApplicationContextInitializer - Root WebApplicationContext: initialization completed in 333 ms
2026-03-28 10:41:15 [restartedMain] WARN  org.springframework.boot.web.server.servlet.context.AnnotationConfigServletWebServerApplicationContext - Exception encountered during context initialization - cancelling refresh attempt: org.springframework.beans.factory.BeanCreationException: Error creating bean with name 'entityManagerFactory' defined in class path resource [org/springframework/boot/hibernate/autoconfigure/HibernateJpaConfiguration.class]: Failed to initialize dependency 'inMemoryDatabaseShutdownExecutor' of LoadTimeWeaverAware bean 'entityManagerFactory': Error creating bean with name 'inMemoryDatabaseShutdownExecutor' defined in class path resource [org/springframework/boot/devtools/autoconfigure/DevToolsDataSourceAutoConfiguration.class]: Unsatisfied dependency expressed through method 'inMemoryDatabaseShutdownExecutor' parameter 0: Error creating bean with name 'dataSource' defined in class path resource [org/springframework/boot/jdbc/autoconfigure/DataSourceConfiguration$Hikari.class]: Failed to instantiate [com.zaxxer.hikari.HikariDataSource]: Factory method 'dataSource' threw exception with message: 'url' must start with "jdbc"
2026-03-28 10:41:15 [restartedMain] INFO  org.apache.catalina.core.StandardService - Stopping service [Tomcat]
2026-03-28 10:41:15 [restartedMain] INFO  org.springframework.boot.autoconfigure.logging.ConditionEvaluationReportLogger - 

Error starting ApplicationContext. To display the condition evaluation report re-run your application with 'debug' enabled.
2026-03-28 10:41:15 [restartedMain] ERROR org.springframework.boot.SpringApplication - Application run failed
org.springframework.beans.factory.BeanCreationException: Error creating bean with name 'entityManagerFactory' defined in class path resource [org/springframework/boot/hibernate/autoconfigure/HibernateJpaConfiguration.class]: Failed to initialize dependency 'inMemoryDatabaseShutdownExecutor' of LoadTimeWeaverAware bean 'entityManagerFactory': Error creating bean with name 'inMemoryDatabaseShutdownExecutor' defined in class path resource [org/springframework/boot/devtools/autoconfigure/DevToolsDataSourceAutoConfiguration.class]: Unsatisfied dependency expressed through method 'inMemoryDatabaseShutdownExecutor' parameter 0: Error creating bean with name 'dataSource' defined in class path resource [org/springframework/boot/jdbc/autoconfigure/DataSourceConfiguration$Hikari.class]: Failed to instantiate [com.zaxxer.hikari.HikariDataSource]: Factory method 'dataSource' threw exception with message: 'url' must start with "jdbc"
	at org.springframework.beans.factory.support.AbstractBeanFactory.doGetBean(AbstractBeanFactory.java:322)
	at org.springframework.beans.factory.support.AbstractBeanFactory.getBean(AbstractBeanFactory.java:201)
	at org.springframework.context.support.AbstractApplicationContext.finishBeanFactoryInitialization(AbstractApplicationContext.java:977)
	at org.springframework.context.support.AbstractApplicationContext.refresh(AbstractApplicationContext.java:621)
	at org.springframework.boot.web.server.servlet.context.ServletWebServerApplicationContext.refresh(ServletWebServerApplicationContext.java:143)
	at org.springframework.boot.SpringApplication.refresh(SpringApplication.java:756)
	at org.springframework.boot.SpringApplication.refreshContext(SpringApplication.java:445)
	at org.springframework.boot.SpringApplication.run(SpringApplication.java:321)
	at org.springframework.boot.SpringApplication.run(SpringApplication.java:1365)
	at org.springframework.boot.SpringApplication.run(SpringApplication.java:1354)
	at com.dipanshu.BookManagerApi.BookManagerApiApplication.main(BookManagerApiApplication.java:12)
	at java.base/jdk.internal.reflect.DirectMethodHandleAccessor.invoke(DirectMethodHandleAccessor.java:104)
	at java.base/java.lang.reflect.Method.invoke(Method.java:565)
	at org.springframework.boot.devtools.restart.RestartLauncher.run(RestartLauncher.java:52)
Caused by: org.springframework.beans.factory.UnsatisfiedDependencyException: Error creating bean with name 'inMemoryDatabaseShutdownExecutor' defined in class path resource [org/springframework/boot/devtools/autoconfigure/DevToolsDataSourceAutoConfiguration.class]: Unsatisfied dependency expressed through method 'inMemoryDatabaseShutdownExecutor' parameter 0: Error creating bean with name 'dataSource' defined in class path resource [org/springframework/boot/jdbc/autoconfigure/DataSourceConfiguration$Hikari.class]: Failed to instantiate [com.zaxxer.hikari.HikariDataSource]: Factory method 'dataSource' threw exception with message: 'url' must start with "jdbc"
	at org.springframework.beans.factory.support.ConstructorResolver.createArgumentArray(ConstructorResolver.java:804)
	at org.springframework.beans.factory.support.ConstructorResolver.instantiateUsingFactoryMethod(ConstructorResolver.java:546)
	at org.springframework.beans.factory.support.AbstractAutowireCapableBeanFactory.instantiateUsingFactoryMethod(AbstractAutowireCapableBeanFactory.java:1362)
	at org.springframework.beans.factory.support.AbstractAutowireCapableBeanFactory.createBeanInstance(AbstractAutowireCapableBeanFactory.java:1194)
	at org.springframework.beans.factory.support.AbstractAutowireCapableBeanFactory.doCreateBean(AbstractAutowireCapableBeanFactory.java:565)
	at org.springframework.beans.factory.support.AbstractAutowireCapableBeanFactory.createBean(AbstractAutowireCapableBeanFactory.java:525)
	at org.springframework.beans.factory.support.AbstractBeanFactory.lambda$doGetBean$0(AbstractBeanFactory.java:333)
	at org.springframework.beans.factory.support.DefaultSingletonBeanRegistry.getSingleton(DefaultSingletonBeanRegistry.java:371)
	at org.springframework.beans.factory.support.AbstractBeanFactory.doGetBean(AbstractBeanFactory.java:331)
	at org.springframework.beans.factory.support.AbstractBeanFactory.getBean(AbstractBeanFactory.java:196)
	at org.springframework.beans.factory.support.AbstractBeanFactory.doGetBean(AbstractBeanFactory.java:309)
	... 13 more
Caused by: org.springframework.beans.factory.BeanCreationException: Error creating bean with name 'dataSource' defined in class path resource [org/springframework/boot/jdbc/autoconfigure/DataSourceConfiguration$Hikari.class]: Failed to instantiate [com.zaxxer.hikari.HikariDataSource]: Factory method 'dataSource' threw exception with message: 'url' must start with "jdbc"
	at org.springframework.beans.factory.support.ConstructorResolver.instantiate(ConstructorResolver.java:657)
	at org.springframework.beans.factory.support.ConstructorResolver.instantiateUsingFactoryMethod(ConstructorResolver.java:645)
	at org.springframework.beans.factory.support.AbstractAutowireCapableBeanFactory.instantiateUsingFactoryMethod(AbstractAutowireCapableBeanFactory.java:1362)
	at org.springframework.beans.factory.support.AbstractAutowireCapableBeanFactory.createBeanInstance(AbstractAutowireCapableBeanFactory.java:1194)
	at org.springframework.beans.factory.support.AbstractAutowireCapableBeanFactory.doCreateBean(AbstractAutowireCapableBeanFactory.java:565)
	at org.springframework.beans.factory.support.AbstractAutowireCapableBeanFactory.createBean(AbstractAutowireCapableBeanFactory.java:525)
	at org.springframework.beans.factory.support.AbstractBeanFactory.lambda$doGetBean$0(AbstractBeanFactory.java:333)
	at org.springframework.beans.factory.support.DefaultSingletonBeanRegistry.getSingleton(DefaultSingletonBeanRegistry.java:371)
	at org.springframework.beans.factory.support.AbstractBeanFactory.doGetBean(AbstractBeanFactory.java:331)
	at org.springframework.beans.factory.support.AbstractBeanFactory.getBean(AbstractBeanFactory.java:201)
	at org.springframework.beans.factory.support.DefaultListableBeanFactory.resolveBean(DefaultListableBeanFactory.java:1225)
	at org.springframework.beans.factory.support.DefaultListableBeanFactory.doResolveDependency(DefaultListableBeanFactory.java:1704)
	at org.springframework.beans.factory.support.DefaultListableBeanFactory.resolveDependency(DefaultListableBeanFactory.java:1651)
	at org.springframework.beans.factory.support.ConstructorResolver.resolveAutowiredArgument(ConstructorResolver.java:912)
	at org.springframework.beans.factory.support.ConstructorResolver.createArgumentArray(ConstructorResolver.java:791)
	... 23 more
Caused by: org.springframework.beans.BeanInstantiationException: Failed to instantiate [com.zaxxer.hikari.HikariDataSource]: Factory method 'dataSource' threw exception with message: 'url' must start with "jdbc"
	at org.springframework.beans.factory.support.SimpleInstantiationStrategy.lambda$instantiate$0(SimpleInstantiationStrategy.java:183)
	at org.springframework.beans.factory.support.SimpleInstantiationStrategy.instantiateWithFactoryMethod(SimpleInstantiationStrategy.java:72)
	at org.springframework.beans.factory.support.SimpleInstantiationStrategy.instantiate(SimpleInstantiationStrategy.java:152)
	at org.springframework.beans.factory.support.ConstructorResolver.instantiate(ConstructorResolver.java:653)
	... 37 more
Caused by: java.lang.IllegalArgumentException: 'url' must start with "jdbc"
	at org.springframework.util.Assert.isTrue(Assert.java:117)
	at org.springframework.boot.jdbc.DatabaseDriver.fromJdbcUrl(DatabaseDriver.java:314)
	at org.springframework.boot.jdbc.autoconfigure.DataSourceProperties.findDriverClassName(DataSourceProperties.java:193)
	at org.springframework.boot.jdbc.autoconfigure.DataSourceProperties.determineDriverClassName(DataSourceProperties.java:177)
	at org.springframework.boot.jdbc.autoconfigure.PropertiesJdbcConnectionDetails.getDriverClassName(PropertiesJdbcConnectionDetails.java:51)
	at org.springframework.boot.jdbc.autoconfigure.DataSourceConfiguration.createDataSource(DataSourceConfiguration.java:63)
	at org.springframework.boot.jdbc.autoconfigure.DataSourceConfiguration$Hikari.dataSource(DataSourceConfiguration.java:128)
	at java.base/jdk.internal.reflect.DirectMethodHandleAccessor.invoke(DirectMethodHandleAccessor.java:104)
	at java.base/java.lang.reflect.Method.invoke(Method.java:565)
	at org.springframework.beans.factory.support.SimpleInstantiationStrategy.lambda$instantiate$0(SimpleInstantiationStrategy.java:155)
	... 40 more
2026-03-28 10:41:19 [restartedMain] INFO  com.dipanshu.BookManagerApi.BookManagerApiApplication - Starting BookManagerApiApplication using Java 25.0.1 with PID 21104 (X:\BookManagerApiv2\target\classes started by Pc in X:\BookManagerApiv2)
2026-03-28 10:41:19 [restartedMain] DEBUG com.dipanshu.BookManagerApi.BookManagerApiApplication - Running with Spring Boot v4.0.3, Spring v7.0.5
2026-03-28 10:41:19 [restartedMain] INFO  com.dipanshu.BookManagerApi.BookManagerApiApplication - No active profile set, falling back to 1 default profile: "default"
2026-03-28 10:41:19 [restartedMain] INFO  org.springframework.data.repository.config.RepositoryConfigurationDelegate - Bootstrapping Spring Data JPA repositories in DEFAULT mode.
2026-03-28 10:41:19 [restartedMain] INFO  org.springframework.data.repository.config.RepositoryConfigurationDelegate - Finished Spring Data repository scanning in 14 ms. Found 4 JPA repository interfaces.
2026-03-28 10:41:19 [restartedMain] INFO  org.springframework.boot.tomcat.TomcatWebServer - Tomcat initialized with port 8080 (http)
2026-03-28 10:41:19 [restartedMain] INFO  org.apache.coyote.http11.Http11NioProtocol - Initializing ProtocolHandler ["http-nio-8080"]
2026-03-28 10:41:19 [restartedMain] INFO  org.apache.catalina.core.StandardService - Starting service [Tomcat]
2026-03-28 10:41:19 [restartedMain] INFO  org.apache.catalina.core.StandardEngine - Starting Servlet engine: [Apache Tomcat/11.0.18]
2026-03-28 10:41:19 [restartedMain] INFO  org.springframework.boot.web.context.servlet.WebApplicationContextInitializer - Root WebApplicationContext: initialization completed in 360 ms
2026-03-28 10:41:19 [restartedMain] ERROR org.springframework.boot.tomcat.servlet.DeferredServletContainerInitializers - Error starting Tomcat context. Exception: org.springframework.beans.factory.UnsatisfiedDependencyException. Message: Error creating bean with name 'jwtFilter' defined in file [X:\BookManagerApiv2\target\classes\com\dipanshu\BookManagerApi\security\JwtFilter.class]: Unsatisfied dependency expressed through constructor parameter 0: Error creating bean with name 'jwtUtil': Injection of autowired dependencies failed
2026-03-28 10:41:19 [restartedMain] INFO  org.apache.catalina.core.StandardService - Stopping service [Tomcat]
2026-03-28 10:41:19 [restartedMain] WARN  org.springframework.boot.web.server.servlet.context.AnnotationConfigServletWebServerApplicationContext - Exception encountered during context initialization - cancelling refresh attempt: org.springframework.context.ApplicationContextException: Unable to start web server
2026-03-28 10:41:19 [restartedMain] INFO  org.springframework.boot.autoconfigure.logging.ConditionEvaluationReportLogger - 

Error starting ApplicationContext. To display the condition evaluation report re-run your application with 'debug' enabled.
2026-03-28 10:41:19 [restartedMain] ERROR org.springframework.boot.SpringApplication - Application run failed
org.springframework.context.ApplicationContextException: Unable to start web server
	at org.springframework.boot.web.server.servlet.context.ServletWebServerApplicationContext.onRefresh(ServletWebServerApplicationContext.java:167)
	at org.springframework.context.support.AbstractApplicationContext.refresh(AbstractApplicationContext.java:615)
	at org.springframework.boot.web.server.servlet.context.ServletWebServerApplicationContext.refresh(ServletWebServerApplicationContext.java:143)
	at org.springframework.boot.SpringApplication.refresh(SpringApplication.java:756)
	at org.springframework.boot.SpringApplication.refreshContext(SpringApplication.java:445)
	at org.springframework.boot.SpringApplication.run(SpringApplication.java:321)
	at org.springframework.boot.SpringApplication.run(SpringApplication.java:1365)
	at org.springframework.boot.SpringApplication.run(SpringApplication.java:1354)
	at com.dipanshu.BookManagerApi.BookManagerApiApplication.main(BookManagerApiApplication.java:12)
	at java.base/jdk.internal.reflect.DirectMethodHandleAccessor.invoke(DirectMethodHandleAccessor.java:104)
	at java.base/java.lang.reflect.Method.invoke(Method.java:565)
	at org.springframework.boot.devtools.restart.RestartLauncher.run(RestartLauncher.java:52)
Caused by: org.springframework.boot.web.server.WebServerException: Unable to start embedded Tomcat
	at org.springframework.boot.tomcat.TomcatWebServer.initialize(TomcatWebServer.java:150)
	at org.springframework.boot.tomcat.TomcatWebServer.<init>(TomcatWebServer.java:110)
	at org.springframework.boot.tomcat.servlet.TomcatServletWebServerFactory.getTomcatWebServer(TomcatServletWebServerFactory.java:408)
	at org.springframework.boot.tomcat.servlet.TomcatServletWebServerFactory.getWebServer(TomcatServletWebServerFactory.java:166)
	at org.springframework.boot.web.server.servlet.context.ServletWebServerApplicationContext.createWebServer(ServletWebServerApplicationContext.java:190)
	at org.springframework.boot.web.server.servlet.context.ServletWebServerApplicationContext.onRefresh(ServletWebServerApplicationContext.java:164)
	... 11 more
Caused by: org.springframework.beans.factory.UnsatisfiedDependencyException: Error creating bean with name 'jwtFilter' defined in file [X:\BookManagerApiv2\target\classes\com\dipanshu\BookManagerApi\security\JwtFilter.class]: Unsatisfied dependency expressed through constructor parameter 0: Error creating bean with name 'jwtUtil': Injection of autowired dependencies failed
	at org.springframework.beans.factory.support.ConstructorResolver.createArgumentArray(ConstructorResolver.java:804)
	at org.springframework.beans.factory.support.ConstructorResolver.autowireConstructor(ConstructorResolver.java:240)
	at org.springframework.beans.factory.support.AbstractAutowireCapableBeanFactory.autowireConstructor(AbstractAutowireCapableBeanFactory.java:1382)
	at org.springframework.beans.factory.support.AbstractAutowireCapableBeanFactory.createBeanInstance(AbstractAutowireCapableBeanFactory.java:1221)
	at org.springframework.beans.factory.support.AbstractAutowireCapableBeanFactory.doCreateBean(AbstractAutowireCapableBeanFactory.java:565)
	at org.springframework.beans.factory.support.AbstractAutowireCapableBeanFactory.createBean(AbstractAutowireCapableBeanFactory.java:525)
	at org.springframework.beans.factory.support.AbstractBeanFactory.lambda$doGetBean$0(AbstractBeanFactory.java:333)
	at org.springframework.beans.factory.support.DefaultSingletonBeanRegistry.getSingleton(DefaultSingletonBeanRegistry.java:371)
	at org.springframework.beans.factory.support.AbstractBeanFactory.doGetBean(AbstractBeanFactory.java:331)
	at org.springframework.beans.factory.support.AbstractBeanFactory.getBean(AbstractBeanFactory.java:201)
	at org.springframework.boot.web.servlet.ServletContextInitializerBeans.getOrderedBeansOfType(ServletContextInitializerBeans.java:231)
	at org.springframework.boot.web.servlet.ServletContextInitializerBeans.addAsRegistrationBean(ServletContextInitializerBeans.java:185)
	at org.springframework.boot.web.servlet.ServletContextInitializerBeans.addAsRegistrationBean(ServletContextInitializerBeans.java:180)
	at org.springframework.boot.web.servlet.ServletContextInitializerBeans.addAdaptableBeans(ServletContextInitializerBeans.java:165)
	at org.springframework.boot.web.servlet.ServletContextInitializerBeans.<init>(ServletContextInitializerBeans.java:97)
	at org.springframework.boot.web.context.servlet.WebApplicationContextInitializer.initialize(WebApplicationContextInitializer.java:53)
	at org.springframework.boot.tomcat.servlet.DeferredServletContainerInitializers.onStartup(DeferredServletContainerInitializers.java:55)
	at org.apache.catalina.core.StandardContext.startInternal(StandardContext.java:4416)
	at org.apache.catalina.util.LifecycleBase.start(LifecycleBase.java:164)
	at org.apache.catalina.core.ContainerBase$StartChild.call(ContainerBase.java:1162)
	at org.apache.catalina.core.ContainerBase$StartChild.call(ContainerBase.java:1158)
	at java.base/java.util.concurrent.FutureTask.run(FutureTask.java:328)
	at org.apache.tomcat.util.threads.InlineExecutorService.execute(InlineExecutorService.java:81)
	at java.base/java.util.concurrent.AbstractExecutorService.submit(AbstractExecutorService.java:149)
	at org.apache.catalina.core.ContainerBase.startInternal(ContainerBase.java:714)
	at org.apache.catalina.core.StandardHost.startInternal(StandardHost.java:780)
	at org.apache.catalina.util.LifecycleBase.start(LifecycleBase.java:164)
	at org.apache.catalina.core.ContainerBase$StartChild.call(ContainerBase.java:1162)
	at org.apache.catalina.core.ContainerBase$StartChild.call(ContainerBase.java:1158)
	at java.base/java.util.concurrent.FutureTask.run(FutureTask.java:328)
	at org.apache.tomcat.util.threads.InlineExecutorService.execute(InlineExecutorService.java:81)
	at java.base/java.util.concurrent.AbstractExecutorService.submit(AbstractExecutorService.java:149)
	at org.apache.catalina.core.ContainerBase.startInternal(ContainerBase.java:714)
	at org.apache.catalina.core.StandardEngine.startInternal(StandardEngine.java:201)
	at org.apache.catalina.util.LifecycleBase.start(LifecycleBase.java:164)
	at org.apache.catalina.core.StandardService.startInternal(StandardService.java:410)
	at org.apache.catalina.util.LifecycleBase.start(LifecycleBase.java:164)
	at org.apache.catalina.core.StandardServer.startInternal(StandardServer.java:864)
	at org.apache.catalina.util.LifecycleBase.start(LifecycleBase.java:164)
	at org.apache.catalina.startup.Tomcat.start(Tomcat.java:435)
	at org.springframework.boot.tomcat.TomcatWebServer.initialize(TomcatWebServer.java:131)
	... 16 more
Caused by: org.springframework.beans.factory.BeanCreationException: Error creating bean with name 'jwtUtil': Injection of autowired dependencies failed
	at org.springframework.beans.factory.annotation.AutowiredAnnotationBeanPostProcessor.postProcessProperties(AutowiredAnnotationBeanPostProcessor.java:499)
	at org.springframework.beans.factory.support.AbstractAutowireCapableBeanFactory.populateBean(AbstractAutowireCapableBeanFactory.java:1446)
	at org.springframework.beans.factory.support.AbstractAutowireCapableBeanFactory.doCreateBean(AbstractAutowireCapableBeanFactory.java:602)
	at org.springframework.beans.factory.support.AbstractAutowireCapableBeanFactory.createBean(AbstractAutowireCapableBeanFactory.java:525)
	at org.springframework.beans.factory.support.AbstractBeanFactory.lambda$doGetBean$0(AbstractBeanFactory.java:333)
	at org.springframework.beans.factory.support.DefaultSingletonBeanRegistry.getSingleton(DefaultSingletonBeanRegistry.java:371)
	at org.springframework.beans.factory.support.AbstractBeanFactory.doGetBean(AbstractBeanFactory.java:331)
	at org.springframework.beans.factory.support.AbstractBeanFactory.getBean(AbstractBeanFactory.java:201)
	at org.springframework.beans.factory.support.DefaultListableBeanFactory.resolveBean(DefaultListableBeanFactory.java:1225)
	at org.springframework.beans.factory.support.DefaultListableBeanFactory.doResolveDependency(DefaultListableBeanFactory.java:1704)
	at org.springframework.beans.factory.support.DefaultListableBeanFactory.resolveDependency(DefaultListableBeanFactory.java:1651)
	at org.springframework.beans.factory.support.ConstructorResolver.resolveAutowiredArgument(ConstructorResolver.java:912)
	at org.springframework.beans.factory.support.ConstructorResolver.createArgumentArray(ConstructorResolver.java:791)
	... 56 more
Caused by: org.springframework.util.PlaceholderResolutionException: Could not resolve placeholder 'JWT_SECRET' in value "${JWT_SECRET}" <-- "${jwt.secret}"
	at org.springframework.util.PlaceholderResolutionException.withValue(PlaceholderResolutionException.java:81)
	at org.springframework.util.PlaceholderParser$ParsedValue.resolve(PlaceholderParser.java:296)
	at org.springframework.util.PlaceholderParser.replacePlaceholders(PlaceholderParser.java:129)
	at org.springframework.util.PropertyPlaceholderHelper.replacePlaceholders(PropertyPlaceholderHelper.java:96)
	at org.springframework.core.env.AbstractPropertyResolver.doResolvePlaceholders(AbstractPropertyResolver.java:286)
	at org.springframework.core.env.AbstractPropertyResolver.resolveRequiredPlaceholders(AbstractPropertyResolver.java:257)
	at org.springframework.context.support.PropertySourcesPlaceholderConfigurer.lambda$processProperties$0(PropertySourcesPlaceholderConfigurer.java:184)
	at org.springframework.beans.factory.support.AbstractBeanFactory.resolveEmbeddedValue(AbstractBeanFactory.java:959)
	at org.springframework.beans.factory.support.DefaultListableBeanFactory.doResolveDependency(DefaultListableBeanFactory.java:1672)
	at org.springframework.beans.factory.support.DefaultListableBeanFactory.resolveDependency(DefaultListableBeanFactory.java:1651)
	at org.springframework.beans.factory.annotation.AutowiredAnnotationBeanPostProcessor$AutowiredFieldElement.resolveFieldValue(AutowiredAnnotationBeanPostProcessor.java:764)
	at org.springframework.beans.factory.annotation.AutowiredAnnotationBeanPostProcessor$AutowiredFieldElement.inject(AutowiredAnnotationBeanPostProcessor.java:748)
	at org.springframework.beans.factory.annotation.InjectionMetadata.inject(InjectionMetadata.java:146)
	at org.springframework.beans.factory.annotation.AutowiredAnnotationBeanPostProcessor.postProcessProperties(AutowiredAnnotationBeanPostProcessor.java:493)
	... 68 more
2026-03-28 10:41:21 [main] INFO  org.springframework.test.context.support.AnnotationConfigContextLoaderUtils - Could not detect default configuration classes for test class [com.dipanshu.BookManagerApi.BookManagerApiApplicationTests]: BookManagerApiApplicationTests does not declare any static, non-private, non-final, nested classes annotated with @Configuration.
2026-03-28 10:41:21 [main] INFO  org.springframework.boot.test.context.SpringBootTestContextBootstrapper - Found @SpringBootConfiguration com.dipanshu.BookManagerApi.BookManagerApiApplication for test class com.dipanshu.BookManagerApi.BookManagerApiApplicationTests
2026-03-28 10:41:21 [main] INFO  org.springframework.boot.devtools.restart.RestartApplicationListener - Restart disabled due to context in which it is running
2026-03-28 10:41:21 [background-preinit] INFO  org.hibernate.validator.internal.util.Version - HV000001: Hibernate Validator 9.0.1.Final
2026-03-28 10:41:21 [main] INFO  com.dipanshu.BookManagerApi.BookManagerApiApplicationTests - Starting BookManagerApiApplicationTests using Java 25.0.1 with PID 2936 (started by Pc in X:\BookManagerApiv2)
2026-03-28 10:41:21 [main] DEBUG com.dipanshu.BookManagerApi.BookManagerApiApplicationTests - Running with Spring Boot v4.0.3, Spring v7.0.5
2026-03-28 10:41:21 [main] INFO  com.dipanshu.BookManagerApi.BookManagerApiApplicationTests - No active profile set, falling back to 1 default profile: "default"
2026-03-28 10:41:23 [main] INFO  org.springframework.data.repository.config.RepositoryConfigurationDelegate - Bootstrapping Spring Data JPA repositories in DEFAULT mode.
2026-03-28 10:41:23 [main] INFO  org.springframework.data.repository.config.RepositoryConfigurationDelegate - Finished Spring Data repository scanning in 94 ms. Found 4 JPA repository interfaces.
2026-03-28 10:41:23 [main] WARN  org.springframework.web.context.support.GenericWebApplicationContext - Exception encountered during context initialization - cancelling refresh attempt: org.springframework.beans.factory.BeanCreationException: Error creating bean with name 'entityManagerFactory' defined in class path resource [org/springframework/boot/hibernate/autoconfigure/HibernateJpaConfiguration.class]: Failed to initialize dependency 'dataSourceScriptDatabaseInitializer' of LoadTimeWeaverAware bean 'entityManagerFactory': Error creating bean with name 'dataSourceScriptDatabaseInitializer' defined in class path resource [org/springframework/boot/jdbc/autoconfigure/DataSourceInitializationAutoConfiguration.class]: Unsatisfied dependency expressed through method 'dataSourceScriptDatabaseInitializer' parameter 0: Error creating bean with name 'dataSource' defined in class path resource [org/springframework/boot/jdbc/autoconfigure/DataSourceConfiguration$Hikari.class]: Failed to instantiate [com.zaxxer.hikari.HikariDataSource]: Factory method 'dataSource' threw exception with message: 'url' must start with "jdbc"
2026-03-28 10:41:23 [main] INFO  org.springframework.boot.autoconfigure.logging.ConditionEvaluationReportLogger - 

Error starting ApplicationContext. To display the condition evaluation report re-run your application with 'debug' enabled.
2026-03-28 10:41:23 [main] ERROR org.springframework.boot.SpringApplication - Application run failed
org.springframework.beans.factory.BeanCreationException: Error creating bean with name 'entityManagerFactory' defined in class path resource [org/springframework/boot/hibernate/autoconfigure/HibernateJpaConfiguration.class]: Failed to initialize dependency 'dataSourceScriptDatabaseInitializer' of LoadTimeWeaverAware bean 'entityManagerFactory': Error creating bean with name 'dataSourceScriptDatabaseInitializer' defined in class path resource [org/springframework/boot/jdbc/autoconfigure/DataSourceInitializationAutoConfiguration.class]: Unsatisfied dependency expressed through method 'dataSourceScriptDatabaseInitializer' parameter 0: Error creating bean with name 'dataSource' defined in class path resource [org/springframework/boot/jdbc/autoconfigure/DataSourceConfiguration$Hikari.class]: Failed to instantiate [com.zaxxer.hikari.HikariDataSource]: Factory method 'dataSource' threw exception with message: 'url' must start with "jdbc"
	at org.springframework.beans.factory.support.AbstractBeanFactory.doGetBean(AbstractBeanFactory.java:322)
	at org.springframework.beans.factory.support.AbstractBeanFactory.getBean(AbstractBeanFactory.java:201)
	at org.springframework.context.support.AbstractApplicationContext.finishBeanFactoryInitialization(AbstractApplicationContext.java:977)
	at org.springframework.context.support.AbstractApplicationContext.refresh(AbstractApplicationContext.java:621)
	at org.springframework.boot.SpringApplication.refresh(SpringApplication.java:756)
	at org.springframework.boot.SpringApplication.refreshContext(SpringApplication.java:445)
	at org.springframework.boot.SpringApplication.run(SpringApplication.java:321)
	at org.springframework.boot.test.context.SpringBootContextLoader.lambda$loadContext$2(SpringBootContextLoader.java:156)
	at org.springframework.util.function.ThrowingSupplier.get(ThrowingSupplier.java:58)
	at org.springframework.util.function.ThrowingSupplier.get(ThrowingSupplier.java:46)
	at org.springframework.boot.SpringApplication.withHook(SpringApplication.java:1465)
	at org.springframework.boot.test.context.SpringBootContextLoader$ContextLoaderHook.run(SpringBootContextLoader.java:605)
	at org.springframework.boot.test.context.SpringBootContextLoader.loadContext(SpringBootContextLoader.java:156)
	at org.springframework.boot.test.context.SpringBootContextLoader.loadContext(SpringBootContextLoader.java:115)
	at org.springframework.test.context.cache.DefaultCacheAwareContextLoaderDelegate.loadContextInternal(DefaultCacheAwareContextLoaderDelegate.java:247)
	at org.springframework.test.context.cache.DefaultCacheAwareContextLoaderDelegate.lambda$loadContext$0(DefaultCacheAwareContextLoaderDelegate.java:167)
	at org.springframework.test.context.cache.DefaultContextCache.put(DefaultContextCache.java:214)
	at org.springframework.test.context.cache.DefaultCacheAwareContextLoaderDelegate.loadContext(DefaultCacheAwareContextLoaderDelegate.java:160)
	at org.springframework.test.context.support.DefaultTestContext.getApplicationContext(DefaultTestContext.java:128)
	at org.springframework.test.context.web.ServletTestExecutionListener.setUpRequestContextIfNecessary(ServletTestExecutionListener.java:200)
	at org.springframework.test.context.web.ServletTestExecutionListener.prepareTestInstance(ServletTestExecutionListener.java:139)
	at org.springframework.test.context.TestContextManager.prepareTestInstance(TestContextManager.java:260)
	at org.springframework.test.context.junit.jupiter.SpringExtension.postProcessTestInstance(SpringExtension.java:210)
	at org.junit.jupiter.engine.descriptor.ClassBasedTestDescriptor.lambda$invokeTestInstancePostProcessors$1(ClassBasedTestDescriptor.java:423)
	at org.junit.jupiter.engine.descriptor.ClassBasedTestDescriptor.executeAndMaskThrowable(ClassBasedTestDescriptor.java:428)
	at org.junit.jupiter.engine.descriptor.ClassBasedTestDescriptor.lambda$invokeTestInstancePostProcessors$0(ClassBasedTestDescriptor.java:422)
	at java.base/java.util.stream.ForEachOps$ForEachOp$OfRef.accept(ForEachOps.java:186)
	at java.base/java.util.stream.ReferencePipeline$3$1.accept(ReferencePipeline.java:214)
	at java.base/java.util.stream.ReferencePipeline$2$1.accept(ReferencePipeline.java:197)
	at java.base/java.util.stream.ReferencePipeline$3$1.accept(ReferencePipeline.java:214)
	at java.base/java.util.ArrayList$ArrayListSpliterator.forEachRemaining(ArrayList.java:1716)
	at java.base/java.util.stream.AbstractPipeline.copyInto(AbstractPipeline.java:570)
	at java.base/java.util.stream.AbstractPipeline.wrapAndCopyInto(AbstractPipeline.java:560)
	at java.base/java.util.stream.ForEachOps$ForEachOp.evaluateSequential(ForEachOps.java:153)
	at java.base/java.util.stream.ForEachOps$ForEachOp$OfRef.evaluateSequential(ForEachOps.java:176)
	at java.base/java.util.stream.AbstractPipeline.evaluate(AbstractPipeline.java:265)
	at java.base/java.util.stream.ReferencePipeline.forEach(ReferencePipeline.java:632)
	at org.junit.jupiter.engine.descriptor.ClassBasedTestDescriptor.invokeTestInstancePostProcessors(ClassBasedTestDescriptor.java:422)
	at org.junit.jupiter.engine.descriptor.ClassBasedTestDescriptor.lambda$instantiateAndPostProcessTestInstance$0(ClassBasedTestDescriptor.java:334)
	at org.junit.platform.engine.support.hierarchical.ThrowableCollector.execute(ThrowableCollector.java:74)
	at org.junit.jupiter.engine.descriptor.ClassBasedTestDescriptor.instantiateAndPostProcessTestInstance(ClassBasedTestDescriptor.java:333)
	at org.junit.jupiter.engine.descriptor.ClassBasedTestDescriptor.lambda$testInstancesProvider$1(ClassBasedTestDescriptor.java:322)
	at java.base/java.util.Optional.orElseGet(Optional.java:364)
	at org.junit.jupiter.engine.descriptor.ClassBasedTestDescriptor.lambda$testInstancesProvider$0(ClassBasedTestDescriptor.java:321)
	at org.junit.jupiter.engine.execution.TestInstancesProvider.getTestInstances(TestInstancesProvider.java:27)
	at org.junit.jupiter.engine.descriptor.TestMethodTestDescriptor.lambda$prepare$0(TestMethodTestDescriptor.java:127)
	at org.junit.platform.engine.support.hierarchical.ThrowableCollector.execute(ThrowableCollector.java:74)
	at org.junit.jupiter.engine.descriptor.TestMethodTestDescriptor.prepare(TestMethodTestDescriptor.java:126)
	at org.junit.jupiter.engine.descriptor.TestMethodTestDescriptor.prepare(TestMethodTestDescriptor.java:70)
	at org.junit.platform.engine.support.hierarchical.NodeTestTask.lambda$prepare$0(NodeTestTask.java:144)
	at org.junit.platform.engine.support.hierarchical.ThrowableCollector.execute(ThrowableCollector.java:74)
	at org.junit.platform.engine.support.hierarchical.NodeTestTask.prepare(NodeTestTask.java:144)
	at org.junit.platform.engine.support.hierarchical.NodeTestTask.execute(NodeTestTask.java:110)
	at java.base/java.util.ArrayList.forEach(ArrayList.java:1604)
	at org.junit.platform.engine.support.hierarchical.SameThreadHierarchicalTestExecutorService.invokeAll(SameThreadHierarchicalTestExecutorService.java:42)
	at org.junit.platform.engine.support.hierarchical.NodeTestTask.lambda$executeRecursively$2(NodeTestTask.java:180)
	at org.junit.platform.engine.support.hierarchical.ThrowableCollector.execute(ThrowableCollector.java:74)
	at org.junit.platform.engine.support.hierarchical.NodeTestTask.lambda$executeRecursively$1(NodeTestTask.java:166)
	at org.junit.platform.engine.support.hierarchical.Node.around(Node.java:138)
	at org.junit.platform.engine.support.hierarchical.NodeTestTask.lambda$executeRecursively$0(NodeTestTask.java:164)
	at org.junit.platform.engine.support.hierarchical.ThrowableCollector.execute(ThrowableCollector.java:74)
	at org.junit.platform.engine.support.hierarchical.NodeTestTask.executeRecursively(NodeTestTask.java:163)
	at org.junit.platform.engine.support.hierarchical.NodeTestTask.execute(NodeTestTask.java:116)
	at java.base/java.util.ArrayList.forEach(ArrayList.java:1604)
	at org.junit.platform.engine.support.hierarchical.SameThreadHierarchicalTestExecutorService.invokeAll(SameThreadHierarchicalTestExecutorService.java:42)
	at org.junit.platform.engine.support.hierarchical.NodeTestTask.lambda$executeRecursively$2(NodeTestTask.java:180)
	at org.junit.platform.engine.support.hierarchical.ThrowableCollector.execute(ThrowableCollector.java:74)
	at org.junit.platform.engine.support.hierarchical.NodeTestTask.lambda$executeRecursively$1(NodeTestTask.java:166)
	at org.junit.platform.engine.support.hierarchical.Node.around(Node.java:138)
	at org.junit.platform.engine.support.hierarchical.NodeTestTask.lambda$executeRecursively$0(NodeTestTask.java:164)
	at org.junit.platform.engine.support.hierarchical.ThrowableCollector.execute(ThrowableCollector.java:74)
	at org.junit.platform.engine.support.hierarchical.NodeTestTask.executeRecursively(NodeTestTask.java:163)
	at org.junit.platform.engine.support.hierarchical.NodeTestTask.execute(NodeTestTask.java:116)
	at org.junit.platform.engine.support.hierarchical.SameThreadHierarchicalTestExecutorService.submit(SameThreadHierarchicalTestExecutorService.java:36)
	at org.junit.platform.engine.support.hierarchical.HierarchicalTestExecutor.execute(HierarchicalTestExecutor.java:52)
	at org.junit.platform.engine.support.hierarchical.HierarchicalTestEngine.execute(HierarchicalTestEngine.java:58)
	at org.junit.platform.launcher.core.EngineExecutionOrchestrator.executeEngine(EngineExecutionOrchestrator.java:246)
	at org.junit.platform.launcher.core.EngineExecutionOrchestrator.failOrExecuteEngine(EngineExecutionOrchestrator.java:218)
	at org.junit.platform.launcher.core.EngineExecutionOrchestrator.execute(EngineExecutionOrchestrator.java:179)
	at org.junit.platform.launcher.core.EngineExecutionOrchestrator.execute(EngineExecutionOrchestrator.java:108)
	at org.junit.platform.launcher.core.EngineExecutionOrchestrator.lambda$execute$0(EngineExecutionOrchestrator.java:66)
	at org.junit.platform.launcher.core.EngineExecutionOrchestrator.withInterceptedStreams(EngineExecutionOrchestrator.java:157)
	at org.junit.platform.launcher.core.EngineExecutionOrchestrator.execute(EngineExecutionOrchestrator.java:65)
	at org.junit.platform.launcher.core.DefaultLauncher.execute(DefaultLauncher.java:125)
	at org.junit.platform.launcher.core.DefaultLauncher.execute(DefaultLauncher.java:114)
	at org.junit.platform.launcher.core.DelegatingLauncher.execute(DelegatingLauncher.java:58)
	at org.junit.platform.launcher.core.InterceptingLauncher.lambda$execute$2(InterceptingLauncher.java:57)
	at org.junit.platform.launcher.core.ClasspathAlignmentCheckingLauncherInterceptor.intercept(ClasspathAlignmentCheckingLauncherInterceptor.java:25)
	at org.junit.platform.launcher.core.InterceptingLauncher.execute(InterceptingLauncher.java:56)
	at org.junit.platform.launcher.core.DelegatingLauncher.execute(DelegatingLauncher.java:58)
	at java.base/jdk.internal.reflect.DirectMethodHandleAccessor.invoke(DirectMethodHandleAccessor.java:104)
	at java.base/java.lang.reflect.Method.invoke(Method.java:565)
	at org.apache.maven.surefire.api.util.ReflectionUtils.invokeMethodWithArray(ReflectionUtils.java:125)
	at org.apache.maven.surefire.junitplatform.LauncherAdapter.executeWithCancellationToken(LauncherAdapter.java:68)
	at org.apache.maven.surefire.junitplatform.LauncherAdapter.execute(LauncherAdapter.java:54)
	at org.apache.maven.surefire.junitplatform.JUnitPlatformProvider.execute(JUnitPlatformProvider.java:203)
	at org.apache.maven.surefire.junitplatform.JUnitPlatformProvider.invokeAllTests(JUnitPlatformProvider.java:168)
	at org.apache.maven.surefire.junitplatform.JUnitPlatformProvider.invoke(JUnitPlatformProvider.java:136)
	at org.apache.maven.surefire.booter.ForkedBooter.runSuitesInProcess(ForkedBooter.java:385)
	at org.apache.maven.surefire.booter.ForkedBooter.execute(ForkedBooter.java:162)
	at org.apache.maven.surefire.booter.ForkedBooter.run(ForkedBooter.java:507)
	at org.apache.maven.surefire.booter.ForkedBooter.main(ForkedBooter.java:495)
Caused by: org.springframework.beans.factory.UnsatisfiedDependencyException: Error creating bean with name 'dataSourceScriptDatabaseInitializer' defined in class path resource [org/springframework/boot/jdbc/autoconfigure/DataSourceInitializationAutoConfiguration.class]: Unsatisfied dependency expressed through method 'dataSourceScriptDatabaseInitializer' parameter 0: Error creating bean with name 'dataSource' defined in class path resource [org/springframework/boot/jdbc/autoconfigure/DataSourceConfiguration$Hikari.class]: Failed to instantiate [com.zaxxer.hikari.HikariDataSource]: Factory method 'dataSource' threw exception with message: 'url' must start with "jdbc"
	at org.springframework.beans.factory.support.ConstructorResolver.createArgumentArray(ConstructorResolver.java:804)
	at org.springframework.beans.factory.support.ConstructorResolver.instantiateUsingFactoryMethod(ConstructorResolver.java:546)
	at org.springframework.beans.factory.support.AbstractAutowireCapableBeanFactory.instantiateUsingFactoryMethod(AbstractAutowireCapableBeanFactory.java:1362)
	at org.springframework.beans.factory.support.AbstractAutowireCapableBeanFactory.createBeanInstance(AbstractAutowireCapableBeanFactory.java:1194)
	at org.springframework.beans.factory.support.AbstractAutowireCapableBeanFactory.doCreateBean(AbstractAutowireCapableBeanFactory.java:565)
	at org.springframework.beans.factory.support.AbstractAutowireCapableBeanFactory.createBean(AbstractAutowireCapableBeanFactory.java:525)
	at org.springframework.beans.factory.support.AbstractBeanFactory.lambda$doGetBean$0(AbstractBeanFactory.java:333)
	at org.springframework.beans.factory.support.DefaultSingletonBeanRegistry.getSingleton(DefaultSingletonBeanRegistry.java:371)
	at org.springframework.beans.factory.support.AbstractBeanFactory.doGetBean(AbstractBeanFactory.java:331)
	at org.springframework.beans.factory.support.AbstractBeanFactory.getBean(AbstractBeanFactory.java:196)
	at org.springframework.beans.factory.support.AbstractBeanFactory.doGetBean(AbstractBeanFactory.java:309)
	... 101 more
Caused by: org.springframework.beans.factory.BeanCreationException: Error creating bean with name 'dataSource' defined in class path resource [org/springframework/boot/jdbc/autoconfigure/DataSourceConfiguration$Hikari.class]: Failed to instantiate [com.zaxxer.hikari.HikariDataSource]: Factory method 'dataSource' threw exception with message: 'url' must start with "jdbc"
	at org.springframework.beans.factory.support.ConstructorResolver.instantiate(ConstructorResolver.java:657)
	at org.springframework.beans.factory.support.ConstructorResolver.instantiateUsingFactoryMethod(ConstructorResolver.java:645)
	at org.springframework.beans.factory.support.AbstractAutowireCapableBeanFactory.instantiateUsingFactoryMethod(AbstractAutowireCapableBeanFactory.java:1362)
	at org.springframework.beans.factory.support.AbstractAutowireCapableBeanFactory.createBeanInstance(AbstractAutowireCapableBeanFactory.java:1194)
	at org.springframework.beans.factory.support.AbstractAutowireCapableBeanFactory.doCreateBean(AbstractAutowireCapableBeanFactory.java:565)
	at org.springframework.beans.factory.support.AbstractAutowireCapableBeanFactory.createBean(AbstractAutowireCapableBeanFactory.java:525)
	at org.springframework.beans.factory.support.AbstractBeanFactory.lambda$doGetBean$0(AbstractBeanFactory.java:333)
	at org.springframework.beans.factory.support.DefaultSingletonBeanRegistry.getSingleton(DefaultSingletonBeanRegistry.java:371)
	at org.springframework.beans.factory.support.AbstractBeanFactory.doGetBean(AbstractBeanFactory.java:331)
	at org.springframework.beans.factory.support.AbstractBeanFactory.getBean(AbstractBeanFactory.java:201)
	at org.springframework.beans.factory.support.DefaultListableBeanFactory.resolveBean(DefaultListableBeanFactory.java:1225)
	at org.springframework.beans.factory.support.DefaultListableBeanFactory.doResolveDependency(DefaultListableBeanFactory.java:1704)
	at org.springframework.beans.factory.support.DefaultListableBeanFactory.resolveDependency(DefaultListableBeanFactory.java:1651)
	at org.springframework.beans.factory.support.ConstructorResolver.resolveAutowiredArgument(ConstructorResolver.java:912)
	at org.springframework.beans.factory.support.ConstructorResolver.createArgumentArray(ConstructorResolver.java:791)
	... 111 more
Caused by: org.springframework.beans.BeanInstantiationException: Failed to instantiate [com.zaxxer.hikari.HikariDataSource]: Factory method 'dataSource' threw exception with message: 'url' must start with "jdbc"
	at org.springframework.beans.factory.support.SimpleInstantiationStrategy.lambda$instantiate$0(SimpleInstantiationStrategy.java:183)
	at org.springframework.beans.factory.support.SimpleInstantiationStrategy.instantiateWithFactoryMethod(SimpleInstantiationStrategy.java:72)
	at org.springframework.beans.factory.support.SimpleInstantiationStrategy.instantiate(SimpleInstantiationStrategy.java:152)
	at org.springframework.beans.factory.support.ConstructorResolver.instantiate(ConstructorResolver.java:653)
	... 125 more
Caused by: java.lang.IllegalArgumentException: 'url' must start with "jdbc"
	at org.springframework.util.Assert.isTrue(Assert.java:117)
	at org.springframework.boot.jdbc.DatabaseDriver.fromJdbcUrl(DatabaseDriver.java:314)
	at org.springframework.boot.jdbc.autoconfigure.DataSourceProperties.findDriverClassName(DataSourceProperties.java:193)
	at org.springframework.boot.jdbc.autoconfigure.DataSourceProperties.determineDriverClassName(DataSourceProperties.java:177)
	at org.springframework.boot.jdbc.autoconfigure.PropertiesJdbcConnectionDetails.getDriverClassName(PropertiesJdbcConnectionDetails.java:51)
	at org.springframework.boot.jdbc.autoconfigure.DataSourceConfiguration.createDataSource(DataSourceConfiguration.java:63)
	at org.springframework.boot.jdbc.autoconfigure.DataSourceConfiguration$Hikari.dataSource(DataSourceConfiguration.java:128)
	at java.base/jdk.internal.reflect.DirectMethodHandleAccessor.invoke(DirectMethodHandleAccessor.java:104)
	at java.base/java.lang.reflect.Method.invoke(Method.java:565)
	at org.springframework.beans.factory.support.SimpleInstantiationStrategy.lambda$instantiate$0(SimpleInstantiationStrategy.java:155)
	... 128 more
2026-03-28 10:41:23 [main] WARN  org.springframework.test.context.TestContextManager - Caught exception while allowing TestExecutionListener [org.springframework.test.context.web.ServletTestExecutionListener] to prepare test instance [com.dipanshu.BookManagerApi.BookManagerApiApplicationTests@47fa3671]
java.lang.IllegalStateException: Failed to load ApplicationContext for [WebMergedContextConfiguration@6313b441 testClass = com.dipanshu.BookManagerApi.BookManagerApiApplicationTests, locations = [], classes = [com.dipanshu.BookManagerApi.BookManagerApiApplication], contextInitializerClasses = [], activeProfiles = [], propertySourceDescriptors = [], propertySourceProperties = ["org.springframework.boot.test.context.SpringBootTestContextBootstrapper=true"], contextCustomizers = [org.springframework.boot.test.context.PropertyMappingContextCustomizer@0, org.springframework.boot.test.context.filter.ExcludeFilterContextCustomizer@2228db21, org.springframework.boot.test.json.DuplicateJsonObjectContextCustomizerFactory$DuplicateJsonObjectContextCustomizer@7e0b9178, org.springframework.boot.test.autoconfigure.OnFailureConditionReportContextCustomizerFactory$OnFailureConditionReportContextCustomizer@408a247c, org.springframework.test.context.support.DynamicPropertiesContextCustomizer@0, org.springframework.boot.webmvc.test.autoconfigure.WebDriverContextCustomizer@294bdeb4, org.springframework.boot.web.server.context.SpringBootTestRandomPortContextCustomizer@77bb0ab5, org.springframework.boot.test.context.SpringBootTestAnnotation@e9e38531], resourceBasePath = "src/main/webapp", contextLoader = org.springframework.boot.test.context.SpringBootContextLoader, parent = null]
	at org.springframework.test.context.cache.DefaultCacheAwareContextLoaderDelegate.lambda$loadContext$0(DefaultCacheAwareContextLoaderDelegate.java:195)
	at org.springframework.test.context.cache.DefaultContextCache.put(DefaultContextCache.java:214)
	at org.springframework.test.context.cache.DefaultCacheAwareContextLoaderDelegate.loadContext(DefaultCacheAwareContextLoaderDelegate.java:160)
	at org.springframework.test.context.support.DefaultTestContext.getApplicationContext(DefaultTestContext.java:128)
	at org.springframework.test.context.web.ServletTestExecutionListener.setUpRequestContextIfNecessary(ServletTestExecutionListener.java:200)
	at org.springframework.test.context.web.ServletTestExecutionListener.prepareTestInstance(ServletTestExecutionListener.java:139)
	at org.springframework.test.context.TestContextManager.prepareTestInstance(TestContextManager.java:260)
	at org.springframework.test.context.junit.jupiter.SpringExtension.postProcessTestInstance(SpringExtension.java:210)
	at org.junit.jupiter.engine.descriptor.ClassBasedTestDescriptor.lambda$invokeTestInstancePostProcessors$1(ClassBasedTestDescriptor.java:423)
	at org.junit.jupiter.engine.descriptor.ClassBasedTestDescriptor.executeAndMaskThrowable(ClassBasedTestDescriptor.java:428)
	at org.junit.jupiter.engine.descriptor.ClassBasedTestDescriptor.lambda$invokeTestInstancePostProcessors$0(ClassBasedTestDescriptor.java:422)
	at java.base/java.util.stream.ForEachOps$ForEachOp$OfRef.accept(ForEachOps.java:186)
	at java.base/java.util.stream.ReferencePipeline$3$1.accept(ReferencePipeline.java:214)
	at java.base/java.util.stream.ReferencePipeline$2$1.accept(ReferencePipeline.java:197)
	at java.base/java.util.stream.ReferencePipeline$3$1.accept(ReferencePipeline.java:214)
	at java.base/java.util.ArrayList$ArrayListSpliterator.forEachRemaining(ArrayList.java:1716)
	at java.base/java.util.stream.AbstractPipeline.copyInto(AbstractPipeline.java:570)
	at java.base/java.util.stream.AbstractPipeline.wrapAndCopyInto(AbstractPipeline.java:560)
	at java.base/java.util.stream.ForEachOps$ForEachOp.evaluateSequential(ForEachOps.java:153)
	at java.base/java.util.stream.ForEachOps$ForEachOp$OfRef.evaluateSequential(ForEachOps.java:176)
	at java.base/java.util.stream.AbstractPipeline.evaluate(AbstractPipeline.java:265)
	at java.base/java.util.stream.ReferencePipeline.forEach(ReferencePipeline.java:632)
	at org.junit.jupiter.engine.descriptor.ClassBasedTestDescriptor.invokeTestInstancePostProcessors(ClassBasedTestDescriptor.java:422)
	at org.junit.jupiter.engine.descriptor.ClassBasedTestDescriptor.lambda$instantiateAndPostProcessTestInstance$0(ClassBasedTestDescriptor.java:334)
	at org.junit.platform.engine.support.hierarchical.ThrowableCollector.execute(ThrowableCollector.java:74)
	at org.junit.jupiter.engine.descriptor.ClassBasedTestDescriptor.instantiateAndPostProcessTestInstance(ClassBasedTestDescriptor.java:333)
	at org.junit.jupiter.engine.descriptor.ClassBasedTestDescriptor.lambda$testInstancesProvider$1(ClassBasedTestDescriptor.java:322)
	at java.base/java.util.Optional.orElseGet(Optional.java:364)
	at org.junit.jupiter.engine.descriptor.ClassBasedTestDescriptor.lambda$testInstancesProvider$0(ClassBasedTestDescriptor.java:321)
	at org.junit.jupiter.engine.execution.TestInstancesProvider.getTestInstances(TestInstancesProvider.java:27)
	at org.junit.jupiter.engine.descriptor.TestMethodTestDescriptor.lambda$prepare$0(TestMethodTestDescriptor.java:127)
	at org.junit.platform.engine.support.hierarchical.ThrowableCollector.execute(ThrowableCollector.java:74)
	at org.junit.jupiter.engine.descriptor.TestMethodTestDescriptor.prepare(TestMethodTestDescriptor.java:126)
	at org.junit.jupiter.engine.descriptor.TestMethodTestDescriptor.prepare(TestMethodTestDescriptor.java:70)
	at org.junit.platform.engine.support.hierarchical.NodeTestTask.lambda$prepare$0(NodeTestTask.java:144)
	at org.junit.platform.engine.support.hierarchical.ThrowableCollector.execute(ThrowableCollector.java:74)
	at org.junit.platform.engine.support.hierarchical.NodeTestTask.prepare(NodeTestTask.java:144)
	at org.junit.platform.engine.support.hierarchical.NodeTestTask.execute(NodeTestTask.java:110)
	at java.base/java.util.ArrayList.forEach(ArrayList.java:1604)
	at org.junit.platform.engine.support.hierarchical.SameThreadHierarchicalTestExecutorService.invokeAll(SameThreadHierarchicalTestExecutorService.java:42)
	at org.junit.platform.engine.support.hierarchical.NodeTestTask.lambda$executeRecursively$2(NodeTestTask.java:180)
	at org.junit.platform.engine.support.hierarchical.ThrowableCollector.execute(ThrowableCollector.java:74)
	at org.junit.platform.engine.support.hierarchical.NodeTestTask.lambda$executeRecursively$1(NodeTestTask.java:166)
	at org.junit.platform.engine.support.hierarchical.Node.around(Node.java:138)
	at org.junit.platform.engine.support.hierarchical.NodeTestTask.lambda$executeRecursively$0(NodeTestTask.java:164)
	at org.junit.platform.engine.support.hierarchical.ThrowableCollector.execute(ThrowableCollector.java:74)
	at org.junit.platform.engine.support.hierarchical.NodeTestTask.executeRecursively(NodeTestTask.java:163)
	at org.junit.platform.engine.support.hierarchical.NodeTestTask.execute(NodeTestTask.java:116)
	at java.base/java.util.ArrayList.forEach(ArrayList.java:1604)
	at org.junit.platform.engine.support.hierarchical.SameThreadHierarchicalTestExecutorService.invokeAll(SameThreadHierarchicalTestExecutorService.java:42)
	at org.junit.platform.engine.support.hierarchical.NodeTestTask.lambda$executeRecursively$2(NodeTestTask.java:180)
	at org.junit.platform.engine.support.hierarchical.ThrowableCollector.execute(ThrowableCollector.java:74)
	at org.junit.platform.engine.support.hierarchical.NodeTestTask.lambda$executeRecursively$1(NodeTestTask.java:166)
	at org.junit.platform.engine.support.hierarchical.Node.around(Node.java:138)
	at org.junit.platform.engine.support.hierarchical.NodeTestTask.lambda$executeRecursively$0(NodeTestTask.java:164)
	at org.junit.platform.engine.support.hierarchical.ThrowableCollector.execute(ThrowableCollector.java:74)
	at org.junit.platform.engine.support.hierarchical.NodeTestTask.executeRecursively(NodeTestTask.java:163)
	at org.junit.platform.engine.support.hierarchical.NodeTestTask.execute(NodeTestTask.java:116)
	at org.junit.platform.engine.support.hierarchical.SameThreadHierarchicalTestExecutorService.submit(SameThreadHierarchicalTestExecutorService.java:36)
	at org.junit.platform.engine.support.hierarchical.HierarchicalTestExecutor.execute(HierarchicalTestExecutor.java:52)
	at org.junit.platform.engine.support.hierarchical.HierarchicalTestEngine.execute(HierarchicalTestEngine.java:58)
	at org.junit.platform.launcher.core.EngineExecutionOrchestrator.executeEngine(EngineExecutionOrchestrator.java:246)
	at org.junit.platform.launcher.core.EngineExecutionOrchestrator.failOrExecuteEngine(EngineExecutionOrchestrator.java:218)
	at org.junit.platform.launcher.core.EngineExecutionOrchestrator.execute(EngineExecutionOrchestrator.java:179)
	at org.junit.platform.launcher.core.EngineExecutionOrchestrator.execute(EngineExecutionOrchestrator.java:108)
	at org.junit.platform.launcher.core.EngineExecutionOrchestrator.lambda$execute$0(EngineExecutionOrchestrator.java:66)
	at org.junit.platform.launcher.core.EngineExecutionOrchestrator.withInterceptedStreams(EngineExecutionOrchestrator.java:157)
	at org.junit.platform.launcher.core.EngineExecutionOrchestrator.execute(EngineExecutionOrchestrator.java:65)
	at org.junit.platform.launcher.core.DefaultLauncher.execute(DefaultLauncher.java:125)
	at org.junit.platform.launcher.core.DefaultLauncher.execute(DefaultLauncher.java:114)
	at org.junit.platform.launcher.core.DelegatingLauncher.execute(DelegatingLauncher.java:58)
	at org.junit.platform.launcher.core.InterceptingLauncher.lambda$execute$2(InterceptingLauncher.java:57)
	at org.junit.platform.launcher.core.ClasspathAlignmentCheckingLauncherInterceptor.intercept(ClasspathAlignmentCheckingLauncherInterceptor.java:25)
	at org.junit.platform.launcher.core.InterceptingLauncher.execute(InterceptingLauncher.java:56)
	at org.junit.platform.launcher.core.DelegatingLauncher.execute(DelegatingLauncher.java:58)
	at java.base/jdk.internal.reflect.DirectMethodHandleAccessor.invoke(DirectMethodHandleAccessor.java:104)
	at java.base/java.lang.reflect.Method.invoke(Method.java:565)
	at org.apache.maven.surefire.api.util.ReflectionUtils.invokeMethodWithArray(ReflectionUtils.java:125)
	at org.apache.maven.surefire.junitplatform.LauncherAdapter.executeWithCancellationToken(LauncherAdapter.java:68)
	at org.apache.maven.surefire.junitplatform.LauncherAdapter.execute(LauncherAdapter.java:54)
	at org.apache.maven.surefire.junitplatform.JUnitPlatformProvider.execute(JUnitPlatformProvider.java:203)
	at org.apache.maven.surefire.junitplatform.JUnitPlatformProvider.invokeAllTests(JUnitPlatformProvider.java:168)
	at org.apache.maven.surefire.junitplatform.JUnitPlatformProvider.invoke(JUnitPlatformProvider.java:136)
	at org.apache.maven.surefire.booter.ForkedBooter.runSuitesInProcess(ForkedBooter.java:385)
	at org.apache.maven.surefire.booter.ForkedBooter.execute(ForkedBooter.java:162)
	at org.apache.maven.surefire.booter.ForkedBooter.run(ForkedBooter.java:507)
	at org.apache.maven.surefire.booter.ForkedBooter.main(ForkedBooter.java:495)
Caused by: org.springframework.beans.factory.BeanCreationException: Error creating bean with name 'entityManagerFactory' defined in class path resource [org/springframework/boot/hibernate/autoconfigure/HibernateJpaConfiguration.class]: Failed to initialize dependency 'dataSourceScriptDatabaseInitializer' of LoadTimeWeaverAware bean 'entityManagerFactory': Error creating bean with name 'dataSourceScriptDatabaseInitializer' defined in class path resource [org/springframework/boot/jdbc/autoconfigure/DataSourceInitializationAutoConfiguration.class]: Unsatisfied dependency expressed through method 'dataSourceScriptDatabaseInitializer' parameter 0: Error creating bean with name 'dataSource' defined in class path resource [org/springframework/boot/jdbc/autoconfigure/DataSourceConfiguration$Hikari.class]: Failed to instantiate [com.zaxxer.hikari.HikariDataSource]: Factory method 'dataSource' threw exception with message: 'url' must start with "jdbc"
	at org.springframework.beans.factory.support.AbstractBeanFactory.doGetBean(AbstractBeanFactory.java:322)
	at org.springframework.beans.factory.support.AbstractBeanFactory.getBean(AbstractBeanFactory.java:201)
	at org.springframework.context.support.AbstractApplicationContext.finishBeanFactoryInitialization(AbstractApplicationContext.java:977)
	at org.springframework.context.support.AbstractApplicationContext.refresh(AbstractApplicationContext.java:621)
	at org.springframework.boot.SpringApplication.refresh(SpringApplication.java:756)
	at org.springframework.boot.SpringApplication.refreshContext(SpringApplication.java:445)
	at org.springframework.boot.SpringApplication.run(SpringApplication.java:321)
	at org.springframework.boot.test.context.SpringBootContextLoader.lambda$loadContext$2(SpringBootContextLoader.java:156)
	at org.springframework.util.function.ThrowingSupplier.get(ThrowingSupplier.java:58)
	at org.springframework.util.function.ThrowingSupplier.get(ThrowingSupplier.java:46)
	at org.springframework.boot.SpringApplication.withHook(SpringApplication.java:1465)
	at org.springframework.boot.test.context.SpringBootContextLoader$ContextLoaderHook.run(SpringBootContextLoader.java:605)
	at org.springframework.boot.test.context.SpringBootContextLoader.loadContext(SpringBootContextLoader.java:156)
	at org.springframework.boot.test.context.SpringBootContextLoader.loadContext(SpringBootContextLoader.java:115)
	at org.springframework.test.context.cache.DefaultCacheAwareContextLoaderDelegate.loadContextInternal(DefaultCacheAwareContextLoaderDelegate.java:247)
	at org.springframework.test.context.cache.DefaultCacheAwareContextLoaderDelegate.lambda$loadContext$0(DefaultCacheAwareContextLoaderDelegate.java:167)
	... 86 more
Caused by: org.springframework.beans.factory.UnsatisfiedDependencyException: Error creating bean with name 'dataSourceScriptDatabaseInitializer' defined in class path resource [org/springframework/boot/jdbc/autoconfigure/DataSourceInitializationAutoConfiguration.class]: Unsatisfied dependency expressed through method 'dataSourceScriptDatabaseInitializer' parameter 0: Error creating bean with name 'dataSource' defined in class path resource [org/springframework/boot/jdbc/autoconfigure/DataSourceConfiguration$Hikari.class]: Failed to instantiate [com.zaxxer.hikari.HikariDataSource]: Factory method 'dataSource' threw exception with message: 'url' must start with "jdbc"
	at org.springframework.beans.factory.support.ConstructorResolver.createArgumentArray(ConstructorResolver.java:804)
	at org.springframework.beans.factory.support.ConstructorResolver.instantiateUsingFactoryMethod(ConstructorResolver.java:546)
	at org.springframework.beans.factory.support.AbstractAutowireCapableBeanFactory.instantiateUsingFactoryMethod(AbstractAutowireCapableBeanFactory.java:1362)
	at org.springframework.beans.factory.support.AbstractAutowireCapableBeanFactory.createBeanInstance(AbstractAutowireCapableBeanFactory.java:1194)
	at org.springframework.beans.factory.support.AbstractAutowireCapableBeanFactory.doCreateBean(AbstractAutowireCapableBeanFactory.java:565)
	at org.springframework.beans.factory.support.AbstractAutowireCapableBeanFactory.createBean(AbstractAutowireCapableBeanFactory.java:525)
	at org.springframework.beans.factory.support.AbstractBeanFactory.lambda$doGetBean$0(AbstractBeanFactory.java:333)
	at org.springframework.beans.factory.support.DefaultSingletonBeanRegistry.getSingleton(DefaultSingletonBeanRegistry.java:371)
	at org.springframework.beans.factory.support.AbstractBeanFactory.doGetBean(AbstractBeanFactory.java:331)
	at org.springframework.beans.factory.support.AbstractBeanFactory.getBean(AbstractBeanFactory.java:196)
	at org.springframework.beans.factory.support.AbstractBeanFactory.doGetBean(AbstractBeanFactory.java:309)
	... 101 more
Caused by: org.springframework.beans.factory.BeanCreationException: Error creating bean with name 'dataSource' defined in class path resource [org/springframework/boot/jdbc/autoconfigure/DataSourceConfiguration$Hikari.class]: Failed to instantiate [com.zaxxer.hikari.HikariDataSource]: Factory method 'dataSource' threw exception with message: 'url' must start with "jdbc"
	at org.springframework.beans.factory.support.ConstructorResolver.instantiate(ConstructorResolver.java:657)
	at org.springframework.beans.factory.support.ConstructorResolver.instantiateUsingFactoryMethod(ConstructorResolver.java:645)
	at org.springframework.beans.factory.support.AbstractAutowireCapableBeanFactory.instantiateUsingFactoryMethod(AbstractAutowireCapableBeanFactory.java:1362)
	at org.springframework.beans.factory.support.AbstractAutowireCapableBeanFactory.createBeanInstance(AbstractAutowireCapableBeanFactory.java:1194)
	at org.springframework.beans.factory.support.AbstractAutowireCapableBeanFactory.doCreateBean(AbstractAutowireCapableBeanFactory.java:565)
	at org.springframework.beans.factory.support.AbstractAutowireCapableBeanFactory.createBean(AbstractAutowireCapableBeanFactory.java:525)
	at org.springframework.beans.factory.support.AbstractBeanFactory.lambda$doGetBean$0(AbstractBeanFactory.java:333)
	at org.springframework.beans.factory.support.DefaultSingletonBeanRegistry.getSingleton(DefaultSingletonBeanRegistry.java:371)
	at org.springframework.beans.factory.support.AbstractBeanFactory.doGetBean(AbstractBeanFactory.java:331)
	at org.springframework.beans.factory.support.AbstractBeanFactory.getBean(AbstractBeanFactory.java:201)
	at org.springframework.beans.factory.support.DefaultListableBeanFactory.resolveBean(DefaultListableBeanFactory.java:1225)
	at org.springframework.beans.factory.support.DefaultListableBeanFactory.doResolveDependency(DefaultListableBeanFactory.java:1704)
	at org.springframework.beans.factory.support.DefaultListableBeanFactory.resolveDependency(DefaultListableBeanFactory.java:1651)
	at org.springframework.beans.factory.support.ConstructorResolver.resolveAutowiredArgument(ConstructorResolver.java:912)
	at org.springframework.beans.factory.support.ConstructorResolver.createArgumentArray(ConstructorResolver.java:791)
	... 111 more
Caused by: org.springframework.beans.BeanInstantiationException: Failed to instantiate [com.zaxxer.hikari.HikariDataSource]: Factory method 'dataSource' threw exception with message: 'url' must start with "jdbc"
	at org.springframework.beans.factory.support.SimpleInstantiationStrategy.lambda$instantiate$0(SimpleInstantiationStrategy.java:183)
	at org.springframework.beans.factory.support.SimpleInstantiationStrategy.instantiateWithFactoryMethod(SimpleInstantiationStrategy.java:72)
	at org.springframework.beans.factory.support.SimpleInstantiationStrategy.instantiate(SimpleInstantiationStrategy.java:152)
	at org.springframework.beans.factory.support.ConstructorResolver.instantiate(ConstructorResolver.java:653)
	... 125 more
Caused by: java.lang.IllegalArgumentException: 'url' must start with "jdbc"
	at org.springframework.util.Assert.isTrue(Assert.java:117)
	at org.springframework.boot.jdbc.DatabaseDriver.fromJdbcUrl(DatabaseDriver.java:314)
	at org.springframework.boot.jdbc.autoconfigure.DataSourceProperties.findDriverClassName(DataSourceProperties.java:193)
	at org.springframework.boot.jdbc.autoconfigure.DataSourceProperties.determineDriverClassName(DataSourceProperties.java:177)
	at org.springframework.boot.jdbc.autoconfigure.PropertiesJdbcConnectionDetails.getDriverClassName(PropertiesJdbcConnectionDetails.java:51)
	at org.springframework.boot.jdbc.autoconfigure.DataSourceConfiguration.createDataSource(DataSourceConfiguration.java:63)
	at org.springframework.boot.jdbc.autoconfigure.DataSourceConfiguration$Hikari.dataSource(DataSourceConfiguration.java:128)
	at java.base/jdk.internal.reflect.DirectMethodHandleAccessor.invoke(DirectMethodHandleAccessor.java:104)
	at java.base/java.lang.reflect.Method.invoke(Method.java:565)
	at org.springframework.beans.factory.support.SimpleInstantiationStrategy.lambda$instantiate$0(SimpleInstantiationStrategy.java:155)
	... 128 more
2026-03-28 10:50:45 [main] INFO  org.springframework.test.context.support.AnnotationConfigContextLoaderUtils - Could not detect default configuration classes for test class [com.dipanshu.BookManagerApi.BookManagerApiApplicationTests]: BookManagerApiApplicationTests does not declare any static, non-private, non-final, nested classes annotated with @Configuration.
2026-03-28 10:50:45 [main] INFO  org.springframework.boot.test.context.SpringBootTestContextBootstrapper - Found @SpringBootConfiguration com.dipanshu.BookManagerApi.BookManagerApiApplication for test class com.dipanshu.BookManagerApi.BookManagerApiApplicationTests
2026-03-28 10:50:45 [main] INFO  org.springframework.boot.devtools.restart.RestartApplicationListener - Restart disabled due to context in which it is running
2026-03-28 10:50:45 [background-preinit] INFO  org.hibernate.validator.internal.util.Version - HV000001: Hibernate Validator 9.0.1.Final
2026-03-28 10:50:45 [main] INFO  com.dipanshu.BookManagerApi.BookManagerApiApplicationTests - Starting BookManagerApiApplicationTests using Java 25.0.1 with PID 24484 (started by Pc in X:\BookManagerApiv2)
2026-03-28 10:50:45 [main] DEBUG com.dipanshu.BookManagerApi.BookManagerApiApplicationTests - Running with Spring Boot v4.0.3, Spring v7.0.5
2026-03-28 10:50:45 [main] INFO  com.dipanshu.BookManagerApi.BookManagerApiApplicationTests - No active profile set, falling back to 1 default profile: "default"
2026-03-28 10:50:46 [main] INFO  org.springframework.data.repository.config.RepositoryConfigurationDelegate - Bootstrapping Spring Data JPA repositories in DEFAULT mode.
2026-03-28 10:50:46 [main] INFO  org.springframework.data.repository.config.RepositoryConfigurationDelegate - Finished Spring Data repository scanning in 50 ms. Found 4 JPA repository interfaces.
2026-03-28 10:50:46 [main] WARN  org.springframework.web.context.support.GenericWebApplicationContext - Exception encountered during context initialization - cancelling refresh attempt: org.springframework.beans.factory.BeanCreationException: Error creating bean with name 'entityManagerFactory' defined in class path resource [org/springframework/boot/hibernate/autoconfigure/HibernateJpaConfiguration.class]: Failed to initialize dependency 'dataSourceScriptDatabaseInitializer' of LoadTimeWeaverAware bean 'entityManagerFactory': Error creating bean with name 'dataSourceScriptDatabaseInitializer' defined in class path resource [org/springframework/boot/jdbc/autoconfigure/DataSourceInitializationAutoConfiguration.class]: Unsatisfied dependency expressed through method 'dataSourceScriptDatabaseInitializer' parameter 0: Error creating bean with name 'dataSource' defined in class path resource [org/springframework/boot/jdbc/autoconfigure/DataSourceConfiguration$Hikari.class]: Failed to instantiate [com.zaxxer.hikari.HikariDataSource]: Factory method 'dataSource' threw exception with message: 'url' must start with "jdbc"
2026-03-28 10:50:46 [main] INFO  org.springframework.boot.autoconfigure.logging.ConditionEvaluationReportLogger - 

Error starting ApplicationContext. To display the condition evaluation report re-run your application with 'debug' enabled.
2026-03-28 10:50:46 [main] ERROR org.springframework.boot.SpringApplication - Application run failed
org.springframework.beans.factory.BeanCreationException: Error creating bean with name 'entityManagerFactory' defined in class path resource [org/springframework/boot/hibernate/autoconfigure/HibernateJpaConfiguration.class]: Failed to initialize dependency 'dataSourceScriptDatabaseInitializer' of LoadTimeWeaverAware bean 'entityManagerFactory': Error creating bean with name 'dataSourceScriptDatabaseInitializer' defined in class path resource [org/springframework/boot/jdbc/autoconfigure/DataSourceInitializationAutoConfiguration.class]: Unsatisfied dependency expressed through method 'dataSourceScriptDatabaseInitializer' parameter 0: Error creating bean with name 'dataSource' defined in class path resource [org/springframework/boot/jdbc/autoconfigure/DataSourceConfiguration$Hikari.class]: Failed to instantiate [com.zaxxer.hikari.HikariDataSource]: Factory method 'dataSource' threw exception with message: 'url' must start with "jdbc"
	at org.springframework.beans.factory.support.AbstractBeanFactory.doGetBean(AbstractBeanFactory.java:322)
	at org.springframework.beans.factory.support.AbstractBeanFactory.getBean(AbstractBeanFactory.java:201)
	at org.springframework.context.support.AbstractApplicationContext.finishBeanFactoryInitialization(AbstractApplicationContext.java:977)
	at org.springframework.context.support.AbstractApplicationContext.refresh(AbstractApplicationContext.java:621)
	at org.springframework.boot.SpringApplication.refresh(SpringApplication.java:756)
	at org.springframework.boot.SpringApplication.refreshContext(SpringApplication.java:445)
	at org.springframework.boot.SpringApplication.run(SpringApplication.java:321)
	at org.springframework.boot.test.context.SpringBootContextLoader.lambda$loadContext$2(SpringBootContextLoader.java:156)
	at org.springframework.util.function.ThrowingSupplier.get(ThrowingSupplier.java:58)
	at org.springframework.util.function.ThrowingSupplier.get(ThrowingSupplier.java:46)
	at org.springframework.boot.SpringApplication.withHook(SpringApplication.java:1465)
	at org.springframework.boot.test.context.SpringBootContextLoader$ContextLoaderHook.run(SpringBootContextLoader.java:605)
	at org.springframework.boot.test.context.SpringBootContextLoader.loadContext(SpringBootContextLoader.java:156)
	at org.springframework.boot.test.context.SpringBootContextLoader.loadContext(SpringBootContextLoader.java:115)
	at org.springframework.test.context.cache.DefaultCacheAwareContextLoaderDelegate.loadContextInternal(DefaultCacheAwareContextLoaderDelegate.java:247)
	at org.springframework.test.context.cache.DefaultCacheAwareContextLoaderDelegate.lambda$loadContext$0(DefaultCacheAwareContextLoaderDelegate.java:167)
	at org.springframework.test.context.cache.DefaultContextCache.put(DefaultContextCache.java:214)
	at org.springframework.test.context.cache.DefaultCacheAwareContextLoaderDelegate.loadContext(DefaultCacheAwareContextLoaderDelegate.java:160)
	at org.springframework.test.context.support.DefaultTestContext.getApplicationContext(DefaultTestContext.java:128)
	at org.springframework.test.context.web.ServletTestExecutionListener.setUpRequestContextIfNecessary(ServletTestExecutionListener.java:200)
	at org.springframework.test.context.web.ServletTestExecutionListener.prepareTestInstance(ServletTestExecutionListener.java:139)
	at org.springframework.test.context.TestContextManager.prepareTestInstance(TestContextManager.java:260)
	at org.springframework.test.context.junit.jupiter.SpringExtension.postProcessTestInstance(SpringExtension.java:210)
	at org.junit.jupiter.engine.descriptor.ClassBasedTestDescriptor.lambda$invokeTestInstancePostProcessors$1(ClassBasedTestDescriptor.java:423)
	at org.junit.jupiter.engine.descriptor.ClassBasedTestDescriptor.executeAndMaskThrowable(ClassBasedTestDescriptor.java:428)
	at org.junit.jupiter.engine.descriptor.ClassBasedTestDescriptor.lambda$invokeTestInstancePostProcessors$0(ClassBasedTestDescriptor.java:422)
	at java.base/java.util.stream.ForEachOps$ForEachOp$OfRef.accept(ForEachOps.java:186)
	at java.base/java.util.stream.ReferencePipeline$3$1.accept(ReferencePipeline.java:214)
	at java.base/java.util.stream.ReferencePipeline$2$1.accept(ReferencePipeline.java:197)
	at java.base/java.util.stream.ReferencePipeline$3$1.accept(ReferencePipeline.java:214)
	at java.base/java.util.ArrayList$ArrayListSpliterator.forEachRemaining(ArrayList.java:1716)
	at java.base/java.util.stream.AbstractPipeline.copyInto(AbstractPipeline.java:570)
	at java.base/java.util.stream.AbstractPipeline.wrapAndCopyInto(AbstractPipeline.java:560)
	at java.base/java.util.stream.ForEachOps$ForEachOp.evaluateSequential(ForEachOps.java:153)
	at java.base/java.util.stream.ForEachOps$ForEachOp$OfRef.evaluateSequential(ForEachOps.java:176)
	at java.base/java.util.stream.AbstractPipeline.evaluate(AbstractPipeline.java:265)
	at java.base/java.util.stream.ReferencePipeline.forEach(ReferencePipeline.java:632)
	at org.junit.jupiter.engine.descriptor.ClassBasedTestDescriptor.invokeTestInstancePostProcessors(ClassBasedTestDescriptor.java:422)
	at org.junit.jupiter.engine.descriptor.ClassBasedTestDescriptor.lambda$instantiateAndPostProcessTestInstance$0(ClassBasedTestDescriptor.java:334)
	at org.junit.platform.engine.support.hierarchical.ThrowableCollector.execute(ThrowableCollector.java:74)
	at org.junit.jupiter.engine.descriptor.ClassBasedTestDescriptor.instantiateAndPostProcessTestInstance(ClassBasedTestDescriptor.java:333)
	at org.junit.jupiter.engine.descriptor.ClassBasedTestDescriptor.lambda$testInstancesProvider$1(ClassBasedTestDescriptor.java:322)
	at java.base/java.util.Optional.orElseGet(Optional.java:364)
	at org.junit.jupiter.engine.descriptor.ClassBasedTestDescriptor.lambda$testInstancesProvider$0(ClassBasedTestDescriptor.java:321)
	at org.junit.jupiter.engine.execution.TestInstancesProvider.getTestInstances(TestInstancesProvider.java:27)
	at org.junit.jupiter.engine.descriptor.TestMethodTestDescriptor.lambda$prepare$0(TestMethodTestDescriptor.java:127)
	at org.junit.platform.engine.support.hierarchical.ThrowableCollector.execute(ThrowableCollector.java:74)
	at org.junit.jupiter.engine.descriptor.TestMethodTestDescriptor.prepare(TestMethodTestDescriptor.java:126)
	at org.junit.jupiter.engine.descriptor.TestMethodTestDescriptor.prepare(TestMethodTestDescriptor.java:70)
	at org.junit.platform.engine.support.hierarchical.NodeTestTask.lambda$prepare$0(NodeTestTask.java:144)
	at org.junit.platform.engine.support.hierarchical.ThrowableCollector.execute(ThrowableCollector.java:74)
	at org.junit.platform.engine.support.hierarchical.NodeTestTask.prepare(NodeTestTask.java:144)
	at org.junit.platform.engine.support.hierarchical.NodeTestTask.execute(NodeTestTask.java:110)
	at java.base/java.util.ArrayList.forEach(ArrayList.java:1604)
	at org.junit.platform.engine.support.hierarchical.SameThreadHierarchicalTestExecutorService.invokeAll(SameThreadHierarchicalTestExecutorService.java:42)
	at org.junit.platform.engine.support.hierarchical.NodeTestTask.lambda$executeRecursively$2(NodeTestTask.java:180)
	at org.junit.platform.engine.support.hierarchical.ThrowableCollector.execute(ThrowableCollector.java:74)
	at org.junit.platform.engine.support.hierarchical.NodeTestTask.lambda$executeRecursively$1(NodeTestTask.java:166)
	at org.junit.platform.engine.support.hierarchical.Node.around(Node.java:138)
	at org.junit.platform.engine.support.hierarchical.NodeTestTask.lambda$executeRecursively$0(NodeTestTask.java:164)
	at org.junit.platform.engine.support.hierarchical.ThrowableCollector.execute(ThrowableCollector.java:74)
	at org.junit.platform.engine.support.hierarchical.NodeTestTask.executeRecursively(NodeTestTask.java:163)
	at org.junit.platform.engine.support.hierarchical.NodeTestTask.execute(NodeTestTask.java:116)
	at java.base/java.util.ArrayList.forEach(ArrayList.java:1604)
	at org.junit.platform.engine.support.hierarchical.SameThreadHierarchicalTestExecutorService.invokeAll(SameThreadHierarchicalTestExecutorService.java:42)
	at org.junit.platform.engine.support.hierarchical.NodeTestTask.lambda$executeRecursively$2(NodeTestTask.java:180)
	at org.junit.platform.engine.support.hierarchical.ThrowableCollector.execute(ThrowableCollector.java:74)
	at org.junit.platform.engine.support.hierarchical.NodeTestTask.lambda$executeRecursively$1(NodeTestTask.java:166)
	at org.junit.platform.engine.support.hierarchical.Node.around(Node.java:138)
	at org.junit.platform.engine.support.hierarchical.NodeTestTask.lambda$executeRecursively$0(NodeTestTask.java:164)
	at org.junit.platform.engine.support.hierarchical.ThrowableCollector.execute(ThrowableCollector.java:74)
	at org.junit.platform.engine.support.hierarchical.NodeTestTask.executeRecursively(NodeTestTask.java:163)
	at org.junit.platform.engine.support.hierarchical.NodeTestTask.execute(NodeTestTask.java:116)
	at org.junit.platform.engine.support.hierarchical.SameThreadHierarchicalTestExecutorService.submit(SameThreadHierarchicalTestExecutorService.java:36)
	at org.junit.platform.engine.support.hierarchical.HierarchicalTestExecutor.execute(HierarchicalTestExecutor.java:52)
	at org.junit.platform.engine.support.hierarchical.HierarchicalTestEngine.execute(HierarchicalTestEngine.java:58)
	at org.junit.platform.launcher.core.EngineExecutionOrchestrator.executeEngine(EngineExecutionOrchestrator.java:246)
	at org.junit.platform.launcher.core.EngineExecutionOrchestrator.failOrExecuteEngine(EngineExecutionOrchestrator.java:218)
	at org.junit.platform.launcher.core.EngineExecutionOrchestrator.execute(EngineExecutionOrchestrator.java:179)
	at org.junit.platform.launcher.core.EngineExecutionOrchestrator.execute(EngineExecutionOrchestrator.java:108)
	at org.junit.platform.launcher.core.EngineExecutionOrchestrator.lambda$execute$0(EngineExecutionOrchestrator.java:66)
	at org.junit.platform.launcher.core.EngineExecutionOrchestrator.withInterceptedStreams(EngineExecutionOrchestrator.java:157)
	at org.junit.platform.launcher.core.EngineExecutionOrchestrator.execute(EngineExecutionOrchestrator.java:65)
	at org.junit.platform.launcher.core.DefaultLauncher.execute(DefaultLauncher.java:125)
	at org.junit.platform.launcher.core.DefaultLauncher.execute(DefaultLauncher.java:114)
	at org.junit.platform.launcher.core.DelegatingLauncher.execute(DelegatingLauncher.java:58)
	at org.junit.platform.launcher.core.InterceptingLauncher.lambda$execute$2(InterceptingLauncher.java:57)
	at org.junit.platform.launcher.core.ClasspathAlignmentCheckingLauncherInterceptor.intercept(ClasspathAlignmentCheckingLauncherInterceptor.java:25)
	at org.junit.platform.launcher.core.InterceptingLauncher.execute(InterceptingLauncher.java:56)
	at org.junit.platform.launcher.core.DelegatingLauncher.execute(DelegatingLauncher.java:58)
	at java.base/jdk.internal.reflect.DirectMethodHandleAccessor.invoke(DirectMethodHandleAccessor.java:104)
	at java.base/java.lang.reflect.Method.invoke(Method.java:565)
	at org.apache.maven.surefire.api.util.ReflectionUtils.invokeMethodWithArray(ReflectionUtils.java:125)
	at org.apache.maven.surefire.junitplatform.LauncherAdapter.executeWithCancellationToken(LauncherAdapter.java:68)
	at org.apache.maven.surefire.junitplatform.LauncherAdapter.execute(LauncherAdapter.java:54)
	at org.apache.maven.surefire.junitplatform.JUnitPlatformProvider.execute(JUnitPlatformProvider.java:203)
	at org.apache.maven.surefire.junitplatform.JUnitPlatformProvider.invokeAllTests(JUnitPlatformProvider.java:168)
	at org.apache.maven.surefire.junitplatform.JUnitPlatformProvider.invoke(JUnitPlatformProvider.java:136)
	at org.apache.maven.surefire.booter.ForkedBooter.runSuitesInProcess(ForkedBooter.java:385)
	at org.apache.maven.surefire.booter.ForkedBooter.execute(ForkedBooter.java:162)
	at org.apache.maven.surefire.booter.ForkedBooter.run(ForkedBooter.java:507)
	at org.apache.maven.surefire.booter.ForkedBooter.main(ForkedBooter.java:495)
Caused by: org.springframework.beans.factory.UnsatisfiedDependencyException: Error creating bean with name 'dataSourceScriptDatabaseInitializer' defined in class path resource [org/springframework/boot/jdbc/autoconfigure/DataSourceInitializationAutoConfiguration.class]: Unsatisfied dependency expressed through method 'dataSourceScriptDatabaseInitializer' parameter 0: Error creating bean with name 'dataSource' defined in class path resource [org/springframework/boot/jdbc/autoconfigure/DataSourceConfiguration$Hikari.class]: Failed to instantiate [com.zaxxer.hikari.HikariDataSource]: Factory method 'dataSource' threw exception with message: 'url' must start with "jdbc"
	at org.springframework.beans.factory.support.ConstructorResolver.createArgumentArray(ConstructorResolver.java:804)
	at org.springframework.beans.factory.support.ConstructorResolver.instantiateUsingFactoryMethod(ConstructorResolver.java:546)
	at org.springframework.beans.factory.support.AbstractAutowireCapableBeanFactory.instantiateUsingFactoryMethod(AbstractAutowireCapableBeanFactory.java:1362)
	at org.springframework.beans.factory.support.AbstractAutowireCapableBeanFactory.createBeanInstance(AbstractAutowireCapableBeanFactory.java:1194)
	at org.springframework.beans.factory.support.AbstractAutowireCapableBeanFactory.doCreateBean(AbstractAutowireCapableBeanFactory.java:565)
	at org.springframework.beans.factory.support.AbstractAutowireCapableBeanFactory.createBean(AbstractAutowireCapableBeanFactory.java:525)
	at org.springframework.beans.factory.support.AbstractBeanFactory.lambda$doGetBean$0(AbstractBeanFactory.java:333)
	at org.springframework.beans.factory.support.DefaultSingletonBeanRegistry.getSingleton(DefaultSingletonBeanRegistry.java:371)
	at org.springframework.beans.factory.support.AbstractBeanFactory.doGetBean(AbstractBeanFactory.java:331)
	at org.springframework.beans.factory.support.AbstractBeanFactory.getBean(AbstractBeanFactory.java:196)
	at org.springframework.beans.factory.support.AbstractBeanFactory.doGetBean(AbstractBeanFactory.java:309)
	... 101 more
Caused by: org.springframework.beans.factory.BeanCreationException: Error creating bean with name 'dataSource' defined in class path resource [org/springframework/boot/jdbc/autoconfigure/DataSourceConfiguration$Hikari.class]: Failed to instantiate [com.zaxxer.hikari.HikariDataSource]: Factory method 'dataSource' threw exception with message: 'url' must start with "jdbc"
	at org.springframework.beans.factory.support.ConstructorResolver.instantiate(ConstructorResolver.java:657)
	at org.springframework.beans.factory.support.ConstructorResolver.instantiateUsingFactoryMethod(ConstructorResolver.java:645)
	at org.springframework.beans.factory.support.AbstractAutowireCapableBeanFactory.instantiateUsingFactoryMethod(AbstractAutowireCapableBeanFactory.java:1362)
	at org.springframework.beans.factory.support.AbstractAutowireCapableBeanFactory.createBeanInstance(AbstractAutowireCapableBeanFactory.java:1194)
	at org.springframework.beans.factory.support.AbstractAutowireCapableBeanFactory.doCreateBean(AbstractAutowireCapableBeanFactory.java:565)
	at org.springframework.beans.factory.support.AbstractAutowireCapableBeanFactory.createBean(AbstractAutowireCapableBeanFactory.java:525)
	at org.springframework.beans.factory.support.AbstractBeanFactory.lambda$doGetBean$0(AbstractBeanFactory.java:333)
	at org.springframework.beans.factory.support.DefaultSingletonBeanRegistry.getSingleton(DefaultSingletonBeanRegistry.java:371)
	at org.springframework.beans.factory.support.AbstractBeanFactory.doGetBean(AbstractBeanFactory.java:331)
	at org.springframework.beans.factory.support.AbstractBeanFactory.getBean(AbstractBeanFactory.java:201)
	at org.springframework.beans.factory.support.DefaultListableBeanFactory.resolveBean(DefaultListableBeanFactory.java:1225)
	at org.springframework.beans.factory.support.DefaultListableBeanFactory.doResolveDependency(DefaultListableBeanFactory.java:1704)
	at org.springframework.beans.factory.support.DefaultListableBeanFactory.resolveDependency(DefaultListableBeanFactory.java:1651)
	at org.springframework.beans.factory.support.ConstructorResolver.resolveAutowiredArgument(ConstructorResolver.java:912)
	at org.springframework.beans.factory.support.ConstructorResolver.createArgumentArray(ConstructorResolver.java:791)
	... 111 more
Caused by: org.springframework.beans.BeanInstantiationException: Failed to instantiate [com.zaxxer.hikari.HikariDataSource]: Factory method 'dataSource' threw exception with message: 'url' must start with "jdbc"
	at org.springframework.beans.factory.support.SimpleInstantiationStrategy.lambda$instantiate$0(SimpleInstantiationStrategy.java:183)
	at org.springframework.beans.factory.support.SimpleInstantiationStrategy.instantiateWithFactoryMethod(SimpleInstantiationStrategy.java:72)
	at org.springframework.beans.factory.support.SimpleInstantiationStrategy.instantiate(SimpleInstantiationStrategy.java:152)
	at org.springframework.beans.factory.support.ConstructorResolver.instantiate(ConstructorResolver.java:653)
	... 125 more
Caused by: java.lang.IllegalArgumentException: 'url' must start with "jdbc"
	at org.springframework.util.Assert.isTrue(Assert.java:117)
	at org.springframework.boot.jdbc.DatabaseDriver.fromJdbcUrl(DatabaseDriver.java:314)
	at org.springframework.boot.jdbc.autoconfigure.DataSourceProperties.findDriverClassName(DataSourceProperties.java:193)
	at org.springframework.boot.jdbc.autoconfigure.DataSourceProperties.determineDriverClassName(DataSourceProperties.java:177)
	at org.springframework.boot.jdbc.autoconfigure.PropertiesJdbcConnectionDetails.getDriverClassName(PropertiesJdbcConnectionDetails.java:51)
	at org.springframework.boot.jdbc.autoconfigure.DataSourceConfiguration.createDataSource(DataSourceConfiguration.java:63)
	at org.springframework.boot.jdbc.autoconfigure.DataSourceConfiguration$Hikari.dataSource(DataSourceConfiguration.java:128)
	at java.base/jdk.internal.reflect.DirectMethodHandleAccessor.invoke(DirectMethodHandleAccessor.java:104)
	at java.base/java.lang.reflect.Method.invoke(Method.java:565)
	at org.springframework.beans.factory.support.SimpleInstantiationStrategy.lambda$instantiate$0(SimpleInstantiationStrategy.java:155)
	... 128 more
2026-03-28 10:50:46 [main] WARN  org.springframework.test.context.TestContextManager - Caught exception while allowing TestExecutionListener [org.springframework.test.context.web.ServletTestExecutionListener] to prepare test instance [com.dipanshu.BookManagerApi.BookManagerApiApplicationTests@23bd047f]
java.lang.IllegalStateException: Failed to load ApplicationContext for [WebMergedContextConfiguration@5df2023c testClass = com.dipanshu.BookManagerApi.BookManagerApiApplicationTests, locations = [], classes = [com.dipanshu.BookManagerApi.BookManagerApiApplication], contextInitializerClasses = [], activeProfiles = [], propertySourceDescriptors = [], propertySourceProperties = ["org.springframework.boot.test.context.SpringBootTestContextBootstrapper=true"], contextCustomizers = [org.springframework.boot.test.context.PropertyMappingContextCustomizer@0, org.springframework.boot.test.context.filter.ExcludeFilterContextCustomizer@2228db21, org.springframework.boot.test.json.DuplicateJsonObjectContextCustomizerFactory$DuplicateJsonObjectContextCustomizer@7e0b9178, org.springframework.boot.test.autoconfigure.OnFailureConditionReportContextCustomizerFactory$OnFailureConditionReportContextCustomizer@408a247c, org.springframework.test.context.support.DynamicPropertiesContextCustomizer@0, org.springframework.boot.webmvc.test.autoconfigure.WebDriverContextCustomizer@294bdeb4, org.springframework.boot.web.server.context.SpringBootTestRandomPortContextCustomizer@77bb0ab5, org.springframework.boot.test.context.SpringBootTestAnnotation@e9e38531], resourceBasePath = "src/main/webapp", contextLoader = org.springframework.boot.test.context.SpringBootContextLoader, parent = null]
	at org.springframework.test.context.cache.DefaultCacheAwareContextLoaderDelegate.lambda$loadContext$0(DefaultCacheAwareContextLoaderDelegate.java:195)
	at org.springframework.test.context.cache.DefaultContextCache.put(DefaultContextCache.java:214)
	at org.springframework.test.context.cache.DefaultCacheAwareContextLoaderDelegate.loadContext(DefaultCacheAwareContextLoaderDelegate.java:160)
	at org.springframework.test.context.support.DefaultTestContext.getApplicationContext(DefaultTestContext.java:128)
	at org.springframework.test.context.web.ServletTestExecutionListener.setUpRequestContextIfNecessary(ServletTestExecutionListener.java:200)
	at org.springframework.test.context.web.ServletTestExecutionListener.prepareTestInstance(ServletTestExecutionListener.java:139)
	at org.springframework.test.context.TestContextManager.prepareTestInstance(TestContextManager.java:260)
	at org.springframework.test.context.junit.jupiter.SpringExtension.postProcessTestInstance(SpringExtension.java:210)
	at org.junit.jupiter.engine.descriptor.ClassBasedTestDescriptor.lambda$invokeTestInstancePostProcessors$1(ClassBasedTestDescriptor.java:423)
	at org.junit.jupiter.engine.descriptor.ClassBasedTestDescriptor.executeAndMaskThrowable(ClassBasedTestDescriptor.java:428)
	at org.junit.jupiter.engine.descriptor.ClassBasedTestDescriptor.lambda$invokeTestInstancePostProcessors$0(ClassBasedTestDescriptor.java:422)
	at java.base/java.util.stream.ForEachOps$ForEachOp$OfRef.accept(ForEachOps.java:186)
	at java.base/java.util.stream.ReferencePipeline$3$1.accept(ReferencePipeline.java:214)
	at java.base/java.util.stream.ReferencePipeline$2$1.accept(ReferencePipeline.java:197)
	at java.base/java.util.stream.ReferencePipeline$3$1.accept(ReferencePipeline.java:214)
	at java.base/java.util.ArrayList$ArrayListSpliterator.forEachRemaining(ArrayList.java:1716)
	at java.base/java.util.stream.AbstractPipeline.copyInto(AbstractPipeline.java:570)
	at java.base/java.util.stream.AbstractPipeline.wrapAndCopyInto(AbstractPipeline.java:560)
	at java.base/java.util.stream.ForEachOps$ForEachOp.evaluateSequential(ForEachOps.java:153)
	at java.base/java.util.stream.ForEachOps$ForEachOp$OfRef.evaluateSequential(ForEachOps.java:176)
	at java.base/java.util.stream.AbstractPipeline.evaluate(AbstractPipeline.java:265)
	at java.base/java.util.stream.ReferencePipeline.forEach(ReferencePipeline.java:632)
	at org.junit.jupiter.engine.descriptor.ClassBasedTestDescriptor.invokeTestInstancePostProcessors(ClassBasedTestDescriptor.java:422)
	at org.junit.jupiter.engine.descriptor.ClassBasedTestDescriptor.lambda$instantiateAndPostProcessTestInstance$0(ClassBasedTestDescriptor.java:334)
	at org.junit.platform.engine.support.hierarchical.ThrowableCollector.execute(ThrowableCollector.java:74)
	at org.junit.jupiter.engine.descriptor.ClassBasedTestDescriptor.instantiateAndPostProcessTestInstance(ClassBasedTestDescriptor.java:333)
	at org.junit.jupiter.engine.descriptor.ClassBasedTestDescriptor.lambda$testInstancesProvider$1(ClassBasedTestDescriptor.java:322)
	at java.base/java.util.Optional.orElseGet(Optional.java:364)
	at org.junit.jupiter.engine.descriptor.ClassBasedTestDescriptor.lambda$testInstancesProvider$0(ClassBasedTestDescriptor.java:321)
	at org.junit.jupiter.engine.execution.TestInstancesProvider.getTestInstances(TestInstancesProvider.java:27)
	at org.junit.jupiter.engine.descriptor.TestMethodTestDescriptor.lambda$prepare$0(TestMethodTestDescriptor.java:127)
	at org.junit.platform.engine.support.hierarchical.ThrowableCollector.execute(ThrowableCollector.java:74)
	at org.junit.jupiter.engine.descriptor.TestMethodTestDescriptor.prepare(TestMethodTestDescriptor.java:126)
	at org.junit.jupiter.engine.descriptor.TestMethodTestDescriptor.prepare(TestMethodTestDescriptor.java:70)
	at org.junit.platform.engine.support.hierarchical.NodeTestTask.lambda$prepare$0(NodeTestTask.java:144)
	at org.junit.platform.engine.support.hierarchical.ThrowableCollector.execute(ThrowableCollector.java:74)
	at org.junit.platform.engine.support.hierarchical.NodeTestTask.prepare(NodeTestTask.java:144)
	at org.junit.platform.engine.support.hierarchical.NodeTestTask.execute(NodeTestTask.java:110)
	at java.base/java.util.ArrayList.forEach(ArrayList.java:1604)
	at org.junit.platform.engine.support.hierarchical.SameThreadHierarchicalTestExecutorService.invokeAll(SameThreadHierarchicalTestExecutorService.java:42)
	at org.junit.platform.engine.support.hierarchical.NodeTestTask.lambda$executeRecursively$2(NodeTestTask.java:180)
	at org.junit.platform.engine.support.hierarchical.ThrowableCollector.execute(ThrowableCollector.java:74)
	at org.junit.platform.engine.support.hierarchical.NodeTestTask.lambda$executeRecursively$1(NodeTestTask.java:166)
	at org.junit.platform.engine.support.hierarchical.Node.around(Node.java:138)
	at org.junit.platform.engine.support.hierarchical.NodeTestTask.lambda$executeRecursively$0(NodeTestTask.java:164)
	at org.junit.platform.engine.support.hierarchical.ThrowableCollector.execute(ThrowableCollector.java:74)
	at org.junit.platform.engine.support.hierarchical.NodeTestTask.executeRecursively(NodeTestTask.java:163)
	at org.junit.platform.engine.support.hierarchical.NodeTestTask.execute(NodeTestTask.java:116)
	at java.base/java.util.ArrayList.forEach(ArrayList.java:1604)
	at org.junit.platform.engine.support.hierarchical.SameThreadHierarchicalTestExecutorService.invokeAll(SameThreadHierarchicalTestExecutorService.java:42)
	at org.junit.platform.engine.support.hierarchical.NodeTestTask.lambda$executeRecursively$2(NodeTestTask.java:180)
	at org.junit.platform.engine.support.hierarchical.ThrowableCollector.execute(ThrowableCollector.java:74)
	at org.junit.platform.engine.support.hierarchical.NodeTestTask.lambda$executeRecursively$1(NodeTestTask.java:166)
	at org.junit.platform.engine.support.hierarchical.Node.around(Node.java:138)
	at org.junit.platform.engine.support.hierarchical.NodeTestTask.lambda$executeRecursively$0(NodeTestTask.java:164)
	at org.junit.platform.engine.support.hierarchical.ThrowableCollector.execute(ThrowableCollector.java:74)
	at org.junit.platform.engine.support.hierarchical.NodeTestTask.executeRecursively(NodeTestTask.java:163)
	at org.junit.platform.engine.support.hierarchical.NodeTestTask.execute(NodeTestTask.java:116)
	at org.junit.platform.engine.support.hierarchical.SameThreadHierarchicalTestExecutorService.submit(SameThreadHierarchicalTestExecutorService.java:36)
	at org.junit.platform.engine.support.hierarchical.HierarchicalTestExecutor.execute(HierarchicalTestExecutor.java:52)
	at org.junit.platform.engine.support.hierarchical.HierarchicalTestEngine.execute(HierarchicalTestEngine.java:58)
	at org.junit.platform.launcher.core.EngineExecutionOrchestrator.executeEngine(EngineExecutionOrchestrator.java:246)
	at org.junit.platform.launcher.core.EngineExecutionOrchestrator.failOrExecuteEngine(EngineExecutionOrchestrator.java:218)
	at org.junit.platform.launcher.core.EngineExecutionOrchestrator.execute(EngineExecutionOrchestrator.java:179)
	at org.junit.platform.launcher.core.EngineExecutionOrchestrator.execute(EngineExecutionOrchestrator.java:108)
	at org.junit.platform.launcher.core.EngineExecutionOrchestrator.lambda$execute$0(EngineExecutionOrchestrator.java:66)
	at org.junit.platform.launcher.core.EngineExecutionOrchestrator.withInterceptedStreams(EngineExecutionOrchestrator.java:157)
	at org.junit.platform.launcher.core.EngineExecutionOrchestrator.execute(EngineExecutionOrchestrator.java:65)
	at org.junit.platform.launcher.core.DefaultLauncher.execute(DefaultLauncher.java:125)
	at org.junit.platform.launcher.core.DefaultLauncher.execute(DefaultLauncher.java:114)
	at org.junit.platform.launcher.core.DelegatingLauncher.execute(DelegatingLauncher.java:58)
	at org.junit.platform.launcher.core.InterceptingLauncher.lambda$execute$2(InterceptingLauncher.java:57)
	at org.junit.platform.launcher.core.ClasspathAlignmentCheckingLauncherInterceptor.intercept(ClasspathAlignmentCheckingLauncherInterceptor.java:25)
	at org.junit.platform.launcher.core.InterceptingLauncher.execute(InterceptingLauncher.java:56)
	at org.junit.platform.launcher.core.DelegatingLauncher.execute(DelegatingLauncher.java:58)
	at java.base/jdk.internal.reflect.DirectMethodHandleAccessor.invoke(DirectMethodHandleAccessor.java:104)
	at java.base/java.lang.reflect.Method.invoke(Method.java:565)
	at org.apache.maven.surefire.api.util.ReflectionUtils.invokeMethodWithArray(ReflectionUtils.java:125)
	at org.apache.maven.surefire.junitplatform.LauncherAdapter.executeWithCancellationToken(LauncherAdapter.java:68)
	at org.apache.maven.surefire.junitplatform.LauncherAdapter.execute(LauncherAdapter.java:54)
	at org.apache.maven.surefire.junitplatform.JUnitPlatformProvider.execute(JUnitPlatformProvider.java:203)
	at org.apache.maven.surefire.junitplatform.JUnitPlatformProvider.invokeAllTests(JUnitPlatformProvider.java:168)
	at org.apache.maven.surefire.junitplatform.JUnitPlatformProvider.invoke(JUnitPlatformProvider.java:136)
	at org.apache.maven.surefire.booter.ForkedBooter.runSuitesInProcess(ForkedBooter.java:385)
	at org.apache.maven.surefire.booter.ForkedBooter.execute(ForkedBooter.java:162)
	at org.apache.maven.surefire.booter.ForkedBooter.run(ForkedBooter.java:507)
	at org.apache.maven.surefire.booter.ForkedBooter.main(ForkedBooter.java:495)
Caused by: org.springframework.beans.factory.BeanCreationException: Error creating bean with name 'entityManagerFactory' defined in class path resource [org/springframework/boot/hibernate/autoconfigure/HibernateJpaConfiguration.class]: Failed to initialize dependency 'dataSourceScriptDatabaseInitializer' of LoadTimeWeaverAware bean 'entityManagerFactory': Error creating bean with name 'dataSourceScriptDatabaseInitializer' defined in class path resource [org/springframework/boot/jdbc/autoconfigure/DataSourceInitializationAutoConfiguration.class]: Unsatisfied dependency expressed through method 'dataSourceScriptDatabaseInitializer' parameter 0: Error creating bean with name 'dataSource' defined in class path resource [org/springframework/boot/jdbc/autoconfigure/DataSourceConfiguration$Hikari.class]: Failed to instantiate [com.zaxxer.hikari.HikariDataSource]: Factory method 'dataSource' threw exception with message: 'url' must start with "jdbc"
	at org.springframework.beans.factory.support.AbstractBeanFactory.doGetBean(AbstractBeanFactory.java:322)
	at org.springframework.beans.factory.support.AbstractBeanFactory.getBean(AbstractBeanFactory.java:201)
	at org.springframework.context.support.AbstractApplicationContext.finishBeanFactoryInitialization(AbstractApplicationContext.java:977)
	at org.springframework.context.support.AbstractApplicationContext.refresh(AbstractApplicationContext.java:621)
	at org.springframework.boot.SpringApplication.refresh(SpringApplication.java:756)
	at org.springframework.boot.SpringApplication.refreshContext(SpringApplication.java:445)
	at org.springframework.boot.SpringApplication.run(SpringApplication.java:321)
	at org.springframework.boot.test.context.SpringBootContextLoader.lambda$loadContext$2(SpringBootContextLoader.java:156)
	at org.springframework.util.function.ThrowingSupplier.get(ThrowingSupplier.java:58)
	at org.springframework.util.function.ThrowingSupplier.get(ThrowingSupplier.java:46)
	at org.springframework.boot.SpringApplication.withHook(SpringApplication.java:1465)
	at org.springframework.boot.test.context.SpringBootContextLoader$ContextLoaderHook.run(SpringBootContextLoader.java:605)
	at org.springframework.boot.test.context.SpringBootContextLoader.loadContext(SpringBootContextLoader.java:156)
	at org.springframework.boot.test.context.SpringBootContextLoader.loadContext(SpringBootContextLoader.java:115)
	at org.springframework.test.context.cache.DefaultCacheAwareContextLoaderDelegate.loadContextInternal(DefaultCacheAwareContextLoaderDelegate.java:247)
	at org.springframework.test.context.cache.DefaultCacheAwareContextLoaderDelegate.lambda$loadContext$0(DefaultCacheAwareContextLoaderDelegate.java:167)
	... 86 more
Caused by: org.springframework.beans.factory.UnsatisfiedDependencyException: Error creating bean with name 'dataSourceScriptDatabaseInitializer' defined in class path resource [org/springframework/boot/jdbc/autoconfigure/DataSourceInitializationAutoConfiguration.class]: Unsatisfied dependency expressed through method 'dataSourceScriptDatabaseInitializer' parameter 0: Error creating bean with name 'dataSource' defined in class path resource [org/springframework/boot/jdbc/autoconfigure/DataSourceConfiguration$Hikari.class]: Failed to instantiate [com.zaxxer.hikari.HikariDataSource]: Factory method 'dataSource' threw exception with message: 'url' must start with "jdbc"
	at org.springframework.beans.factory.support.ConstructorResolver.createArgumentArray(ConstructorResolver.java:804)
	at org.springframework.beans.factory.support.ConstructorResolver.instantiateUsingFactoryMethod(ConstructorResolver.java:546)
	at org.springframework.beans.factory.support.AbstractAutowireCapableBeanFactory.instantiateUsingFactoryMethod(AbstractAutowireCapableBeanFactory.java:1362)
	at org.springframework.beans.factory.support.AbstractAutowireCapableBeanFactory.createBeanInstance(AbstractAutowireCapableBeanFactory.java:1194)
	at org.springframework.beans.factory.support.AbstractAutowireCapableBeanFactory.doCreateBean(AbstractAutowireCapableBeanFactory.java:565)
	at org.springframework.beans.factory.support.AbstractAutowireCapableBeanFactory.createBean(AbstractAutowireCapableBeanFactory.java:525)
	at org.springframework.beans.factory.support.AbstractBeanFactory.lambda$doGetBean$0(AbstractBeanFactory.java:333)
	at org.springframework.beans.factory.support.DefaultSingletonBeanRegistry.getSingleton(DefaultSingletonBeanRegistry.java:371)
	at org.springframework.beans.factory.support.AbstractBeanFactory.doGetBean(AbstractBeanFactory.java:331)
	at org.springframework.beans.factory.support.AbstractBeanFactory.getBean(AbstractBeanFactory.java:196)
	at org.springframework.beans.factory.support.AbstractBeanFactory.doGetBean(AbstractBeanFactory.java:309)
	... 101 more
Caused by: org.springframework.beans.factory.BeanCreationException: Error creating bean with name 'dataSource' defined in class path resource [org/springframework/boot/jdbc/autoconfigure/DataSourceConfiguration$Hikari.class]: Failed to instantiate [com.zaxxer.hikari.HikariDataSource]: Factory method 'dataSource' threw exception with message: 'url' must start with "jdbc"
	at org.springframework.beans.factory.support.ConstructorResolver.instantiate(ConstructorResolver.java:657)
	at org.springframework.beans.factory.support.ConstructorResolver.instantiateUsingFactoryMethod(ConstructorResolver.java:645)
	at org.springframework.beans.factory.support.AbstractAutowireCapableBeanFactory.instantiateUsingFactoryMethod(AbstractAutowireCapableBeanFactory.java:1362)
	at org.springframework.beans.factory.support.AbstractAutowireCapableBeanFactory.createBeanInstance(AbstractAutowireCapableBeanFactory.java:1194)
	at org.springframework.beans.factory.support.AbstractAutowireCapableBeanFactory.doCreateBean(AbstractAutowireCapableBeanFactory.java:565)
	at org.springframework.beans.factory.support.AbstractAutowireCapableBeanFactory.createBean(AbstractAutowireCapableBeanFactory.java:525)
	at org.springframework.beans.factory.support.AbstractBeanFactory.lambda$doGetBean$0(AbstractBeanFactory.java:333)
	at org.springframework.beans.factory.support.DefaultSingletonBeanRegistry.getSingleton(DefaultSingletonBeanRegistry.java:371)
	at org.springframework.beans.factory.support.AbstractBeanFactory.doGetBean(AbstractBeanFactory.java:331)
	at org.springframework.beans.factory.support.AbstractBeanFactory.getBean(AbstractBeanFactory.java:201)
	at org.springframework.beans.factory.support.DefaultListableBeanFactory.resolveBean(DefaultListableBeanFactory.java:1225)
	at org.springframework.beans.factory.support.DefaultListableBeanFactory.doResolveDependency(DefaultListableBeanFactory.java:1704)
	at org.springframework.beans.factory.support.DefaultListableBeanFactory.resolveDependency(DefaultListableBeanFactory.java:1651)
	at org.springframework.beans.factory.support.ConstructorResolver.resolveAutowiredArgument(ConstructorResolver.java:912)
	at org.springframework.beans.factory.support.ConstructorResolver.createArgumentArray(ConstructorResolver.java:791)
	... 111 more
Caused by: org.springframework.beans.BeanInstantiationException: Failed to instantiate [com.zaxxer.hikari.HikariDataSource]: Factory method 'dataSource' threw exception with message: 'url' must start with "jdbc"
	at org.springframework.beans.factory.support.SimpleInstantiationStrategy.lambda$instantiate$0(SimpleInstantiationStrategy.java:183)
	at org.springframework.beans.factory.support.SimpleInstantiationStrategy.instantiateWithFactoryMethod(SimpleInstantiationStrategy.java:72)
	at org.springframework.beans.factory.support.SimpleInstantiationStrategy.instantiate(SimpleInstantiationStrategy.java:152)
	at org.springframework.beans.factory.support.ConstructorResolver.instantiate(ConstructorResolver.java:653)
	... 125 more
Caused by: java.lang.IllegalArgumentException: 'url' must start with "jdbc"
	at org.springframework.util.Assert.isTrue(Assert.java:117)
	at org.springframework.boot.jdbc.DatabaseDriver.fromJdbcUrl(DatabaseDriver.java:314)
	at org.springframework.boot.jdbc.autoconfigure.DataSourceProperties.findDriverClassName(DataSourceProperties.java:193)
	at org.springframework.boot.jdbc.autoconfigure.DataSourceProperties.determineDriverClassName(DataSourceProperties.java:177)
	at org.springframework.boot.jdbc.autoconfigure.PropertiesJdbcConnectionDetails.getDriverClassName(PropertiesJdbcConnectionDetails.java:51)
	at org.springframework.boot.jdbc.autoconfigure.DataSourceConfiguration.createDataSource(DataSourceConfiguration.java:63)
	at org.springframework.boot.jdbc.autoconfigure.DataSourceConfiguration$Hikari.dataSource(DataSourceConfiguration.java:128)
	at java.base/jdk.internal.reflect.DirectMethodHandleAccessor.invoke(DirectMethodHandleAccessor.java:104)
	at java.base/java.lang.reflect.Method.invoke(Method.java:565)
	at org.springframework.beans.factory.support.SimpleInstantiationStrategy.lambda$instantiate$0(SimpleInstantiationStrategy.java:155)
	... 128 more
